start_KST,source,duration_s,moving_samples,median_deg,abs_p95_deg,max_abs_deg,stationary_before_median_deg,nearest_pair_dt_p95_ms
10/03 05:56:35,1003,39.49900794029236,1153,1.7232349470737254,2.170199868742543,2.3183078228124923,-0.48679441274881474,4.973745346069335
10/03 05:57:58,1003,35.89706587791443,1046,0.8994868406634227,1.2702899226153654,1.3517749826684777,-1.100887573093567,4.2729973793029785
10/03 05:59:18,1003,39.90156888961792,1165,1.1205044844017593,1.442310544841824,1.618207205127277,0.08294201133854981,5.926227569580078
10/03 06:01:11,1003,31.99799084663391,929,1.6198895059804188,2.318026524095667,2.4390191768980647,0.17362248233761046,4.838466644287105
10/03 06:39:20,1003,38.39883804321289,1120,1.9697208315576131,2.1890954187351737,2.2463480577728863,0.5615774368202856,2.269673347473143
10/05 23:42:31,1005,17.60050392150879,497,-7.748046479784502,11.9884165391452,12.068917985952673,-7.574163256488159,14.94708061218261
10/05 23:44:18,1005,37.897400856018066,1104,2.5960471757458325,3.3842502967975263,3.6175258337471314,1.5275805708252157,16.108036041259766
10/05 23:45:12,1005,37.63628911972046,1130,1.9683293008588836,2.385569042885337,2.521499138337762,,15.880513191223145
10/06 01:37:17,0137,39.11444091796875,1141,2.0857725488185235,2.8387937512230232,2.9631536679454973,0.07951028443157684,17.940044403076172
10/06 01:41:45,0141_0143,31.496459007263184,917,0.14678976824898002,0.9730387601220897,1.2037072597897325,-0.8194513749843355,18.90168190002441
10/06 01:43:02,0141_0143,30.244302988052368,877,0.6459688051597069,1.037531646224732,1.133871085294952,-1.360462080815343,20.440101623535156
10/06 02:14:29,0214_0215,25.79764413833618,743,1.850885191015794,2.329510984501513,2.5018093618919455,0.4527486680321391,18.032073974609375
10/06 02:15:40,0214_0215,33.115894079208374,962,0.6867841085068621,1.1846435759966203,1.3303691512108096,-1.1891200975250402,18.19430589675903
10/06 03:23:58,0323_0332,35.053723096847534,1020,1.3095664334419426,1.6923748041287552,1.888385367100535,0.28404103434218775,13.311874866485596
10/06 03:24:55,0323_0332,30.598151922225952,887,0.9717325212560746,1.492225010533089,1.6125626871251806,-0.31960206980810846,12.918853759765625
10/06 03:25:44,0323_0332,28.65676999092102,855,0.49866443470113087,1.0388509016630139,1.216803177865998,,14.11290168762207
10/06 03:26:49,0323_0332,29.35007095336914,850,0.5631617285433079,1.1202285847771918,1.1790057279713335,-0.8544107523307396,14.630043506622313
10/06 03:27:42,0323_0332,24.298793077468872,696,0.48560865020287347,1.4458776876583945,1.6698869603067998,-0.4113018632042383,15.231907367706299
10/06 03:28:30,0323_0332,30.21007800102234,874,0.38073983827808067,1.0405035245688916,1.1612114705846226,-0.2122416171987433,15.044379234313963
10/06 03:31:48,0323_0332,28.59874200820923,827,1.176549157846469,1.828252734405302,1.9147835968277906,0.7705886502751012,12.019872665405273
