receive_s,name,level,msg
1791448673.8235526,lower_tracking_mpc_node,20,MAVLink COMMAND_ACK command=187 result=0
1791448674.5399494,rgb_to_occupancy,20,"Published occupancy grid 128x128 data.size=16384 expected=16384 x[0.00, 40.00] y[-20.00, 20.00] res=0.3125"
1791448674.8235133,lower_tracking_mpc_node,20,MAVLink COMMAND_ACK command=187 result=0
1791448675.872953,lower_tracking_mpc_node,20,MAVLink COMMAND_ACK command=187 result=0
1791448676.5561018,rgb_to_occupancy,20,"Published occupancy grid 128x128 data.size=16384 expected=16384 x[0.00, 40.00] y[-20.00, 20.00] res=0.3125"
1791448676.8737633,lower_tracking_mpc_node,20,MAVLink COMMAND_ACK command=187 result=0
1791448676.9239671,lower_tracking_mpc_node,30,lower MPC state reset: path/mission/pose/reset event
1791448678.266279,px4_odom_map_bridge,30,PX4 source pose is stale: topic=/px4/sih/odom age=0.641 sec
1791448678.3246403,lower_tracking_mpc_node,20,goal stop applied: steer=0 throttle=0 brake=0.700 MAVLink neutral
1791448678.580861,rgb_to_occupancy,20,"Published occupancy grid 128x128 data.size=16384 expected=16384 x[0.00, 40.00] y[-20.00, 20.00] res=0.3125"
1791448679.423564,lower_tracking_mpc_node,20,goal stop applied: steer=0 throttle=0 brake=0.700 MAVLink neutral
1791448680.3663182,px4_odom_map_bridge,30,PX4 source pose is stale: topic=/px4/sih/odom age=2.741 sec
1791448680.4237266,lower_tracking_mpc_node,20,goal stop applied: steer=0 throttle=0 brake=0.700 MAVLink neutral
1791448680.581213,rgb_to_occupancy,20,"Published occupancy grid 128x128 data.size=16384 expected=16384 x[0.00, 40.00] y[-20.00, 20.00] res=0.3125"
1791448680.9016855,upper_planner_node,30,planner pose is stale
1791448681.5243888,lower_tracking_mpc_node,20,goal stop applied: steer=0 throttle=0 brake=0.700 MAVLink neutral
1791448681.9012363,upper_planner_node,30,planner pose is stale
1791448682.369803,px4_ekf_bridge,30,PX4 heartbeat timeout; waiting for reconnection
1791448682.4665136,px4_odom_map_bridge,30,PX4 source pose is stale: topic=/px4/sih/odom age=4.841 sec
1791448682.5240612,lower_tracking_mpc_node,20,goal stop applied: steer=0 throttle=0 brake=0.700 MAVLink neutral
1791448682.6095586,rgb_to_occupancy,20,"Published occupancy grid 128x128 data.size=16384 expected=16384 x[0.00, 40.00] y[-20.00, 20.00] res=0.3125"
1791448682.9012003,upper_planner_node,30,planner pose is stale
1791448683.6248617,lower_tracking_mpc_node,20,goal stop applied: steer=0 throttle=0 brake=0.700 MAVLink neutral
1791448684.4009886,upper_planner_node,30,planner pose is stale
1791448684.566824,px4_odom_map_bridge,30,PX4 source pose is stale: topic=/px4/sih/odom age=6.941 sec
1791448684.6405873,rgb_to_occupancy,20,"Published occupancy grid 128x128 data.size=16384 expected=16384 x[0.00, 40.00] y[-20.00, 20.00] res=0.3125"
1791448684.723868,lower_tracking_mpc_node,20,goal stop applied: steer=0 throttle=0 brake=0.700 MAVLink neutral
1791448685.4015396,upper_planner_node,30,planner pose is stale
1791448685.823616,lower_tracking_mpc_node,20,goal stop applied: steer=0 throttle=0 brake=0.700 MAVLink neutral
1791448686.6437695,rgb_to_occupancy,20,"Published occupancy grid 128x128 data.size=16384 expected=16384 x[0.00, 40.00] y[-20.00, 20.00] res=0.3125"
1791448686.6661196,px4_odom_map_bridge,30,PX4 source pose is stale: topic=/px4/sih/odom age=9.041 sec
1791448686.9013631,upper_planner_node,30,planner pose is stale
1791448686.9246104,lower_tracking_mpc_node,20,goal stop applied: steer=0 throttle=0 brake=0.700 MAVLink neutral
1791448687.6564534,knu_batch_runner,20,scenario1: pose_timeout 
1791448687.9013195,upper_planner_node,30,planner pose is stale
1791448688.0252485,lower_tracking_mpc_node,20,goal stop applied: steer=0 throttle=0 brake=0.700 MAVLink neutral
1791448688.6502533,rgb_to_occupancy,20,"Published occupancy grid 128x128 data.size=16384 expected=16384 x[0.00, 40.00] y[-20.00, 20.00] res=0.3125"
1791448688.7662477,px4_odom_map_bridge,30,PX4 source pose is stale: topic=/px4/sih/odom age=11.141 sec
1791448688.9012685,upper_planner_node,30,planner pose is stale
1791448689.1235318,lower_tracking_mpc_node,20,goal stop applied: steer=0 throttle=0 brake=0.700 MAVLink neutral
1791448689.9013114,upper_planner_node,30,planner pose is stale
1791448690.1251543,lower_tracking_mpc_node,20,goal stop applied: steer=0 throttle=0 brake=0.700 MAVLink neutral
1791448690.6545856,rgb_to_occupancy,20,"Published occupancy grid 128x128 data.size=16384 expected=16384 x[0.00, 40.00] y[-20.00, 20.00] res=0.3125"
1791448690.8662508,px4_odom_map_bridge,30,PX4 source pose is stale: topic=/px4/sih/odom age=13.241 sec
1791448690.9013832,upper_planner_node,30,planner pose is stale
1791448691.2240098,lower_tracking_mpc_node,20,goal stop applied: steer=0 throttle=0 brake=0.700 MAVLink neutral
1791448691.9017117,upper_planner_node,30,planner pose is stale
1791448692.324057,lower_tracking_mpc_node,20,goal stop applied: steer=0 throttle=0 brake=0.700 MAVLink neutral
1791448692.6625385,rgb_to_occupancy,20,"Published occupancy grid 128x128 data.size=16384 expected=16384 x[0.00, 40.00] y[-20.00, 20.00] res=0.3125"
1791448692.9017591,upper_planner_node,30,planner pose is stale
1791448692.96679,px4_odom_map_bridge,30,PX4 source pose is stale: topic=/px4/sih/odom age=15.342 sec
1791448693.3244352,lower_tracking_mpc_node,20,goal stop applied: steer=0 throttle=0 brake=0.700 MAVLink neutral
1791448693.901499,upper_planner_node,30,planner pose is stale
1791448694.424543,lower_tracking_mpc_node,20,goal stop applied: steer=0 throttle=0 brake=0.700 MAVLink neutral
1791448694.6713746,rgb_to_occupancy,20,"Published occupancy grid 128x128 data.size=16384 expected=16384 x[0.00, 40.00] y[-20.00, 20.00] res=0.3125"
1791448694.901726,upper_planner_node,30,planner pose is stale
1791448695.0668457,px4_odom_map_bridge,30,PX4 source pose is stale: topic=/px4/sih/odom age=17.442 sec
1791448695.524887,lower_tracking_mpc_node,20,goal stop applied: steer=0 throttle=0 brake=0.700 MAVLink neutral
1791448695.901868,upper_planner_node,30,planner pose is stale
1791448696.524462,lower_tracking_mpc_node,20,goal stop applied: steer=0 throttle=0 brake=0.700 MAVLink neutral
1791448696.6813848,rgb_to_occupancy,20,"Published occupancy grid 128x128 data.size=16384 expected=16384 x[0.00, 40.00] y[-20.00, 20.00] res=0.3125"
1791448697.166864,px4_odom_map_bridge,30,PX4 source pose is stale: topic=/px4/sih/odom age=19.542 sec
1791448697.4023998,upper_planner_node,30,planner pose is stale
1791448697.624222,lower_tracking_mpc_node,20,goal stop applied: steer=0 throttle=0 brake=0.700 MAVLink neutral
1791448698.6245313,lower_tracking_mpc_node,20,goal stop applied: steer=0 throttle=0 brake=0.700 MAVLink neutral
1791448698.6864927,rgb_to_occupancy,20,"Published occupancy grid 128x128 data.size=16384 expected=16384 x[0.00, 40.00] y[-20.00, 20.00] res=0.3125"
1791448698.9017937,upper_planner_node,30,planner pose is stale
1791448699.266961,px4_odom_map_bridge,30,PX4 source pose is stale: topic=/px4/sih/odom age=21.642 sec
1791448699.6245084,lower_tracking_mpc_node,20,goal stop applied: steer=0 throttle=0 brake=0.700 MAVLink neutral
1791448699.9017751,upper_planner_node,30,planner pose is stale
1791448700.6244802,lower_tracking_mpc_node,20,goal stop applied: steer=0 throttle=0 brake=0.700 MAVLink neutral
1791448700.695908,rgb_to_occupancy,20,"Published occupancy grid 128x128 data.size=16384 expected=16384 x[0.00, 40.00] y[-20.00, 20.00] res=0.3125"
1791448700.9025655,upper_planner_node,30,planner pose is stale
1791448701.3672347,px4_odom_map_bridge,30,PX4 source pose is stale: topic=/px4/sih/odom age=23.742 sec
1791448701.7243822,lower_tracking_mpc_node,20,goal stop applied: steer=0 throttle=0 brake=0.700 MAVLink neutral
1791448701.9019594,upper_planner_node,30,planner pose is stale
1791448702.7050724,rgb_to_occupancy,20,"Published occupancy grid 128x128 data.size=16384 expected=16384 x[0.00, 40.00] y[-20.00, 20.00] res=0.3125"
1791448702.7248008,lower_tracking_mpc_node,20,goal stop applied: steer=0 throttle=0 brake=0.700 MAVLink neutral
1791448702.9022446,upper_planner_node,30,planner pose is stale
1791448703.4671297,px4_odom_map_bridge,30,PX4 source pose is stale: topic=/px4/sih/odom age=25.842 sec
1791448703.7248597,lower_tracking_mpc_node,20,goal stop applied: steer=0 throttle=0 brake=0.700 MAVLink neutral
1791448704.4022672,upper_planner_node,30,planner pose is stale
1791448704.7137525,rgb_to_occupancy,20,"Published occupancy grid 128x128 data.size=16384 expected=16384 x[0.00, 40.00] y[-20.00, 20.00] res=0.3125"
1791448704.7246838,lower_tracking_mpc_node,20,goal stop applied: steer=0 throttle=0 brake=0.700 MAVLink neutral
1791448705.4019947,upper_planner_node,30,planner pose is stale
1791448705.5677156,px4_odom_map_bridge,30,PX4 source pose is stale: topic=/px4/sih/odom age=27.942 sec
1791448705.7258072,lower_tracking_mpc_node,20,goal stop applied: steer=0 throttle=0 brake=0.700 MAVLink neutral
1791448706.4030225,upper_planner_node,30,planner pose is stale
1791448706.7269275,rgb_to_occupancy,20,"Published occupancy grid 128x128 data.size=16384 expected=16384 x[0.00, 40.00] y[-20.00, 20.00] res=0.3125"
1791448706.824662,lower_tracking_mpc_node,20,goal stop applied: steer=0 throttle=0 brake=0.700 MAVLink neutral
1791448707.6676424,px4_odom_map_bridge,30,PX4 source pose is stale: topic=/px4/sih/odom age=30.042 sec
1791448707.9025638,upper_planner_node,30,planner pose is stale
1791448707.9246676,lower_tracking_mpc_node,20,goal stop applied: steer=0 throttle=0 brake=0.700 MAVLink neutral
1791448708.7307572,rgb_to_occupancy,20,"Published occupancy grid 128x128 data.size=16384 expected=16384 x[0.00, 40.00] y[-20.00, 20.00] res=0.3125"
1791448708.9252071,lower_tracking_mpc_node,20,goal stop applied: steer=0 throttle=0 brake=0.700 MAVLink neutral
1791448709.4022279,upper_planner_node,30,planner pose is stale
1791448709.7673848,px4_odom_map_bridge,30,PX4 source pose is stale: topic=/px4/sih/odom age=32.142 sec
1791448710.0246444,lower_tracking_mpc_node,20,goal stop applied: steer=0 throttle=0 brake=0.700 MAVLink neutral
1791448710.4025428,upper_planner_node,30,planner pose is stale
1791448710.740385,rgb_to_occupancy,20,"Published occupancy grid 128x128 data.size=16384 expected=16384 x[0.00, 40.00] y[-20.00, 20.00] res=0.3125"
1791448711.0248082,lower_tracking_mpc_node,20,goal stop applied: steer=0 throttle=0 brake=0.700 MAVLink neutral
1791448711.4022517,upper_planner_node,30,planner pose is stale
1791448711.8674312,px4_odom_map_bridge,30,PX4 source pose is stale: topic=/px4/sih/odom age=34.242 sec
1791448712.1246388,lower_tracking_mpc_node,20,goal stop applied: steer=0 throttle=0 brake=0.700 MAVLink neutral
1791448712.7687764,rgb_to_occupancy,20,"Published occupancy grid 128x128 data.size=16384 expected=16384 x[0.00, 40.00] y[-20.00, 20.00] res=0.3125"
1791448712.903073,upper_planner_node,30,planner pose is stale
1791448713.1251662,lower_tracking_mpc_node,20,goal stop applied: steer=0 throttle=0 brake=0.700 MAVLink neutral
1791448713.967604,px4_odom_map_bridge,30,PX4 source pose is stale: topic=/px4/sih/odom age=36.342 sec
1791448714.2248204,lower_tracking_mpc_node,20,goal stop applied: steer=0 throttle=0 brake=0.700 MAVLink neutral
1791448714.402318,upper_planner_node,30,planner pose is stale
1791448714.7779546,rgb_to_occupancy,20,"Published occupancy grid 128x128 data.size=16384 expected=16384 x[0.00, 40.00] y[-20.00, 20.00] res=0.3125"
1791448715.3247626,lower_tracking_mpc_node,20,goal stop applied: steer=0 throttle=0 brake=0.700 MAVLink neutral
1791448715.3758707,lower_tracking_mpc_node,20,MAVLink COMMAND_ACK command=187 result=0
1791448715.3849182,px4_ekf_bridge,30,SIH heading check: missing_or_stale_sih (EKF-SIH=None deg); pose output blocked
1791448715.40216,px4_ekf_bridge,30,SIH heading check: settling (EKF-SIH=1.0038605771966667 deg); pose output blocked
1791448715.4059184,upper_planner_node,30,planner pose is stale
1791448715.5576859,px4_ekf_bridge,20,PX4 heartbeat detected: target=1:1
1791448715.574856,lower_tracking_mpc_node,30,PX4 STATUSTEXT severity=6 text=GCS connection regained	
1791448715.5782044,px4_ekf_bridge,20,PX4: GCS connection regained	
1791448715.6188445,px4_ekf_bridge,20,Requested PX4 LOCAL_POSITION_NED at 30.0 Hz
1791448715.6206055,px4_ekf_bridge,20,Requested PX4 ATTITUDE at 30.0 Hz
1791448715.6221836,px4_ekf_bridge,20,Requested PX4 HIL_STATE_QUATERNION at 30.0 Hz
1791448716.0671306,px4_odom_map_bridge,30,PX4 source pose is stale: topic=/px4/sih/odom age=38.442 sec
1791448716.3261838,lower_tracking_mpc_node,20,goal stop applied: steer=0 throttle=0 brake=0.700 MAVLink neutral
1791448716.4255757,lower_tracking_mpc_node,20,MAVLink COMMAND_ACK command=187 result=0
1791448716.803999,rgb_to_occupancy,20,"Published occupancy grid 128x128 data.size=16384 expected=16384 x[0.00, 40.00] y[-20.00, 20.00] res=0.3125"
1791448716.9038782,upper_planner_node,30,planner pose is stale
1791448717.4103558,px4_ekf_bridge,30,SIH heading check: ok (EKF-SIH=-0.33283455805487244 deg); pose output enabled
1791448717.4253666,lower_tracking_mpc_node,30,lower MPC state reset: path/mission/pose/reset event
1791448717.4282453,lower_tracking_mpc_node,20,goal stop applied: steer=0 throttle=0 brake=0.700 MAVLink neutral
1791448717.4759164,lower_tracking_mpc_node,20,MAVLink COMMAND_ACK command=187 result=0
1791448717.9066947,upper_planner_node,30,egocentric MIQP failed: status=DAQP direct corridor QP infeasible: tried=4 solve_ms=0.614; retaining last published path
