stamp_ros_s,speed_mps,mode,command_rad_equivalent
1791448673.7243187,6.25445049738133,0,-0.0005262707709334791
1791448673.8248715,6.363061631748838,0,-0.002261019987054169
1791448673.9242618,6.073281621713532,0,0.002820638148114085
1791448674.0243149,5.957119149296722,0,0.005838685948401689
1791448674.1246111,6.409975436564896,0,0.008089963067322969
1791448674.2242157,6.0581520695720705,0,0.009099513851106166
1791448674.3241985,6.3315660431671255,0,0.009180775750428437
1791448674.4253876,6.353988752610227,0,0.005520225409418344
1791448674.5242214,6.306722330077102,0,0.0014998557046055792
1791448674.6243227,6.184908302049098,0,-0.002392723993398249
1791448674.7243428,6.415703503385131,0,-0.006819159537553787
1791448674.8250146,6.081931479147657,0,-0.01062634428963065
1791448674.9243696,6.282035648688227,0,-0.01662976276129484
1791448675.0234306,6.425674777299789,0,-0.021484604664146898
1791448675.1240232,6.318294859930872,0,-0.02417057678103447
1791448675.2242067,6.145454036912122,0,-0.025574558973312376
1791448675.324443,5.99052878714078,0,-0.02569409869611263
1791448675.4242778,6.0968330519539,0,-0.026435210555791854
1791448675.524464,6.411005678071281,0,-0.026198686659336088
1791448675.624198,6.327967790461075,0,-0.025255553424358368
1791448675.724066,6.066915078515131,0,-0.02435886077582836
1791448675.8242998,6.378794937963914,0,-0.022253648936748503
1791448675.9242814,6.3683120622176075,0,-0.020770245231688023
1791448676.0234196,6.207938270745226,0,-0.019160194508731365
1791448676.1243289,5.941539034168706,0,-0.01673986129462719
1791448676.224517,6.4208980447525565,0,-0.01277258899062872
1791448676.3244436,6.084371526233037,0,-0.009218704793602227
1791448676.4241571,6.316060567372563,0,-0.0055606578476727
1791448676.5258625,6.307449216026828,0,-0.002677800063975155
1791448676.6243353,6.289631182579492,0,-0.00015556565194856374
1791448676.7248998,6.257165900014391,0,0.0015866192057728767
1791448676.8243802,6.364384311946755,0,0.0032060498371720312
1791448676.9248025,6.355753450104998,0,-0.01865610983222723
1791448677.0248518,6.245238962605384,0,-0.030900331214070317
1791448677.1244543,6.277234864278821,0,-0.03753584325313568
1791448677.224298,6.022356811295018,0,-0.040473757311701775
1791448677.3242323,6.174355971485742,0,-0.040262963622808456
1791448677.4244823,6.296203804672864,0,-0.045889745652675624
1791448677.524434,6.1418382562112415,0,-0.04855653941631317
1791448677.6242893,5.732607305680005,0,-0.04902776703238487
1791448677.7240057,5.896219164296396,0,-0.0474262461066246
1791448677.8236115,5.896219164296396,0,-0.045122642815113065
1791448677.923767,5.896219164296396,0,-0.04502178728580475
1791448678.0238378,5.896219164296396,0,-0.04414448291063308
1791448678.1238666,5.896219164296396,0,-0.04290382899343967
1791448678.2238164,5.896219164296396,0,-0.04157893843948841
1791448678.323477,5.896219164296396,4,0.0
1791448678.422955,5.896219164296396,4,0.0
1791448678.5230765,5.896219164296396,4,0.0
1791448678.6230397,5.896219164296396,4,0.0
1791448678.7228901,5.896219164296396,4,0.0
1791448678.8229215,5.896219164296396,4,0.0
1791448678.9228053,5.896219164296396,4,0.0
1791448679.0228465,5.896219164296396,4,0.0
1791448679.1230006,5.896219164296396,4,0.0
1791448679.2228858,5.896219164296396,4,0.0
1791448679.3227806,5.896219164296396,4,0.0
1791448679.4228663,5.896219164296396,4,0.0
1791448679.5229023,5.896219164296396,4,0.0
1791448679.6228116,5.896219164296396,4,0.0
1791448679.723155,5.896219164296396,4,0.0
1791448679.8229077,5.896219164296396,4,0.0
1791448679.9229548,5.896219164296396,4,0.0
1791448680.0230076,5.896219164296396,4,0.0
1791448680.1229963,5.896219164296396,4,0.0
1791448680.222858,5.896219164296396,4,0.0
1791448680.3229544,5.896219164296396,4,0.0
1791448680.422895,5.896219164296396,4,0.0
1791448680.5229359,5.896219164296396,4,0.0
1791448680.6230257,5.896219164296396,4,0.0
1791448680.723027,5.896219164296396,4,0.0
1791448680.8228202,5.896219164296396,4,0.0
1791448680.922862,5.896219164296396,4,0.0
1791448681.0228415,5.896219164296396,4,0.0
1791448681.1228306,5.896219164296396,4,0.0
1791448681.2230053,5.896219164296396,4,0.0
1791448681.3229005,5.896219164296396,4,0.0
1791448681.4228373,5.896219164296396,4,0.0
1791448681.5227911,5.896219164296396,4,0.0
1791448681.6229167,5.896219164296396,4,0.0
1791448681.7229939,5.896219164296396,4,0.0
1791448681.8228514,5.896219164296396,4,0.0
1791448681.9229739,5.896219164296396,4,0.0
1791448682.022823,5.896219164296396,4,0.0
1791448682.1230824,5.896219164296396,4,0.0
1791448682.2230418,5.896219164296396,4,0.0
1791448682.3230329,5.896219164296396,4,0.0
1791448682.4231186,5.896219164296396,4,0.0
1791448682.523259,5.896219164296396,4,0.0
1791448682.623071,5.896219164296396,4,0.0
1791448682.7231386,5.896219164296396,4,0.0
1791448682.8230479,5.896219164296396,4,0.0
1791448682.9231093,5.896219164296396,4,0.0
1791448683.0230508,5.896219164296396,4,0.0
1791448683.1232693,5.896219164296396,4,0.0
1791448683.2230482,5.896219164296396,4,0.0
1791448683.323078,5.896219164296396,4,0.0
1791448683.423061,5.896219164296396,4,0.0
1791448683.5228846,5.896219164296396,4,0.0
1791448683.6235912,5.896219164296396,4,0.0
1791448683.7230484,5.896219164296396,4,0.0
1791448683.8231087,5.896219164296396,4,0.0
1791448683.9237292,5.896219164296396,4,0.0
1791448684.0236971,5.896219164296396,4,0.0
1791448684.123066,5.896219164296396,4,0.0
1791448684.2230985,5.896219164296396,4,0.0
1791448684.3229685,5.896219164296396,4,0.0
1791448684.4229696,5.896219164296396,4,0.0
1791448684.5230267,5.896219164296396,4,0.0
1791448684.623129,5.896219164296396,4,0.0
1791448684.723225,5.896219164296396,4,0.0
1791448684.8230925,5.896219164296396,4,0.0
1791448684.923136,5.896219164296396,4,0.0
1791448685.0230536,5.896219164296396,4,0.0
1791448685.1231234,5.896219164296396,4,0.0
1791448685.2230816,5.896219164296396,4,0.0
1791448685.3232424,5.896219164296396,4,0.0
1791448685.4231093,5.896219164296396,4,0.0
1791448685.5231442,5.896219164296396,4,0.0
1791448685.6230645,5.896219164296396,4,0.0
1791448685.723051,5.896219164296396,4,0.0
1791448685.8231447,5.896219164296396,4,0.0
1791448685.9233491,5.896219164296396,4,0.0
1791448686.0234034,5.896219164296396,4,0.0
1791448686.122957,5.896219164296396,4,0.0
1791448686.2232652,5.896219164296396,4,0.0
1791448686.3232393,5.896219164296396,4,0.0
1791448686.423091,5.896219164296396,4,0.0
1791448686.5230906,5.896219164296396,4,0.0
1791448686.6230705,5.896219164296396,4,0.0
1791448686.723155,5.896219164296396,4,0.0
1791448686.8231235,5.896219164296396,4,0.0
1791448686.9237025,5.896219164296396,4,0.0
1791448687.0239935,5.896219164296396,4,0.0
1791448687.1229737,5.896219164296396,4,0.0
1791448687.2231212,5.896219164296396,4,0.0
1791448687.323197,5.896219164296396,4,0.0
1791448687.4231334,5.896219164296396,4,0.0
1791448687.5231168,5.896219164296396,4,0.0
1791448687.6230845,5.896219164296396,4,0.0
1791448687.7231429,5.896219164296396,4,0.0
1791448687.8231354,5.896219164296396,4,0.0
1791448687.923118,5.896219164296396,4,0.0
1791448688.023809,5.896219164296396,4,0.0
1791448688.1230254,5.896219164296396,4,0.0
1791448688.2231534,5.896219164296396,4,0.0
1791448688.3231957,5.896219164296396,4,0.0
1791448688.4231477,5.896219164296396,4,0.0
1791448688.5231407,5.896219164296396,4,0.0
1791448688.6232133,5.896219164296396,4,0.0
1791448688.72336,5.896219164296396,4,0.0
1791448688.8231478,5.896219164296396,4,0.0
1791448688.9232442,5.896219164296396,4,0.0
1791448689.0233672,5.896219164296396,4,0.0
1791448689.123049,5.896219164296396,4,0.0
1791448689.223127,5.896219164296396,4,0.0
1791448689.323256,5.896219164296396,4,0.0
1791448689.423306,5.896219164296396,4,0.0
1791448689.5231986,5.896219164296396,4,0.0
1791448689.6231642,5.896219164296396,4,0.0
1791448689.7231464,5.896219164296396,4,0.0
1791448689.823255,5.896219164296396,4,0.0
1791448689.9232595,5.896219164296396,4,0.0
1791448690.0237029,5.896219164296396,4,0.0
1791448690.1238618,5.896219164296396,4,0.0
1791448690.2230625,5.896219164296396,4,0.0
1791448690.3232374,5.896219164296396,4,0.0
1791448690.423288,5.896219164296396,4,0.0
1791448690.5233057,5.896219164296396,4,0.0
1791448690.6232045,5.896219164296396,4,0.0
1791448690.7232401,5.896219164296396,4,0.0
1791448690.8232524,5.896219164296396,4,0.0
1791448690.923304,5.896219164296396,4,0.0
1791448691.023549,5.896219164296396,4,0.0
1791448691.1234963,5.896219164296396,4,0.0
1791448691.223365,5.896219164296396,4,0.0
1791448691.32376,5.896219164296396,4,0.0
1791448691.4236708,5.896219164296396,4,0.0
1791448691.52345,5.896219164296396,4,0.0
1791448691.6233687,5.896219164296396,4,0.0
1791448691.7233126,5.896219164296396,4,0.0
1791448691.8233035,5.896219164296396,4,0.0
1791448691.923349,5.896219164296396,4,0.0
1791448692.023456,5.896219164296396,4,0.0
1791448692.1234076,5.896219164296396,4,0.0
1791448692.2233007,5.896219164296396,4,0.0
1791448692.3232834,5.896219164296396,4,0.0
1791448692.4233556,5.896219164296396,4,0.0
1791448692.523715,5.896219164296396,4,0.0
1791448692.6238234,5.896219164296396,4,0.0
1791448692.723759,5.896219164296396,4,0.0
1791448692.8236647,5.896219164296396,4,0.0
1791448692.9234715,5.896219164296396,4,0.0
1791448693.0234034,5.896219164296396,4,0.0
1791448693.1234145,5.896219164296396,4,0.0
1791448693.2234032,5.896219164296396,4,0.0
1791448693.3233514,5.896219164296396,4,0.0
1791448693.4234672,5.896219164296396,4,0.0
1791448693.5234396,5.896219164296396,4,0.0
1791448693.623443,5.896219164296396,4,0.0
1791448693.723391,5.896219164296396,4,0.0
1791448693.8232903,5.896219164296396,4,0.0
1791448693.923671,5.896219164296396,4,0.0
1791448694.0234482,5.896219164296396,4,0.0
1791448694.123481,5.896219164296396,4,0.0
1791448694.2234209,5.896219164296396,4,0.0
1791448694.323335,5.896219164296396,4,0.0
1791448694.4234922,5.896219164296396,4,0.0
1791448694.5234082,5.896219164296396,4,0.0
1791448694.623416,5.896219164296396,4,0.0
1791448694.7234232,5.896219164296396,4,0.0
1791448694.8235009,5.896219164296396,4,0.0
1791448694.9234612,5.896219164296396,4,0.0
1791448695.0234911,5.896219164296396,4,0.0
1791448695.123522,5.896219164296396,4,0.0
1791448695.2234576,5.896219164296396,4,0.0
1791448695.323483,5.896219164296396,4,0.0
1791448695.423489,5.896219164296396,4,0.0
1791448695.5236626,5.896219164296396,4,0.0
1791448695.6235425,5.896219164296396,4,0.0
1791448695.7235253,5.896219164296396,4,0.0
1791448695.8234673,5.896219164296396,4,0.0
1791448695.9235048,5.896219164296396,4,0.0
1791448696.023454,5.896219164296396,4,0.0
1791448696.1235247,5.896219164296396,4,0.0
1791448696.223524,5.896219164296396,4,0.0
1791448696.3235247,5.896219164296396,4,0.0
1791448696.4235206,5.896219164296396,4,0.0
1791448696.5236895,5.896219164296396,4,0.0
1791448696.6235964,5.896219164296396,4,0.0
1791448696.7234507,5.896219164296396,4,0.0
1791448696.8234525,5.896219164296396,4,0.0
1791448696.9233902,5.896219164296396,4,0.0
1791448697.0233924,5.896219164296396,4,0.0
1791448697.1235664,5.896219164296396,4,0.0
1791448697.2235498,5.896219164296396,4,0.0
1791448697.3234348,5.896219164296396,4,0.0
1791448697.423522,5.896219164296396,4,0.0
1791448697.5235689,5.896219164296396,4,0.0
1791448697.623494,5.896219164296396,4,0.0
1791448697.7236373,5.896219164296396,4,0.0
1791448697.8237197,5.896219164296396,4,0.0
1791448697.9236891,5.896219164296396,4,0.0
1791448698.0235755,5.896219164296396,4,0.0
1791448698.1237266,5.896219164296396,4,0.0
1791448698.2235959,5.896219164296396,4,0.0
1791448698.3237107,5.896219164296396,4,0.0
1791448698.4236443,5.896219164296396,4,0.0
1791448698.523616,5.896219164296396,4,0.0
1791448698.6235974,5.896219164296396,4,0.0
1791448698.7236094,5.896219164296396,4,0.0
1791448698.8235831,5.896219164296396,4,0.0
1791448698.9237163,5.896219164296396,4,0.0
1791448699.023537,5.896219164296396,4,0.0
1791448699.1235573,5.896219164296396,4,0.0
1791448699.2236083,5.896219164296396,4,0.0
1791448699.3235686,5.896219164296396,4,0.0
1791448699.423579,5.896219164296396,4,0.0
1791448699.523581,5.896219164296396,4,0.0
1791448699.6236935,5.896219164296396,4,0.0
1791448699.7236512,5.896219164296396,4,0.0
1791448699.823614,5.896219164296396,4,0.0
1791448699.9235933,5.896219164296396,4,0.0
1791448700.0235927,5.896219164296396,4,0.0
1791448700.1237426,5.896219164296396,4,0.0
1791448700.2236528,5.896219164296396,4,0.0
1791448700.3236022,5.896219164296396,4,0.0
1791448700.4234827,5.896219164296396,4,0.0
1791448700.5235677,5.896219164296396,4,0.0
1791448700.6237144,5.896219164296396,4,0.0
1791448700.7238016,5.896219164296396,4,0.0
1791448700.8236597,5.896219164296396,4,0.0
1791448700.9236696,5.896219164296396,4,0.0
1791448701.023641,5.896219164296396,4,0.0
1791448701.1236112,5.896219164296396,4,0.0
1791448701.2236078,5.896219164296396,4,0.0
1791448701.3237116,5.896219164296396,4,0.0
1791448701.423676,5.896219164296396,4,0.0
1791448701.5236878,5.896219164296396,4,0.0
1791448701.6236289,5.896219164296396,4,0.0
1791448701.7236896,5.896219164296396,4,0.0
1791448701.8236609,5.896219164296396,4,0.0
1791448701.9236877,5.896219164296396,4,0.0
1791448702.0236626,5.896219164296396,4,0.0
1791448702.123669,5.896219164296396,4,0.0
1791448702.2236674,5.896219164296396,4,0.0
1791448702.3236766,5.896219164296396,4,0.0
1791448702.4236283,5.896219164296396,4,0.0
1791448702.5236788,5.896219164296396,4,0.0
1791448702.623643,5.896219164296396,4,0.0
1791448702.7236986,5.896219164296396,4,0.0
1791448702.8237393,5.896219164296396,4,0.0
1791448702.9239821,5.896219164296396,4,0.0
1791448703.0237527,5.896219164296396,4,0.0
1791448703.12365,5.896219164296396,4,0.0
1791448703.22381,5.896219164296396,4,0.0
1791448703.323688,5.896219164296396,4,0.0
1791448703.4236853,5.896219164296396,4,0.0
1791448703.5237467,5.896219164296396,4,0.0
1791448703.6238065,5.896219164296396,4,0.0
1791448703.723864,5.896219164296396,4,0.0
1791448703.82387,5.896219164296396,4,0.0
1791448703.9238887,5.896219164296396,4,0.0
1791448704.0237312,5.896219164296396,4,0.0
1791448704.123736,5.896219164296396,4,0.0
1791448704.2236388,5.896219164296396,4,0.0
1791448704.3236334,5.896219164296396,4,0.0
1791448704.4237149,5.896219164296396,4,0.0
1791448704.5239503,5.896219164296396,4,0.0
1791448704.623858,5.896219164296396,4,0.0
1791448704.7239256,5.896219164296396,4,0.0
1791448704.823936,5.896219164296396,4,0.0
1791448704.9237041,5.896219164296396,4,0.0
1791448705.023749,5.896219164296396,4,0.0
1791448705.1237438,5.896219164296396,4,0.0
1791448705.2238119,5.896219164296396,4,0.0
1791448705.3237784,5.896219164296396,4,0.0
1791448705.423881,5.896219164296396,4,0.0
1791448705.5245621,5.896219164296396,4,0.0
1791448705.6237578,5.896219164296396,4,0.0
1791448705.7238853,5.896219164296396,4,0.0
1791448705.823806,5.896219164296396,4,0.0
1791448705.9237146,5.896219164296396,4,0.0
1791448706.0237138,5.896219164296396,4,0.0
1791448706.123861,5.896219164296396,4,0.0
1791448706.2241693,5.896219164296396,4,0.0
1791448706.324074,5.896219164296396,4,0.0
1791448706.4241185,5.896219164296396,4,0.0
1791448706.5238624,5.896219164296396,4,0.0
1791448706.6237953,5.896219164296396,4,0.0
1791448706.723817,5.896219164296396,4,0.0
1791448706.8238738,5.896219164296396,4,0.0
1791448706.92381,5.896219164296396,4,0.0
1791448707.0237372,5.896219164296396,4,0.0
1791448707.1237512,5.896219164296396,4,0.0
1791448707.223763,5.896219164296396,4,0.0
1791448707.3240712,5.896219164296396,4,0.0
1791448707.4238684,5.896219164296396,4,0.0
1791448707.5238223,5.896219164296396,4,0.0
1791448707.6237717,5.896219164296396,4,0.0
1791448707.7237859,5.896219164296396,4,0.0
1791448707.8238695,5.896219164296396,4,0.0
1791448707.9239266,5.896219164296396,4,0.0
1791448708.0238402,5.896219164296396,4,0.0
1791448708.123938,5.896219164296396,4,0.0
1791448708.2238948,5.896219164296396,4,0.0
1791448708.323936,5.896219164296396,4,0.0
1791448708.4240043,5.896219164296396,4,0.0
1791448708.5238605,5.896219164296396,4,0.0
1791448708.624012,5.896219164296396,4,0.0
1791448708.7238908,5.896219164296396,4,0.0
1791448708.8239367,5.896219164296396,4,0.0
1791448708.924283,5.896219164296396,4,0.0
1791448709.0239315,5.896219164296396,4,0.0
1791448709.1239567,5.896219164296396,4,0.0
1791448709.22393,5.896219164296396,4,0.0
1791448709.3238535,5.896219164296396,4,0.0
1791448709.4239595,5.896219164296396,4,0.0
1791448709.523942,5.896219164296396,4,0.0
1791448709.6239915,5.896219164296396,4,0.0
1791448709.723913,5.896219164296396,4,0.0
1791448709.8240252,5.896219164296396,4,0.0
1791448709.923947,5.896219164296396,4,0.0
1791448710.023927,5.896219164296396,4,0.0
1791448710.123989,5.896219164296396,4,0.0
1791448710.2239013,5.896219164296396,4,0.0
1791448710.3239942,5.896219164296396,4,0.0
1791448710.4239206,5.896219164296396,4,0.0
1791448710.523947,5.896219164296396,4,0.0
1791448710.623912,5.896219164296396,4,0.0
1791448710.7240276,5.896219164296396,4,0.0
1791448710.8239434,5.896219164296396,4,0.0
1791448710.923972,5.896219164296396,4,0.0
1791448711.0240254,5.896219164296396,4,0.0
1791448711.1239684,5.896219164296396,4,0.0
1791448711.2239966,5.896219164296396,4,0.0
1791448711.3239868,5.896219164296396,4,0.0
1791448711.4239895,5.896219164296396,4,0.0
1791448711.5239367,5.896219164296396,4,0.0
1791448711.624021,5.896219164296396,4,0.0
1791448711.7243888,5.896219164296396,4,0.0
1791448711.823799,5.896219164296396,4,0.0
1791448711.9241078,5.896219164296396,4,0.0
1791448712.0239024,5.896219164296396,4,0.0
1791448712.1238892,5.896219164296396,4,0.0
1791448712.2239308,5.896219164296396,4,0.0
1791448712.3239117,5.896219164296396,4,0.0
1791448712.4238453,5.896219164296396,4,0.0
1791448712.523846,5.896219164296396,4,0.0
1791448712.623879,5.896219164296396,4,0.0
1791448712.723914,5.896219164296396,4,0.0
1791448712.823864,5.896219164296396,4,0.0
1791448712.924205,5.896219164296396,4,0.0
1791448713.0238943,5.896219164296396,4,0.0
1791448713.1239603,5.896219164296396,4,0.0
1791448713.223979,5.896219164296396,4,0.0
1791448713.3240316,5.896219164296396,4,0.0
1791448713.4239697,5.896219164296396,4,0.0
1791448713.5239809,5.896219164296396,4,0.0
1791448713.6240382,5.896219164296396,4,0.0
1791448713.724001,5.896219164296396,4,0.0
1791448713.82395,5.896219164296396,4,0.0
1791448713.9241738,5.896219164296396,4,0.0
1791448714.0240822,5.896219164296396,4,0.0
1791448714.1239018,5.896219164296396,4,0.0
1791448714.2241235,5.896219164296396,4,0.0
1791448714.3241374,5.896219164296396,4,0.0
1791448714.4241796,5.896219164296396,4,0.0
1791448714.524107,5.896219164296396,4,0.0
1791448714.624073,5.896219164296396,4,0.0
1791448714.7240624,5.896219164296396,4,0.0
1791448714.8239915,5.896219164296396,4,0.0
1791448714.9241245,5.896219164296396,4,0.0
1791448715.0241406,5.896219164296396,4,0.0
1791448715.124183,5.896219164296396,4,0.0
1791448715.2241356,5.896219164296396,4,0.0
1791448715.3240805,5.896219164296396,4,0.0
1791448715.4243515,5.896219164296396,4,0.0
1791448715.5249298,5.896219164296396,4,0.0
1791448715.6243505,5.896219164296396,4,0.0
1791448715.724711,5.896219164296396,4,0.0
1791448715.8243597,5.896219164296396,4,0.0
1791448715.9242954,5.896219164296396,4,0.0
1791448716.024609,5.896219164296396,4,0.0
1791448716.1246805,5.896219164296396,4,0.0
1791448716.2245693,5.896219164296396,4,0.0
1791448716.324803,5.896219164296396,4,0.0
1791448716.4256365,5.896219164296396,4,0.0
1791448716.5247083,5.896219164296396,4,0.0
1791448716.6248422,5.896219164296396,4,0.0
1791448716.7247903,5.896219164296396,4,0.0
1791448716.8247283,5.896219164296396,4,0.0
1791448716.9248495,5.896219164296396,4,0.0
1791448717.0248883,5.896219164296396,4,0.0
1791448717.1248114,5.896219164296396,4,0.0
1791448717.2246451,5.896219164296396,4,0.0
1791448717.3247528,5.896219164296396,4,0.0
1791448717.4264715,0.0,4,0.0
1791448717.5246189,0.057360668231883016,4,0.0
1791448717.6247258,0.040102281708927386,4,0.0
1791448717.7245905,0.0196433989060998,4,0.0
1791448717.824653,0.02992811721323327,4,0.0
1791448717.9246233,0.038518065701635296,4,0.0
1791448718.0243037,0.09432473515452071,4,0.0
1791448718.1248527,0.12922190890234736,4,0.0
1791448718.2245076,0.10195614610618295,4,0.0
1791448718.3245804,0.08562882353148729,4,0.0
