receive_s,x_m,y_m,yaw_rad
1791448673.6599143,127.90868460125442,-98.74945701245043,2.0614957053588503
1791448673.6898062,127.81573866333657,-98.584801567212,2.0618347365783327
1791448673.7253838,127.72297881496992,-98.4200949010605,2.0615805823730105
1791448673.7595167,127.59829595126622,-98.20057526329788,2.061591788046228
1791448673.7892706,127.50437483004195,-98.0358679351604,2.0618123252318967
1791448673.824609,127.41132645029796,-97.87084031081964,2.0623454291747683
1791448673.8555617,127.28815500177184,-97.65048426305584,2.0621337134765256
1791448673.8948216,127.19623288737834,-97.48496646636667,2.061979218237268
1791448673.9246337,127.07424865315936,-97.26412348893562,2.062427922003137
1791448673.960709,126.98375430621843,-97.09819268226063,2.0626846988128293
1791448673.995877,126.89362565301741,-96.93228133167278,2.0628890235351194
1791448674.0241873,126.80312806339528,-96.76641147395446,2.062792225592004
1791448674.0592606,126.68289255481811,-96.54486695516026,2.0626002986358274
1791448674.089924,126.59331892758937,-96.37886289078985,2.062534733526575
1791448674.1242762,126.50336339321471,-96.21314411511555,2.0625714499877565
1791448674.1549964,126.38273300676688,-95.99212868084409,2.063165112249719
1791448674.1949813,126.29228988073903,-95.82638396372026,2.0631798942016233
1791448674.2246826,126.17152786833431,-95.60554489095638,2.0630830962585085
1791448674.2584095,126.07999348446309,-95.44078118051539,2.0628489692138303
1791448674.2916708,125.98862573405589,-95.27633194290125,2.0631946761535276
1791448674.3243864,125.89787720125877,-95.11173228522907,2.0635790069030393
1791448674.3590832,125.77679356867883,-94.8923430167001,2.063332243673669
1791448674.389966,125.68339828929611,-94.7280915153899,2.0633920867370237
1791448674.4250093,125.59030775469662,-94.56385622748567,2.063463135473596
1791448674.4544926,125.46639128597991,-94.34486633623177,2.0638822753356565
1791448674.4899924,125.37399064599077,-94.18030102408073,2.0645026404784788
1791448674.5243475,125.24887465422812,-93.96088058546307,2.064425631277429
1791448674.5592291,125.15506894555477,-93.79630164060127,2.064761563055383
1791448674.5900738,125.06138513479472,-93.63172918110186,2.0650796134399045
1791448674.6246006,124.96758591148375,-93.46702833832676,2.06573359560238
1791448674.65963,124.84144675818277,-93.24730897830223,2.0659991938994993
1791448674.690365,124.7468454703917,-93.08274882754158,2.0663708884643186
1791448674.7257254,124.65230837423852,-92.91813097050547,2.0662640769408815
1791448674.7558346,124.5253029648196,-92.6986100087709,2.0663708884643186
1791448674.7946699,124.42991258327328,-92.53394675419811,2.0666684348510374
1791448674.8269172,124.30397249024821,-92.3139323774339,2.0673209865020383
1791448674.8576362,124.21000339079204,-92.14897801078861,2.067339821569788
1791448674.8900754,124.11656079516338,-91.983318198113,2.067179127447473
1791448674.9250402,124.02354484223133,-91.81768108420573,2.0677174765990842
1791448674.9595313,123.90078772766297,-91.59643025817927,2.06800524782406
1791448674.989304,123.80931819741559,-91.4304475686052,2.0682067115234006
1791448675.0228887,123.71761459938519,-91.26426906143642,2.0680090625213254
1791448675.0550156,123.59605766984876,-91.04228750991611,2.0676721770690554
1791448675.090138,123.50570791958948,-90.87593654590692,2.0673374373839963
1791448675.1225665,123.38468655993816,-90.65422797434393,2.0670255858825315
1791448675.1578207,123.29391665234469,-90.4877324136531,2.067264004461633
1791448675.1906831,123.20332959162117,-90.32124658100585,2.066697521917688
1791448675.2245286,123.11292537776764,-90.15477047640218,2.065965338461267
1791448675.2595751,122.99169198711562,-89.9336007174055,2.065049811117517
1791448675.294685,122.90105952885543,-89.76796817015139,2.0646290023254026
1791448675.3248978,122.81117142879984,-89.60213073924498,2.0641307074950803
1791448675.3595757,122.69122120891878,-89.38096812759667,2.0630578238891233
1791448675.3948398,122.59919989538031,-89.21501720284854,2.062040730230676
1791448675.424851,122.47723835992966,-88.99374758272091,2.060908241979944
1791448675.4596827,122.3862596640167,-88.82772988563974,2.0601119239257444
1791448675.4899328,122.29584247943836,-88.66149757686269,2.0595487792419065
1791448675.524793,122.20459146555406,-88.494854176809,2.058124466650354
1791448675.554954,122.0831694046557,-88.27263531482446,2.057335539572107
1791448675.5892522,121.99259207197576,-88.10596663530724,2.0560883719848264
1791448675.6248236,121.90232921212267,-87.93913132232602,2.0552293498443235
1791448675.6534374,121.78173839983512,-87.71622322771712,2.0541900832580198
1791448675.6944811,121.69148526802559,-87.54920506786594,2.053026600592004
1791448675.7255626,121.57173801308761,-87.32652521766367,2.0513624389098757
1791448675.759135,121.48113215826292,-87.15924380589873,2.049821778051721
1791448675.7891335,121.39077982730844,-86.9917925179886,2.04890911173092
1791448675.8251052,121.30141889306637,-86.82408836819428,2.048026009313928
1791448675.8576822,121.18356496045182,-86.60028681929468,2.04660312723385
1791448675.8900099,121.09615505480866,-86.43152516244086,2.0450300414489377
1791448675.9248245,121.00911084290539,-86.2627829616742,2.0440434653686155
1791448675.9549017,120.89451705111018,-86.03744346141028,2.043045683615076
1791448675.9930263,120.80932400667488,-85.86837189838279,2.041796131842004
1791448676.0231087,120.69611324678155,-85.64231140066858,2.0403598983214963
1791448676.0601838,120.61174820827587,-85.4726115539734,2.0383638579772585
1791448676.0962472,120.52816577816309,-85.30313670900365,2.0371460158752073
1791448676.1263797,120.44451915641245,-85.1337195703094,2.0356411178039187
1791448676.1596382,120.3329734744359,-84.90738093124743,2.0348896224425905
1791448676.190204,120.24934306609126,-84.73765904776988,2.0333360869811643
1791448676.224235,120.16595321089198,-84.56801108397377,2.031645222418176
1791448676.2541752,120.05430442510331,-84.34246153866712,2.029997511618005
1791448676.2930017,119.97093660668642,-84.17354820503203,2.028759880773889
1791448676.3236992,119.86099114900284,-83.94815040375539,2.0276121337340944
1791448676.3593428,119.77866594821145,-83.77917029778726,2.0256597239898313
1791448676.3883948,119.69421077661838,-83.61001574902076,2.02428547929989
1791448676.4263914,119.61030738831637,-83.44082943542833,2.0227159697936643
1791448676.4532485,119.49884469207883,-83.21522866920861,2.0217420298980344
1791448676.4900038,119.41593594317042,-83.04572854477532,2.0207280356811155
1791448676.524912,119.33219985031842,-82.87569543115212,2.019027634374963
1791448676.5550463,119.22054524115335,-82.64910651090118,2.018076582662927
1791448676.5910752,119.13711065040339,-82.4791505596406,2.016743107550012
1791448676.6266453,119.02572253583328,-82.25214796741784,2.015893383734094
1791448676.659528,118.94201562711199,-82.08156631318477,2.0145749289916624
1791448676.6905694,118.85829250498472,-81.91128940373495,2.013834877722131
1791448676.7256324,118.77481642136529,-81.74096451605325,2.0123287875579465
1791448676.7581105,118.66258474944559,-81.51373367942386,2.0113128859923948
1791448676.7901187,118.57826835115773,-81.34311959837888,2.010383530371057
1791448676.825057,118.49481496630665,-81.17236806800061,2.009832545034753
1791448676.854108,118.38450838153632,-80.94456731596496,2.0087725360320676
1791448676.8893108,118.30256316918157,-80.77304032454212,2.007703943960535
1791448676.9248042,118.1938898975021,-80.54440964786765,2.007211371176111
1791448676.9593024,118.11342043083184,-80.37271668496683,2.0068053443359006
1791448676.9897685,118.03331017253907,-80.20116507606645,2.0063404281066526
1791448677.0264423,117.95321612765227,-80.0293087223828,2.005453749410974
1791448677.0551543,117.84714486700774,-79.80002190188188,2.004545136206018
1791448677.0915484,117.76844616276162,-79.62836202777895,2.003597660772668
1791448677.125684,117.68967029615285,-79.45700365577808,2.0026563842223752
1791448677.1551142,117.58466368991618,-79.22838469310514,2.0023333270476926
1791448677.1955173,117.50636892959827,-79.05717416046713,2.00116912912594
1791448677.2251425,117.40235954345039,-78.8293417108543,1.9998165805266965
1791448677.2591033,117.32417953369742,-78.65942083434958,1.998223705999719
1791448677.291117,117.24658955742383,-78.48989807839668,1.9973324973510374
1791448677.3237445,117.16991381550004,-78.32042396266168,1.9962121684478396
1791448677.3593264,117.06828984273325,-78.09485767646056,1.9945830542968381
1791448677.3901188,116.9904845927778,-77.92593468203064,1.992910309545862
1791448677.4251623,116.91345870853405,-77.75729763828284,1.9911326606200803
1791448677.4535024,116.81147486540375,-77.53275127093886,1.9898897845672243
1791448677.4912372,116.73620677285939,-77.36439111181556,1.9884671409057249
1791448677.5244594,116.6355028578188,-77.13991284077663,1.9865206916259397
1791448677.5596857,116.56052005397059,-76.97193458879921,1.9843234260009401
1791448677.5945194,116.48619471792077,-76.80423580214152,1.9826335151122678
1791448677.6254458,116.41241143711842,-76.63668809752784,1.9808882911132444
1791448717.4148798,98.87459473757728,-34.226218114819254,1.9696432788299192
1791448717.4492078,98.87592264389892,-34.226533249632084,1.9694356162475217
1791448717.4807744,98.87768692096066,-34.22668823634329,1.969574852697717
1791448717.5042737,98.87952836038505,-34.226541720952426,1.9693667132781614
1791448717.5453467,98.88008338635731,-34.22644900716984,1.969288273565637
1791448717.5755696,98.88088545083738,-34.22630831515538,1.9689938266204465
1791448717.6096127,98.88249606515991,-34.225905033213124,1.9691962439941038
1791448717.6467018,98.88256349947893,-34.22578637798102,1.9690450866149534
1791448717.6731339,98.88293567858123,-34.22568393615485,1.9689258773254026
1791448717.7079635,98.88350043259707,-34.22540837550231,1.9689091880248655
1791448717.7464774,98.88443412303404,-34.225091321980265,1.9684185225890745
1791448717.7730532,98.88283972211747,-34.22518985913924,1.9685310561584104
1791448717.8055985,98.88237482923257,-34.22473727499314,1.968513890020715
1791448717.8396509,98.88320283516218,-34.22410899132544,1.968673153631555
1791448717.8761559,98.8841494963239,-34.22354814197677,1.9687453944610227
1791448717.9104483,98.88566739686382,-34.22258983406227,1.9684752662109006
1791448717.9441705,98.88761194010036,-34.221654224916094,1.9690193374084104
1791448717.9746535,98.89042598213598,-34.220459268523335,1.96911232065426
1791448718.004962,98.89410952297072,-34.21900496488399,1.9688791472838987
1791448718.045619,98.89674071813637,-34.21780028044767,1.9688314635680784
1791448718.0748777,98.89992693927431,-34.21650288222875,1.9684991080688108
1791448718.1047897,98.90501230611206,-34.215123160256816,1.9685177047179807
1791448718.1419709,98.90724862340707,-34.21444756034322,1.9686974723266233
1791448718.173461,98.90997577503653,-34.2137369529225,1.9686390597747434
1791448718.210025,98.91376175769742,-34.21265482838547,1.9687289435790647
1791448718.2505507,98.91686433111033,-34.21178083018194,1.9679049689696897
1791448718.2759101,98.91811507506932,-34.212397467096835,1.9678878028319944
1791448718.3097255,98.9214510542793,-34.21288055934564,1.9681648452209104
1791448718.3448367,98.92455945106863,-34.21304593608642,1.9681200225280393
1791448718.3756394,98.92668293650796,-34.21334227679808,1.9675759513305295
1791448718.4119864,98.92711864526211,-34.21434340155407,1.9672064025329221
