run_id,result_row,route,token,outcome,duration_sec,progress_ratio,best_progress_ratio,cross_track_m,goal_distance_m,detail,stop_status,stop_x,stop_y,stop_goal_distance_m
20261008_055617_scenario3_73cb2c,1,scenario3,515fea9d78:0:scenario3,completed,38.407,0.9541,0.9541,0.5159,7.6378,,stationary,293.418,198.1142,30.3259
20261008_055617_scenario3_73cb2c,2,scenario3,515fea9d78:1:scenario3,setup_timeout,32.794,,,,,reference,stationary,186.8415,220.0094,103.0281
20261008_055617_scenario3_73cb2c,3,scenario3,515fea9d78:2:scenario3,setup_timeout,32.697,,,,,reference,stationary,186.9735,220.0079,102.9105
20261008_055617_scenario3_73cb2c,4,scenario3,515fea9d78:3:scenario3,setup_timeout,32.696,,,,,reference,stationary,186.9979,220.0012,102.8859
20261008_055617_scenario3_73cb2c,5,scenario3,515fea9d78:4:scenario3,setup_timeout,32.794,,,,,reference,stationary,186.9982,220.003,102.8864
20261008_055617_scenario3_73cb2c,6,scenario3,515fea9d78:5:scenario3,setup_timeout,32.798,,,,,reference,stationary,186.9986,220.0011,102.8852
20261008_055617_scenario3_73cb2c,7,scenario3,515fea9d78:6:scenario3,setup_timeout,32.745,,,,,reference,stationary,186.9972,220.0035,102.8875
20261008_055617_scenario3_73cb2c,8,scenario3,515fea9d78:7:scenario3,setup_timeout,32.696,,,,,reference,stationary,187.0014,219.9991,102.8818
20261008_055617_scenario3_73cb2c,9,scenario3,515fea9d78:8:scenario3,setup_timeout,32.699,,,,,reference,stationary,187.0035,219.9972,102.879
20261008_055617_scenario3_73cb2c,10,scenario3,515fea9d78:9:scenario3,setup_timeout,32.798,,,,,reference,stationary,187.0013,219.993,102.879
20261008_062606_scenario3_5cea23,1,scenario3,273af99685:0:scenario3,completed,37.801,0.9525,0.9525,1.0569,7.9467,,stationary,298.3193,199.6958,34.3502
20261008_062606_scenario3_5cea23,2,scenario3,273af99685:1:scenario3,completed,37.791,0.9533,0.9533,0.4506,7.7668,,stationary,297.9446,200.1459,34.4961
20261008_062606_scenario3_5cea23,3,scenario3,273af99685:2:scenario3,completed,37.501,0.9543,0.9543,0.6728,7.6193,,stationary,294.0906,200.2611,32.5207
20261008_062606_scenario3_5cea23,4,scenario3,273af99685:3:scenario3,completed,36.997,0.9522,0.9522,0.6708,7.9622,,stationary,299.0129,198.4621,33.7903
20261008_062606_scenario3_5cea23,5,scenario3,273af99685:4:scenario3,off_route,37.36,0.763,0.763,30.9833,47.8365,,stationary,326.6651,110.1921,78.6671
20261008_062606_scenario3_5cea23,6,scenario3,273af99685:5:scenario3,completed,36.395,0.9547,0.9547,0.542,7.5363,,stationary,297.8517,200.8411,35.0128
20261008_062606_scenario3_5cea23,7,scenario3,273af99685:6:scenario3,completed,38.599,0.9523,0.9523,0.9714,7.9802,,stationary,295.8839,196.9109,30.6657
20261008_062606_scenario3_5cea23,8,scenario3,273af99685:7:scenario3,completed,37.196,0.9539,0.9539,0.4511,7.6541,,stationary,295.2556,198.9307,31.9847
20261008_062606_scenario3_5cea23,9,scenario3,273af99685:8:scenario3,completed,37.796,0.954,0.954,0.5588,7.6571,,stationary,297.3694,200.5265,34.4809
20261008_062606_scenario3_5cea23,10,scenario3,273af99685:9:scenario3,completed,37.094,0.9541,0.9541,0.8364,7.6634,,stationary,298.973,199.4769,34.5666
20261008_171225_scenario2_214e7e,1,scenario2,5a534980c2:0:scenario2,stopped_10s,75.202,0.882,0.8821,3.849,31.7278,,stationary,-30.9516,78.2373,31.7392
20261008_171715_scenario2_592ff2,1,scenario2,f460c981d1:0:scenario2,stopped_10s,75.305,0.8792,0.8794,6.1563,33.0344,,stationary,-30.9013,75.8076,33.0459
20261008_171715_scenario2_592ff2,2,scenario2,f460c981d1:1:scenario2,off_route,59.796,0.8541,0.8541,16.6798,36.6305,,stationary,-37.8574,99.3673,34.1379
20261008_171715_scenario2_592ff2,3,scenario2,f460c981d1:2:scenario2,off_route,59.294,0.8478,0.8478,16.5407,38.5807,,stationary,-40.3958,98.0979,36.5274
20261008_171715_scenario2_592ff2,4,scenario2,f460c981d1:3:scenario2,stopped_10s,74.196,0.8886,0.8887,8.1043,29.5504,,stationary,-33.1463,90.1141,29.553
20261008_171715_scenario2_592ff2,5,scenario2,f460c981d1:4:scenario2,stopped_10s,75.312,0.8796,0.8797,6.1406,32.9295,,stationary,-30.8132,75.8653,32.9407
20261008_171715_scenario2_592ff2,6,scenario2,f460c981d1:5:scenario2,stopped_10s,74.695,0.877,0.8771,4.545,33.1808,,stationary,-31.9847,77.1531,33.1912
20261008_171715_scenario2_592ff2,7,scenario2,f460c981d1:6:scenario2,off_route,40.197,0.5514,0.5514,28.03,116.901,,stationary,-74.3869,4.9142,114.3231
20261008_173306_scenario1_756dad,1,scenario1,20bccc8584:0:scenario1,completed,42.601,0.9622,0.9622,2.1442,7.6379,,stationary,210.8794,-2.6008,37.8842
20261008_173306_scenario1_756dad,2,scenario1,20bccc8584:1:scenario1,completed,42.691,0.9622,0.9622,1.9942,7.5971,,stationary,211.2403,-2.8537,38.2498
20261008_173306_scenario1_756dad,3,scenario1,20bccc8584:2:scenario1,completed,43.596,0.9625,0.9625,2.1362,7.5801,,stationary,209.6246,-1.8615,36.6248
20261008_173306_scenario1_756dad,4,scenario1,20bccc8584:3:scenario1,off_route,39.697,0.7509,0.7509,26.8721,46.9879,,stationary,151.0135,48.8612,55.41
20261008_173306_scenario1_756dad,5,scenario1,20bccc8584:4:scenario1,pose_timeout,29.193,0.3697,0.3697,0.3631,93.6632,,stationary,98.9309,-34.2154,80.7717
20261008_173306_scenario1_756dad,6,scenario1,20bccc8584:5:scenario1,pose_timeout,28.795,0.3371,0.3371,0.5309,96.7745,,stationary,99.4971,-42.1371,83.7476
20261008_173306_scenario1_756dad,7,scenario1,20bccc8584:6:scenario1,pose_timeout,29.394,0.3643,0.3643,0.5224,94.2765,,stationary,99.5328,-36.5162,81.1714
20261008_173306_scenario1_756dad,8,scenario1,20bccc8584:7:scenario1,pose_timeout,28.595,0.3327,0.3327,0.6104,97.2666,,stationary,98.4585,-40.7083,83.9927
20261008_173306_scenario1_756dad,9,scenario1,20bccc8584:8:scenario1,pose_timeout,28.991,0.3517,0.3517,0.4021,95.2989,,stationary,98.9531,-38.5287,82.5669
20261008_173306_scenario1_756dad,10,scenario1,20bccc8584:9:scenario1,completed,44.899,0.9622,0.9622,2.5159,7.7562,,stationary,204.3639,-2.8653,31.3758
20261008_182344_scenario1_0cefb5,1,scenario1,bc277f9751:0:scenario1,completed,44.3,0.9616,0.9616,2.6978,7.9276,,stationary,204.8083,0.1181,31.8788
20261008_182344_scenario1_0cefb5,2,scenario1,bc277f9751:1:scenario1,completed,43.291,0.9626,0.9626,1.8763,7.5016,,stationary,208.8218,-2.551,35.826
20261008_182344_scenario1_0cefb5,3,scenario1,bc277f9751:2:scenario1,completed,44.393,0.9633,0.9633,2.2789,7.4808,,stationary,204.8388,-0.1405,31.893
20261008_182344_scenario1_0cefb5,4,scenario1,bc277f9751:3:scenario1,completed,43.496,0.9628,0.9628,1.9441,7.4785,,stationary,209.1343,-2.8702,36.1448
20261008_182344_scenario1_0cefb5,5,scenario1,bc277f9751:4:scenario1,completed,43.297,0.9603,0.9603,2.101,7.9818,,stationary,208.4027,-2.8761,35.4135
20261008_182344_scenario1_0cefb5,6,scenario1,bc277f9751:5:scenario1,completed,44.799,0.9626,0.9626,1.9093,7.501,,stationary,206.7986,-2.0761,33.7987
20261008_182344_scenario1_0cefb5,7,scenario1,bc277f9751:6:scenario1,completed,43.996,0.9615,0.9615,1.9912,7.7211,,stationary,208.0356,-0.1868,35.0825
20261008_182344_scenario1_0cefb5,8,scenario1,bc277f9751:7:scenario1,completed,43.899,0.963,0.963,2.5062,7.6086,,stationary,207.6817,-0.1031,34.7335
20261008_182344_scenario1_0cefb5,9,scenario1,bc277f9751:8:scenario1,off_route,39.096,0.749,0.749,26.5959,47.1004,,stationary,151.5511,50.8138,57.0031
20261008_182344_scenario1_0cefb5,10,scenario1,bc277f9751:9:scenario1,completed,42.598,0.9621,0.9621,1.8912,7.589,,stationary,210.272,-1.3305,37.278
20261008_183952_scenario2_5524df,1,scenario2,4993751b55:0:scenario2,stopped_10s,77.5,0.8857,0.8857,13.4467,31.6068,,stationary,-35.607,94.9201,31.6071
20261008_183952_scenario2_5524df,2,scenario2,4993751b55:1:scenario2,stopped_10s,73.899,0.8872,0.8872,10.461,30.3919,,stationary,-34.2654,92.2191,30.3929
20261008_183952_scenario2_5524df,3,scenario2,4993751b55:2:scenario2,off_route,56.195,0.8478,0.8478,21.8755,39.4118,,stationary,-4.264,55.3246,39.6763
20261008_183952_scenario2_5524df,4,scenario2,4993751b55:3:scenario2,stopped_10s,74.497,0.8918,0.8919,8.4614,28.7769,,stationary,-32.4559,90.7226,28.7756
20261008_183952_scenario2_5524df,5,scenario2,4993751b55:4:scenario2,stopped_10s,74.598,0.888,0.8881,2.4221,29.3492,,stationary,-31.4768,84.6748,29.3528
20261008_183952_scenario2_5524df,6,scenario2,4993751b55:5:scenario2,stopped_10s,74.49,0.8824,0.8826,7.5176,32.6486,,stationary,-29.6605,74.7976,32.6588
20261008_183952_scenario2_5524df,7,scenario2,4993751b55:6:scenario2,off_route,39.997,0.5485,0.5485,28.4331,119.192,,stationary,-69.044,19.7936,99.432
20261008_183952_scenario2_5524df,8,scenario2,4993751b55:7:scenario2,stopped_10s,74.198,0.8841,0.8841,11.6042,31.4763,,stationary,-35.4101,93.0394,31.4712
20261008_183952_scenario2_5524df,9,scenario2,4993751b55:8:scenario2,stopped_10s,75.195,0.8861,0.8861,12.5644,31.222,,stationary,-35.199,94.1232,31.2113
20261008_183952_scenario2_5524df,10,scenario2,4993751b55:9:scenario2,off_route,41.194,0.5568,0.5568,28.2847,118.6631,,stationary,-75.3688,10.092,110.9183
20261008_185426_scenario3_72c4df,1,scenario3,9758b31a87:0:scenario3,completed,37.294,0.9538,0.9538,0.82,7.7086,,stationary,298.2556,199.3956,34.0706
20261008_185426_scenario3_72c4df,2,scenario3,9758b31a87:1:scenario3,completed,36.594,0.9535,0.9535,0.9787,7.7717,,stationary,296.5378,198.8502,32.628
20261008_185426_scenario3_72c4df,3,scenario3,9758b31a87:2:scenario3,completed,36.793,0.9521,0.9521,0.5408,7.959,,stationary,297.1852,201.344,35.0591
20261008_185426_scenario3_72c4df,4,scenario3,9758b31a87:3:scenario3,completed,37.198,0.9542,0.9542,0.2991,7.6074,,stationary,291.2905,201.3733,32.2402
20261008_185426_scenario3_72c4df,5,scenario3,9758b31a87:4:scenario3,completed,36.691,0.9534,0.9534,0.1561,7.7284,,stationary,291.961,200.9705,32.159
20261008_185426_scenario3_72c4df,6,scenario3,9758b31a87:5:scenario3,completed,36.493,0.9538,0.9538,0.8026,7.7024,,stationary,295.4101,199.0617,32.1783
20261008_185426_scenario3_72c4df,7,scenario3,9758b31a87:6:scenario3,completed,36.795,0.9527,0.9527,0.1752,7.8472,,stationary,296.0753,201.7163,34.7818
20261008_185426_scenario3_72c4df,8,scenario3,9758b31a87:7:scenario3,completed,37.5,0.9531,0.9531,0.352,7.7912,,stationary,297.389,199.594,33.7248
20261008_185426_scenario3_72c4df,9,scenario3,9758b31a87:8:scenario3,completed,37.393,0.953,0.953,0.9893,7.8614,,stationary,297.1498,197.1765,31.6318
20261008_185426_scenario3_72c4df,10,scenario3,9758b31a87:9:scenario3,completed,36.895,0.9545,0.9545,0.6858,7.5803,,stationary,298.3723,198.6099,33.5129
