scenario,node,parameter,applied_launch_value,recorded_parameter_value,evidence
1,px4_ekf_bridge,enable_motive_pose_input,false,,effective_config; partial parameter recording
1,px4_ekf_bridge,motive_pose_topic,"""/motive/vehicle/pose""",,effective_config; partial parameter recording
1,px4_ekf_bridge,output_odom_topic,"""/px4/ekf_odom""",,effective_config; partial parameter recording
1,px4_ekf_bridge,output_pose_topic,"""/px4/sih/odom""",,effective_config; partial parameter recording
1,px4_ekf_bridge,publish_yaw_scalar_pose,true,,effective_config; partial parameter recording
1,px4_ekf_bridge,output_frame_id,"""map""",,effective_config; partial parameter recording
1,px4_ekf_bridge,output_child_frame_id,"""base_link""",,effective_config; partial parameter recording
1,px4_ekf_bridge,pose_orientation_mode,"""yaw_scalar_z""",,effective_config; partial parameter recording
1,px4_ekf_bridge,pose_yaw_offset_rad,0.0,,effective_config; partial parameter recording
1,px4_ekf_bridge,pose_x_offset_m,0.0,,effective_config; partial parameter recording
1,px4_ekf_bridge,pose_y_offset_m,0.0,,effective_config; partial parameter recording
1,px4_ekf_bridge,pose_z_offset_m,0.0,,effective_config; partial parameter recording
1,px4_ekf_bridge,pose_position_scale,1.0,,effective_config; partial parameter recording
1,px4_ekf_bridge,pose_timeout_sec,0.2,,effective_config; partial parameter recording
1,px4_ekf_bridge,zero_origin_on_first_pose,false,,effective_config; partial parameter recording
1,px4_ekf_bridge,connection_url,"""udpin:0.0.0.0:14541""",,effective_config; partial parameter recording
1,px4_ekf_bridge,baud,921600,,effective_config; partial parameter recording
1,px4_ekf_bridge,source_system,245,,effective_config; partial parameter recording
1,px4_ekf_bridge,source_component,191,,effective_config; partial parameter recording
1,px4_ekf_bridge,target_system,1,,effective_config; partial parameter recording
1,px4_ekf_bridge,target_component,1,,effective_config; partial parameter recording
1,px4_ekf_bridge,reconnect_period_sec,2.0,,effective_config; partial parameter recording
1,px4_ekf_bridge,heartbeat_rate_hz,1.0,,effective_config; partial parameter recording
1,px4_ekf_bridge,timesync_rate_hz,5.0,,effective_config; partial parameter recording
1,px4_ekf_bridge,external_vision_rate_hz,50.0,,effective_config; partial parameter recording
1,px4_ekf_bridge,external_message_type,"""vision_position_estimate""",,effective_config; partial parameter recording
1,px4_ekf_bridge,external_vision_quality,100,,effective_config; partial parameter recording
1,px4_ekf_bridge,external_estimator_type,"""vision""",,effective_config; partial parameter recording
1,px4_ekf_bridge,external_position_stddev_m,0.03,,effective_config; partial parameter recording
1,px4_ekf_bridge,external_z_stddev_m,0.1,,effective_config; partial parameter recording
1,px4_ekf_bridge,external_yaw_stddev_rad,0.05,,effective_config; partial parameter recording
1,px4_ekf_bridge,use_pose_header_stamp,false,,effective_config; partial parameter recording
1,px4_ekf_bridge,request_output_streams,true,,effective_config; partial parameter recording
1,px4_ekf_bridge,output_stream_rate_hz,30.0,,effective_config; partial parameter recording
1,px4_ekf_bridge,output_attitude_timeout_sec,0.25,,effective_config; partial parameter recording
1,px4_ekf_bridge,sih_heading_guard_enabled,true,,effective_config; partial parameter recording
1,px4_ekf_bridge,sih_heading_max_error_deg,15.0,,effective_config; partial parameter recording
1,px4_ekf_bridge,align_output_to_motive_on_first_sample,false,,effective_config; partial parameter recording
1,px4_ekf_bridge,configure_px4_parameters,false,,effective_config; partial parameter recording
1,px4_ekf_bridge,parameter_apply_delay_sec,1.0,,effective_config; partial parameter recording
1,px4_ekf_bridge,parameter_ack_timeout_sec,0.8,,effective_config; partial parameter recording
1,px4_ekf_bridge,parameter_max_attempts,5,,effective_config; partial parameter recording
1,px4_ekf_bridge,px4_parameter_names,"[""EKF2_EV_CTRL"", ""EKF2_EV_DELAY"", ""EKF2_EV_POS_X"", ""EKF2_EV_POS_Y"", ""EKF2_EV_POS_Z"", ""EKF2_MAG_TYPE"", ""EKF2_EV_NOISE_MD"", ""EKF2_EVP_NOISE"", ""EKF2_EVA_NOISE""]",,effective_config; partial parameter recording
1,px4_ekf_bridge,px4_parameter_values,"[9.0, 0.0, 0.0, 0.0, 0.0, 5.0, 0.0, 0.03, 0.05]",,effective_config; partial parameter recording
1,px4_ekf_bridge,px4_parameter_types,"[""int32"", ""float"", ""float"", ""float"", ""float"", ""int32"", ""int32"", ""float"", ""float""]",,effective_config; partial parameter recording
1,px4_odom_map_bridge,input_topic,"""/px4/sih/odom""",,effective_config; partial parameter recording
1,px4_odom_map_bridge,output_topic,"""/motive/vehicle/odom_map""",,effective_config; partial parameter recording
1,px4_odom_map_bridge,publish_pose_stamped,true,,effective_config; partial parameter recording
1,px4_odom_map_bridge,output_pose_topic,"""/motive/vehicle/pose""",,effective_config; partial parameter recording
1,px4_odom_map_bridge,output_yaw_is_orientation_z,true,,effective_config; partial parameter recording
1,px4_odom_map_bridge,route_name,"""scenario1""","""scenario1""",effective_config + parameter_events
1,px4_odom_map_bridge,position_scale,1.0,,effective_config; partial parameter recording
1,px4_odom_map_bridge,x_offset,0.0,,effective_config; partial parameter recording
1,px4_odom_map_bridge,y_offset,0.0,,effective_config; partial parameter recording
1,px4_odom_map_bridge,z_offset,0.0,,effective_config; partial parameter recording
1,px4_odom_map_bridge,yaw_offset_rad,0.0,,effective_config; partial parameter recording
1,px4_odom_map_bridge,swap_xy,false,,effective_config; partial parameter recording
1,px4_odom_map_bridge,invert_x,false,,effective_config; partial parameter recording
1,px4_odom_map_bridge,invert_y,false,,effective_config; partial parameter recording
1,px4_odom_map_bridge,velocity_lpf_alpha,0.4,,effective_config; partial parameter recording
1,px4_odom_map_bridge,yaw_rate_lpf_alpha,1.0,,effective_config; partial parameter recording
1,px4_odom_map_bridge,max_velocity_dt_sec,0.5,,effective_config; partial parameter recording
1,px4_odom_map_bridge,input_timeout_sec,0.6,,effective_config; partial parameter recording
1,px4_odom_map_bridge,enable_batch_reanchor,true,,effective_config; partial parameter recording
1,knu_global_path_publisher,route_name,"""scenario1""",,effective_config; partial parameter recording
1,knu_global_path_publisher,global_path_topic,"""/navigation/global_path""",,effective_config; partial parameter recording
1,knu_global_path_publisher,frame_id,"""map""",,effective_config; partial parameter recording
1,knu_global_path_publisher,publish_period_sec,2.0,,effective_config; partial parameter recording
1,upper_planner_node,scale_mode,"""fullscale""",,effective_config; partial parameter recording
1,upper_planner_node,bev_forward_m,40.0,40.0,effective_config + parameter_events
1,upper_planner_node,preview_interval_boundary_margin_m,2.0,2.0,effective_config + parameter_events
1,upper_planner_node,upper_planner_rate_hz,2.0,,effective_config; partial parameter recording
1,upper_planner_node,upper_prediction_dt_sec,0.75,0.75,effective_config + parameter_events
1,upper_planner_node,upper_preview_steps,6,6,effective_config + parameter_events
1,upper_planner_node,preview_limit_to_grid_extent,true,true,effective_config + parameter_events
1,upper_planner_node,preview_grid_reserve_steps,1,,effective_config; partial parameter recording
1,upper_planner_node,preview_restore_full_horizon,true,true,effective_config + parameter_events
1,upper_planner_node,guard_side_boundary_terminal_loss,true,,effective_config; partial parameter recording
1,upper_planner_node,lower_prediction_dt_sec,0.1,0.1,effective_config + parameter_events
1,upper_planner_node,lower_min_path_spacing_m,0.05,,effective_config; partial parameter recording
1,upper_planner_node,target_speed_mps,6.0,6.0,effective_config + parameter_events
1,upper_planner_node,max_steering_angle_rad,0.3,0.3,effective_config + parameter_events
1,upper_planner_node,a_max_mps2,1.0,1.0,effective_config + parameter_events
1,upper_planner_node,miqp_big_m,100.0,100.0,effective_config + parameter_events
1,upper_planner_node,position_scale_m,10.0,10.0,effective_config + parameter_events
1,upper_planner_node,relative_turn_scale_rad,0.3490658504,0.3490658504,effective_config + parameter_events
1,upper_planner_node,lambda_position,1.0,,effective_config; partial parameter recording
1,upper_planner_node,lambda_relative_turn,0.6,,effective_config; partial parameter recording
1,upper_planner_node,terminal_buffer_max_turn_rad,0.3490658504,0.3490658504,effective_config + parameter_events
1,upper_planner_node,terminal_position_weight_multiplier,1000.0,1000.0,effective_config + parameter_events
1,upper_planner_node,upper_r_dv,1.0,,effective_config; partial parameter recording
1,upper_planner_node,upper_r_dpsi,3.0,3.0,effective_config + parameter_events
1,upper_planner_node,normalize_upper_input_cost,false,false,effective_config + parameter_events
1,upper_planner_node,turn_preview_steps,2,2,effective_config + parameter_events
1,upper_planner_node,turn_weight_growth,2.0,2.0,effective_config + parameter_events
1,upper_planner_node,upper_cumulative_increment_model,true,true,effective_config + parameter_events
1,upper_planner_node,branch_turn_window_at_split,true,true,effective_config + parameter_events
1,upper_planner_node,branch_turn_target_absolute,true,true,effective_config + parameter_events
1,upper_planner_node,branch_split_continuity_m,6.75,6.75,effective_config + parameter_events
1,upper_planner_node,miqp_diagonal_regularization,1e-10,1e-10,effective_config + parameter_events
1,upper_planner_node,miqp_binary_diagonal_regularization,0.0001,0.0001,effective_config + parameter_events
1,upper_planner_node,miqp_feasibility_tolerance,0.001,0.001,effective_config + parameter_events
1,upper_planner_node,wp_switch_eps,10.0,10.0,effective_config + parameter_events
1,upper_planner_node,wp_switch_max_distance_m,15.0,15.0,effective_config + parameter_events
1,upper_planner_node,goal_stop_distance_m,-1.0,-1.0,effective_config + parameter_events
1,upper_planner_node,enable_waypoint_bias,false,false,effective_config + parameter_events
1,upper_planner_node,waypoint_x_bias_m,0.0,0.0,effective_config + parameter_events
1,upper_planner_node,waypoint_y_bias_m,0.0,0.0,effective_config + parameter_events
1,upper_planner_node,waypoint_yaw_bias_rad,0.17,0.17,effective_config + parameter_events
1,upper_planner_node,state_input_type,"""odom""","""odom""",effective_config + parameter_events
1,upper_planner_node,odom_topic,"""/motive/vehicle/odom_map""",,effective_config; partial parameter recording
1,upper_planner_node,odom_yaw_is_orientation_z,true,,effective_config; partial parameter recording
1,upper_planner_node,pose_stamped_topic,"""/px4/sih/odom""",,effective_config; partial parameter recording
1,upper_planner_node,pose_stamped_yaw_is_orientation_z,true,,effective_config; partial parameter recording
1,upper_planner_node,pose_x_offset,0.0,,effective_config; partial parameter recording
1,upper_planner_node,pose_y_offset,0.0,,effective_config; partial parameter recording
1,upper_planner_node,pose_yaw_offset_rad,0.0,,effective_config; partial parameter recording
1,upper_planner_node,pose_position_scale,1.0,1.0,effective_config + parameter_events
1,upper_planner_node,pose_swap_xy,false,false,effective_config + parameter_events
1,upper_planner_node,pose_invert_x,false,false,effective_config + parameter_events
1,upper_planner_node,pose_invert_y,false,false,effective_config + parameter_events
1,upper_planner_node,pose_speed_lpf_alpha,1.0,1.0,effective_config + parameter_events
1,upper_planner_node,pose_max_dt_for_speed,0.5,0.5,effective_config + parameter_events
1,upper_planner_node,input_timeout_sec,3.0,3.0,effective_config + parameter_events
1,upper_planner_node,require_grid_map,true,true,effective_config + parameter_events
1,upper_planner_node,skip_front_clipped_k1_lane_constraints,false,false,effective_config + parameter_events
1,upper_planner_node,global_path_topic,"""/navigation/global_path""","""/navigation/global_path""",effective_config + parameter_events
1,upper_planner_node,grid_map_topic,"""/bev/occupancy_grid""","""/bev/occupancy_grid""",effective_config + parameter_events
1,upper_planner_node,grid_origin_x_override_enabled,false,false,effective_config + parameter_events
1,upper_planner_node,grid_origin_x_override_m,0.0,0.0,effective_config + parameter_events
1,upper_planner_node,upper_sparse_path_topic,"""/planner/upper_path_sparse""","""/planner/upper_path_sparse""",effective_config + parameter_events
1,upper_planner_node,lower_reference_path_topic,"""/planner/lower_reference_path""","""/planner/lower_reference_path""",effective_config + parameter_events
1,upper_planner_node,goal_reached_topic,"""/planner/goal_reached""","""/planner/goal_reached""",effective_config + parameter_events
1,upper_planner_node,path_frame_id,"""map""","""map""",effective_config + parameter_events
1,upper_planner_node,use_csv_global_path,false,false,effective_config + parameter_events
1,upper_planner_node,csv_global_path_file,"""local_map.csv""","""local_map.csv""",effective_config + parameter_events
1,upper_planner_node,allow_topic_path_override_when_csv_loaded,false,,effective_config; partial parameter recording
1,upper_planner_node,reset_waypoint_on_path_update,true,,effective_config; partial parameter recording
1,upper_planner_node,grid_value_threshold,1,,effective_config; partial parameter recording
1,upper_planner_node,grid_positive_is_drivable,false,,effective_config; partial parameter recording
1,upper_planner_node,expected_grid_frame_id,"""Vehicle""",,effective_config; partial parameter recording
1,upper_planner_node,require_grid_frame_match,true,,effective_config; partial parameter recording
1,upper_planner_node,preview_min_target_distance_m,0.1,,effective_config; partial parameter recording
1,upper_planner_node,preview_line_sample_m,0.1,,effective_config; partial parameter recording
1,upper_planner_node,preview_min_segment_samples,2,,effective_config; partial parameter recording
1,upper_planner_node,preview_interval_soft_ratio,0.7,,effective_config; partial parameter recording
1,upper_planner_node,preview_interval_relative_length_factor,1.5,,effective_config; partial parameter recording
1,upper_planner_node,preview_interval_enable_nominal_fallback,true,true,effective_config + parameter_events
1,upper_planner_node,preview_interval_nominal_fallback_width_m,4.5,4.5,effective_config + parameter_events
1,upper_planner_node,preview_interval_fallback_max_centering_length_m,9.0,9.0,effective_config + parameter_events
1,upper_planner_node,preview_interval_debug,false,false,effective_config + parameter_events
1,upper_planner_node,enable_batch_mission_reset,true,,effective_config; partial parameter recording
1,lower_tracking_mpc_node,scale_mode,"""fullscale""",,effective_config; partial parameter recording
1,lower_tracking_mpc_node,lower_controller_rate_hz,10.0,,effective_config; partial parameter recording
1,lower_tracking_mpc_node,lower_prediction_dt_sec,0.1,,effective_config; partial parameter recording
1,lower_tracking_mpc_node,lower_prediction_steps,30,,effective_config; partial parameter recording
1,lower_tracking_mpc_node,lower_q_lateral,1.0,,effective_config; partial parameter recording
1,lower_tracking_mpc_node,lower_q_heading,0.5,,effective_config; partial parameter recording
1,lower_tracking_mpc_node,lower_r_steering,0.3,,effective_config; partial parameter recording
1,lower_tracking_mpc_node,lower_rd_steering_rate,150.0,,effective_config; partial parameter recording
1,lower_tracking_mpc_node,lower_max_steering_angle_rad,0.3,,effective_config; partial parameter recording
1,lower_tracking_mpc_node,lower_steering_command_scale_rad,0.35,,effective_config; partial parameter recording
1,lower_tracking_mpc_node,lower_reference_point_to_rear_axle_m,1.4,,effective_config; partial parameter recording
1,lower_tracking_mpc_node,lower_max_steering_rate_radps,1.0471975512,,effective_config; partial parameter recording
1,lower_tracking_mpc_node,lower_enable_steering_actuator_model,true,,effective_config; partial parameter recording
1,lower_tracking_mpc_node,lower_steering_actuator_delay_sec,0.0,,effective_config; partial parameter recording
1,lower_tracking_mpc_node,lower_steering_actuator_time_constant_sec,0.74,,effective_config; partial parameter recording
1,lower_tracking_mpc_node,lower_use_path_arclength,true,true,effective_config + parameter_events
1,lower_tracking_mpc_node,lower_reference_follow_measured_speed,true,,effective_config; partial parameter recording
1,lower_tracking_mpc_node,lower_min_path_spacing_m,0.05,,effective_config; partial parameter recording
1,lower_tracking_mpc_node,lower_min_effective_speed_mps,0.1,,effective_config; partial parameter recording
1,lower_tracking_mpc_node,input_timeout_sec,0.6,0.6,effective_config + parameter_events
1,lower_tracking_mpc_node,lower_path_timeout_sec,1.5,,effective_config; partial parameter recording
1,lower_tracking_mpc_node,solver_hold_last_valid_sec,0.0,,effective_config; partial parameter recording
1,lower_tracking_mpc_node,path_change_reset_threshold_m,0.75,,effective_config; partial parameter recording
1,lower_tracking_mpc_node,reset_on_path_change,true,,effective_config; partial parameter recording
1,lower_tracking_mpc_node,pose_jump_reset_threshold_m,1.0,,effective_config; partial parameter recording
1,lower_tracking_mpc_node,publish_applied_cmd_when_invalid,true,,effective_config; partial parameter recording
1,lower_tracking_mpc_node,state_input_type,"""odom""",,effective_config; partial parameter recording
1,lower_tracking_mpc_node,odom_topic,"""/motive/vehicle/odom_map""","""/motive/vehicle/odom_map""",effective_config + parameter_events
1,lower_tracking_mpc_node,odom_yaw_is_orientation_z,true,true,effective_config + parameter_events
1,lower_tracking_mpc_node,pose_stamped_topic,"""/px4/sih/odom""","""/px4/sih/odom""",effective_config + parameter_events
1,lower_tracking_mpc_node,pose_stamped_yaw_is_orientation_z,true,true,effective_config + parameter_events
1,lower_tracking_mpc_node,pose_x_offset,0.0,0.0,effective_config + parameter_events
1,lower_tracking_mpc_node,pose_y_offset,0.0,0.0,effective_config + parameter_events
1,lower_tracking_mpc_node,pose_yaw_offset_rad,0.0,0.0,effective_config + parameter_events
1,lower_tracking_mpc_node,pose_position_scale,1.0,1.0,effective_config + parameter_events
1,lower_tracking_mpc_node,pose_swap_xy,false,false,effective_config + parameter_events
1,lower_tracking_mpc_node,pose_invert_x,false,false,effective_config + parameter_events
1,lower_tracking_mpc_node,pose_invert_y,false,false,effective_config + parameter_events
1,lower_tracking_mpc_node,pose_speed_lpf_alpha,1.0,1.0,effective_config + parameter_events
1,lower_tracking_mpc_node,pose_max_dt_for_speed,0.5,0.5,effective_config + parameter_events
1,lower_tracking_mpc_node,lower_reference_path_topic,"""/planner/lower_reference_path""","""/planner/lower_reference_path""",effective_config + parameter_events
1,lower_tracking_mpc_node,goal_reached_topic,"""/planner/goal_reached""","""/planner/goal_reached""",effective_config + parameter_events
1,lower_tracking_mpc_node,reset_topic,"""/controller/reset""",,effective_config; partial parameter recording
1,lower_tracking_mpc_node,duty_topic,"""/control/duty_cmd""",,effective_config; partial parameter recording
1,lower_tracking_mpc_node,pwm_topic,"""/cmd_pwm""",,effective_config; partial parameter recording
1,lower_tracking_mpc_node,virtual_cmd_topic,"""/cmd_control""",,effective_config; partial parameter recording
1,lower_tracking_mpc_node,enable_output_filter,false,,effective_config; partial parameter recording
1,lower_tracking_mpc_node,steer_norm_max,1.0,,effective_config; partial parameter recording
1,lower_tracking_mpc_node,steer_norm_rate_max,1.5,,effective_config; partial parameter recording
1,lower_tracking_mpc_node,steer_norm_lpf_alpha,0.7,0.7,effective_config + parameter_events
1,lower_tracking_mpc_node,steer_sign,1.0,1.0,effective_config + parameter_events
1,lower_tracking_mpc_node,target_speed_mps,6.0,6.0,effective_config + parameter_events
1,lower_tracking_mpc_node,target_accel_mps2,0.0,0.0,effective_config + parameter_events
1,lower_tracking_mpc_node,speed_kp,0.08,0.08,effective_config + parameter_events
1,lower_tracking_mpc_node,speed_ki,0.01,0.01,effective_config + parameter_events
1,lower_tracking_mpc_node,throttle_ff,0.05,0.05,effective_config + parameter_events
1,lower_tracking_mpc_node,max_virtual_throttle,0.35,0.35,effective_config + parameter_events
1,lower_tracking_mpc_node,max_virtual_brake,0.7,0.7,effective_config + parameter_events
1,lower_tracking_mpc_node,speed_deadband_mps,0.03,0.03,effective_config + parameter_events
1,lower_tracking_mpc_node,speed_integral_limit,30.0,30.0,effective_config + parameter_events
1,lower_tracking_mpc_node,publish_pwm,true,,effective_config; partial parameter recording
1,lower_tracking_mpc_node,pwm_min,1000,1000,effective_config + parameter_events
1,lower_tracking_mpc_node,pwm_center,1500,1500,effective_config + parameter_events
1,lower_tracking_mpc_node,pwm_max,2000,2000,effective_config + parameter_events
1,lower_tracking_mpc_node,throttle_pwm_min,1500,1500,effective_config + parameter_events
1,lower_tracking_mpc_node,throttle_pwm_max,2000,2000,effective_config + parameter_events
1,lower_tracking_mpc_node,steering_pwm_min,1000,1000,effective_config + parameter_events
1,lower_tracking_mpc_node,steering_pwm_max,2000,2000,effective_config + parameter_events
1,lower_tracking_mpc_node,pixhawk_output_backend,"""mavlink_udp""","""mavlink_udp""",effective_config + parameter_events
1,lower_tracking_mpc_node,mavlink_enable,true,true,effective_config + parameter_events
1,lower_tracking_mpc_node,mavlink_bind_ip,"""0.0.0.0""",,effective_config; partial parameter recording
1,lower_tracking_mpc_node,mavlink_bind_port,14540,,effective_config; partial parameter recording
1,lower_tracking_mpc_node,mavlink_source_system,245,,effective_config; partial parameter recording
1,lower_tracking_mpc_node,mavlink_source_component,190,,effective_config; partial parameter recording
1,lower_tracking_mpc_node,mavlink_target_system,1,,effective_config; partial parameter recording
1,lower_tracking_mpc_node,mavlink_target_component,1,,effective_config; partial parameter recording
1,lower_tracking_mpc_node,mavlink_send_neutral_on_invalid,true,,effective_config; partial parameter recording
1,lower_tracking_mpc_node,mavlink_hold_last_valid_sec,0.0,0.0,effective_config + parameter_events
1,lower_tracking_mpc_node,mavlink_auto_manual_mode,false,false,effective_config + parameter_events
1,lower_tracking_mpc_node,mavlink_auto_arm,false,false,effective_config + parameter_events
1,lower_tracking_mpc_node,mavlink_force_arm,false,false,effective_config + parameter_events
1,lower_tracking_mpc_node,mavlink_disarm_on_shutdown,true,true,effective_config + parameter_events
1,lower_tracking_mpc_node,mavlink_throttle_max_norm,0.35,0.35,effective_config + parameter_events
1,lower_tracking_mpc_node,mavlink_steer_sign,1.0,1.0,effective_config + parameter_events
1,lower_tracking_mpc_node,mavlink_keepalive_rate_hz,20.0,20.0,effective_config + parameter_events
1,lower_tracking_mpc_node,batch_supervision,true,true,effective_config + parameter_events
1,knu_batch_runner,stop_sec,10.0,,effective_config; partial parameter recording
1,knu_batch_runner,movement_m,0.5,,effective_config; partial parameter recording
1,knu_batch_runner,off_route_m,15.0,,effective_config; partial parameter recording
1,knu_batch_runner,off_route_sec,3.0,,effective_config; partial parameter recording
1,knu_batch_runner,reverse_m,8.0,,effective_config; partial parameter recording
1,knu_batch_runner,reverse_sec,3.0,,effective_config; partial parameter recording
1,knu_batch_runner,no_progress_sec,30.0,,effective_config; partial parameter recording
1,knu_batch_runner,goal_radius_m,8.0,,effective_config; partial parameter recording
1,knu_batch_runner,finish_remaining_m,12.0,,effective_config; partial parameter recording
1,knu_batch_runner,min_progress_ratio,0.85,,effective_config; partial parameter recording
1,knu_batch_runner,route_timeout_sec,180.0,,effective_config; partial parameter recording
1,knu_batch_runner,startup_timeout_sec,120.0,,effective_config; partial parameter recording
1,knu_batch_runner,setup_timeout_sec,30.0,,effective_config; partial parameter recording
1,knu_batch_runner,pose_loss_sec,10.0,,effective_config; partial parameter recording
1,knu_batch_runner,grid_loss_sec,10.0,,effective_config; partial parameter recording
1,knu_batch_runner,pose_fresh_sec,0.6,,effective_config; partial parameter recording
1,knu_batch_runner,grid_fresh_sec,2.0,,effective_config; partial parameter recording
1,knu_batch_runner,routes,"[""scenario1""]",,effective_config; partial parameter recording
1,knu_batch_runner,repeat_count,10,,effective_config; partial parameter recording
1,knu_batch_runner,require_recorder,true,,effective_config; partial parameter recording
1,knu_batch_runner,reset_upper_each_attempt,true,,effective_config; partial parameter recording
1,knu_batch_runner,recorder_timeout_sec,2.0,,effective_config; partial parameter recording
1,knu_batch_runner,stationary_timeout_sec,60.0,,effective_config; partial parameter recording
1,knu_batch_runner,results_directory,"""/home/imac/ros2_ws/drive_batches/20261008_182344_scenario1_0cefb5/results""",,effective_config; partial parameter recording
1,lower_tracking_mpc_node,wheelbase,,2.8,parameter_events (default resolved at run)
1,upper_planner_node,wheelbase,,2.8,parameter_events (default resolved at run)
1,upper_planner_node,vehicle_length_m,,4.7,parameter_events (default resolved at run)
2,px4_ekf_bridge,enable_motive_pose_input,false,,effective_config; partial parameter recording
2,px4_ekf_bridge,motive_pose_topic,"""/motive/vehicle/pose""",,effective_config; partial parameter recording
2,px4_ekf_bridge,output_odom_topic,"""/px4/ekf_odom""",,effective_config; partial parameter recording
2,px4_ekf_bridge,output_pose_topic,"""/px4/sih/odom""",,effective_config; partial parameter recording
2,px4_ekf_bridge,publish_yaw_scalar_pose,true,,effective_config; partial parameter recording
2,px4_ekf_bridge,output_frame_id,"""map""",,effective_config; partial parameter recording
2,px4_ekf_bridge,output_child_frame_id,"""base_link""",,effective_config; partial parameter recording
2,px4_ekf_bridge,pose_orientation_mode,"""yaw_scalar_z""",,effective_config; partial parameter recording
2,px4_ekf_bridge,pose_yaw_offset_rad,0.0,,effective_config; partial parameter recording
2,px4_ekf_bridge,pose_x_offset_m,0.0,,effective_config; partial parameter recording
2,px4_ekf_bridge,pose_y_offset_m,0.0,,effective_config; partial parameter recording
2,px4_ekf_bridge,pose_z_offset_m,0.0,,effective_config; partial parameter recording
2,px4_ekf_bridge,pose_position_scale,1.0,,effective_config; partial parameter recording
2,px4_ekf_bridge,pose_timeout_sec,0.2,,effective_config; partial parameter recording
2,px4_ekf_bridge,zero_origin_on_first_pose,false,,effective_config; partial parameter recording
2,px4_ekf_bridge,connection_url,"""udpin:0.0.0.0:14541""",,effective_config; partial parameter recording
2,px4_ekf_bridge,baud,921600,,effective_config; partial parameter recording
2,px4_ekf_bridge,source_system,245,,effective_config; partial parameter recording
2,px4_ekf_bridge,source_component,191,,effective_config; partial parameter recording
2,px4_ekf_bridge,target_system,1,,effective_config; partial parameter recording
2,px4_ekf_bridge,target_component,1,,effective_config; partial parameter recording
2,px4_ekf_bridge,reconnect_period_sec,2.0,,effective_config; partial parameter recording
2,px4_ekf_bridge,heartbeat_rate_hz,1.0,,effective_config; partial parameter recording
2,px4_ekf_bridge,timesync_rate_hz,5.0,,effective_config; partial parameter recording
2,px4_ekf_bridge,external_vision_rate_hz,50.0,,effective_config; partial parameter recording
2,px4_ekf_bridge,external_message_type,"""vision_position_estimate""",,effective_config; partial parameter recording
2,px4_ekf_bridge,external_vision_quality,100,,effective_config; partial parameter recording
2,px4_ekf_bridge,external_estimator_type,"""vision""",,effective_config; partial parameter recording
2,px4_ekf_bridge,external_position_stddev_m,0.03,,effective_config; partial parameter recording
2,px4_ekf_bridge,external_z_stddev_m,0.1,,effective_config; partial parameter recording
2,px4_ekf_bridge,external_yaw_stddev_rad,0.05,,effective_config; partial parameter recording
2,px4_ekf_bridge,use_pose_header_stamp,false,,effective_config; partial parameter recording
2,px4_ekf_bridge,request_output_streams,true,,effective_config; partial parameter recording
2,px4_ekf_bridge,output_stream_rate_hz,30.0,,effective_config; partial parameter recording
2,px4_ekf_bridge,output_attitude_timeout_sec,0.25,,effective_config; partial parameter recording
2,px4_ekf_bridge,sih_heading_guard_enabled,true,,effective_config; partial parameter recording
2,px4_ekf_bridge,sih_heading_max_error_deg,15.0,,effective_config; partial parameter recording
2,px4_ekf_bridge,align_output_to_motive_on_first_sample,false,,effective_config; partial parameter recording
2,px4_ekf_bridge,configure_px4_parameters,false,,effective_config; partial parameter recording
2,px4_ekf_bridge,parameter_apply_delay_sec,1.0,,effective_config; partial parameter recording
2,px4_ekf_bridge,parameter_ack_timeout_sec,0.8,,effective_config; partial parameter recording
2,px4_ekf_bridge,parameter_max_attempts,5,,effective_config; partial parameter recording
2,px4_ekf_bridge,px4_parameter_names,"[""EKF2_EV_CTRL"", ""EKF2_EV_DELAY"", ""EKF2_EV_POS_X"", ""EKF2_EV_POS_Y"", ""EKF2_EV_POS_Z"", ""EKF2_MAG_TYPE"", ""EKF2_EV_NOISE_MD"", ""EKF2_EVP_NOISE"", ""EKF2_EVA_NOISE""]",,effective_config; partial parameter recording
2,px4_ekf_bridge,px4_parameter_values,"[9.0, 0.0, 0.0, 0.0, 0.0, 5.0, 0.0, 0.03, 0.05]",,effective_config; partial parameter recording
2,px4_ekf_bridge,px4_parameter_types,"[""int32"", ""float"", ""float"", ""float"", ""float"", ""int32"", ""int32"", ""float"", ""float""]",,effective_config; partial parameter recording
2,px4_odom_map_bridge,input_topic,"""/px4/sih/odom""",,effective_config; partial parameter recording
2,px4_odom_map_bridge,output_topic,"""/motive/vehicle/odom_map""",,effective_config; partial parameter recording
2,px4_odom_map_bridge,publish_pose_stamped,true,,effective_config; partial parameter recording
2,px4_odom_map_bridge,output_pose_topic,"""/motive/vehicle/pose""",,effective_config; partial parameter recording
2,px4_odom_map_bridge,output_yaw_is_orientation_z,true,,effective_config; partial parameter recording
2,px4_odom_map_bridge,route_name,"""scenario2""","""scenario2""",effective_config + parameter_events
2,px4_odom_map_bridge,position_scale,1.0,,effective_config; partial parameter recording
2,px4_odom_map_bridge,x_offset,0.0,,effective_config; partial parameter recording
2,px4_odom_map_bridge,y_offset,0.0,,effective_config; partial parameter recording
2,px4_odom_map_bridge,z_offset,0.0,,effective_config; partial parameter recording
2,px4_odom_map_bridge,yaw_offset_rad,0.0,,effective_config; partial parameter recording
2,px4_odom_map_bridge,swap_xy,false,,effective_config; partial parameter recording
2,px4_odom_map_bridge,invert_x,false,,effective_config; partial parameter recording
2,px4_odom_map_bridge,invert_y,false,,effective_config; partial parameter recording
2,px4_odom_map_bridge,velocity_lpf_alpha,0.4,,effective_config; partial parameter recording
2,px4_odom_map_bridge,yaw_rate_lpf_alpha,1.0,,effective_config; partial parameter recording
2,px4_odom_map_bridge,max_velocity_dt_sec,0.5,,effective_config; partial parameter recording
2,px4_odom_map_bridge,input_timeout_sec,0.6,,effective_config; partial parameter recording
2,px4_odom_map_bridge,enable_batch_reanchor,true,,effective_config; partial parameter recording
2,knu_global_path_publisher,route_name,"""scenario2""",,effective_config; partial parameter recording
2,knu_global_path_publisher,global_path_topic,"""/navigation/global_path""",,effective_config; partial parameter recording
2,knu_global_path_publisher,frame_id,"""map""",,effective_config; partial parameter recording
2,knu_global_path_publisher,publish_period_sec,2.0,,effective_config; partial parameter recording
2,upper_planner_node,scale_mode,"""fullscale""","""fullscale""",effective_config + parameter_events
2,upper_planner_node,bev_forward_m,40.0,,effective_config; partial parameter recording
2,upper_planner_node,preview_interval_boundary_margin_m,2.0,,effective_config; partial parameter recording
2,upper_planner_node,upper_planner_rate_hz,2.0,2.0,effective_config + parameter_events
2,upper_planner_node,upper_prediction_dt_sec,0.75,0.75,effective_config + parameter_events
2,upper_planner_node,upper_preview_steps,6,6,effective_config + parameter_events
2,upper_planner_node,preview_limit_to_grid_extent,true,true,effective_config + parameter_events
2,upper_planner_node,preview_grid_reserve_steps,1,1,effective_config + parameter_events
2,upper_planner_node,preview_restore_full_horizon,true,,effective_config; partial parameter recording
2,upper_planner_node,guard_side_boundary_terminal_loss,true,,effective_config; partial parameter recording
2,upper_planner_node,lower_prediction_dt_sec,0.1,,effective_config; partial parameter recording
2,upper_planner_node,lower_min_path_spacing_m,0.05,,effective_config; partial parameter recording
2,upper_planner_node,target_speed_mps,6.0,,effective_config; partial parameter recording
2,upper_planner_node,max_steering_angle_rad,0.3,,effective_config; partial parameter recording
2,upper_planner_node,a_max_mps2,1.0,1.0,effective_config + parameter_events
2,upper_planner_node,miqp_big_m,100.0,,effective_config; partial parameter recording
2,upper_planner_node,position_scale_m,10.0,,effective_config; partial parameter recording
2,upper_planner_node,relative_turn_scale_rad,0.3490658504,,effective_config; partial parameter recording
2,upper_planner_node,lambda_position,1.0,,effective_config; partial parameter recording
2,upper_planner_node,lambda_relative_turn,0.6,,effective_config; partial parameter recording
2,upper_planner_node,terminal_buffer_max_turn_rad,0.3490658504,,effective_config; partial parameter recording
2,upper_planner_node,terminal_position_weight_multiplier,1000.0,,effective_config; partial parameter recording
2,upper_planner_node,upper_r_dv,1.0,,effective_config; partial parameter recording
2,upper_planner_node,upper_r_dpsi,3.0,,effective_config; partial parameter recording
2,upper_planner_node,normalize_upper_input_cost,false,,effective_config; partial parameter recording
2,upper_planner_node,turn_preview_steps,2,,effective_config; partial parameter recording
2,upper_planner_node,turn_weight_growth,2.0,,effective_config; partial parameter recording
2,upper_planner_node,upper_cumulative_increment_model,true,,effective_config; partial parameter recording
2,upper_planner_node,branch_turn_window_at_split,true,,effective_config; partial parameter recording
2,upper_planner_node,branch_turn_target_absolute,true,true,effective_config + parameter_events
2,upper_planner_node,branch_split_continuity_m,6.75,6.75,effective_config + parameter_events
2,upper_planner_node,miqp_diagonal_regularization,1e-10,,effective_config; partial parameter recording
2,upper_planner_node,miqp_binary_diagonal_regularization,0.0001,,effective_config; partial parameter recording
2,upper_planner_node,miqp_feasibility_tolerance,0.001,,effective_config; partial parameter recording
2,upper_planner_node,wp_switch_eps,10.0,,effective_config; partial parameter recording
2,upper_planner_node,wp_switch_max_distance_m,15.0,,effective_config; partial parameter recording
2,upper_planner_node,goal_stop_distance_m,-1.0,,effective_config; partial parameter recording
2,upper_planner_node,enable_waypoint_bias,false,,effective_config; partial parameter recording
2,upper_planner_node,waypoint_x_bias_m,0.0,,effective_config; partial parameter recording
2,upper_planner_node,waypoint_y_bias_m,0.0,,effective_config; partial parameter recording
2,upper_planner_node,waypoint_yaw_bias_rad,0.17,,effective_config; partial parameter recording
2,upper_planner_node,state_input_type,"""odom""",,effective_config; partial parameter recording
2,upper_planner_node,odom_topic,"""/motive/vehicle/odom_map""",,effective_config; partial parameter recording
2,upper_planner_node,odom_yaw_is_orientation_z,true,true,effective_config + parameter_events
2,upper_planner_node,pose_stamped_topic,"""/px4/sih/odom""",,effective_config; partial parameter recording
2,upper_planner_node,pose_stamped_yaw_is_orientation_z,true,,effective_config; partial parameter recording
2,upper_planner_node,pose_x_offset,0.0,,effective_config; partial parameter recording
2,upper_planner_node,pose_y_offset,0.0,,effective_config; partial parameter recording
2,upper_planner_node,pose_yaw_offset_rad,0.0,,effective_config; partial parameter recording
2,upper_planner_node,pose_position_scale,1.0,,effective_config; partial parameter recording
2,upper_planner_node,pose_swap_xy,false,,effective_config; partial parameter recording
2,upper_planner_node,pose_invert_x,false,false,effective_config + parameter_events
2,upper_planner_node,pose_invert_y,false,false,effective_config + parameter_events
2,upper_planner_node,pose_speed_lpf_alpha,1.0,1.0,effective_config + parameter_events
2,upper_planner_node,pose_max_dt_for_speed,0.5,0.5,effective_config + parameter_events
2,upper_planner_node,input_timeout_sec,3.0,,effective_config; partial parameter recording
2,upper_planner_node,require_grid_map,true,,effective_config; partial parameter recording
2,upper_planner_node,skip_front_clipped_k1_lane_constraints,false,,effective_config; partial parameter recording
2,upper_planner_node,global_path_topic,"""/navigation/global_path""","""/navigation/global_path""",effective_config + parameter_events
2,upper_planner_node,grid_map_topic,"""/bev/occupancy_grid""","""/bev/occupancy_grid""",effective_config + parameter_events
2,upper_planner_node,grid_origin_x_override_enabled,false,,effective_config; partial parameter recording
2,upper_planner_node,grid_origin_x_override_m,0.0,,effective_config; partial parameter recording
2,upper_planner_node,upper_sparse_path_topic,"""/planner/upper_path_sparse""","""/planner/upper_path_sparse""",effective_config + parameter_events
2,upper_planner_node,lower_reference_path_topic,"""/planner/lower_reference_path""","""/planner/lower_reference_path""",effective_config + parameter_events
2,upper_planner_node,goal_reached_topic,"""/planner/goal_reached""","""/planner/goal_reached""",effective_config + parameter_events
2,upper_planner_node,path_frame_id,"""map""","""map""",effective_config + parameter_events
2,upper_planner_node,use_csv_global_path,false,,effective_config; partial parameter recording
2,upper_planner_node,csv_global_path_file,"""local_map.csv""",,effective_config; partial parameter recording
2,upper_planner_node,allow_topic_path_override_when_csv_loaded,false,,effective_config; partial parameter recording
2,upper_planner_node,reset_waypoint_on_path_update,true,,effective_config; partial parameter recording
2,upper_planner_node,grid_value_threshold,1,,effective_config; partial parameter recording
2,upper_planner_node,grid_positive_is_drivable,false,,effective_config; partial parameter recording
2,upper_planner_node,expected_grid_frame_id,"""Vehicle""",,effective_config; partial parameter recording
2,upper_planner_node,require_grid_frame_match,true,,effective_config; partial parameter recording
2,upper_planner_node,preview_min_target_distance_m,0.1,,effective_config; partial parameter recording
2,upper_planner_node,preview_line_sample_m,0.1,,effective_config; partial parameter recording
2,upper_planner_node,preview_min_segment_samples,2,,effective_config; partial parameter recording
2,upper_planner_node,preview_interval_soft_ratio,0.7,,effective_config; partial parameter recording
2,upper_planner_node,preview_interval_relative_length_factor,1.5,,effective_config; partial parameter recording
2,upper_planner_node,preview_interval_enable_nominal_fallback,true,,effective_config; partial parameter recording
2,upper_planner_node,preview_interval_nominal_fallback_width_m,4.5,,effective_config; partial parameter recording
2,upper_planner_node,preview_interval_fallback_max_centering_length_m,9.0,,effective_config; partial parameter recording
2,upper_planner_node,preview_interval_debug,false,,effective_config; partial parameter recording
2,upper_planner_node,enable_batch_mission_reset,true,,effective_config; partial parameter recording
2,lower_tracking_mpc_node,scale_mode,"""fullscale""",,effective_config; partial parameter recording
2,lower_tracking_mpc_node,lower_controller_rate_hz,10.0,10.0,effective_config + parameter_events
2,lower_tracking_mpc_node,lower_prediction_dt_sec,0.1,0.1,effective_config + parameter_events
2,lower_tracking_mpc_node,lower_prediction_steps,30,30,effective_config + parameter_events
2,lower_tracking_mpc_node,lower_q_lateral,1.0,1.0,effective_config + parameter_events
2,lower_tracking_mpc_node,lower_q_heading,0.5,0.5,effective_config + parameter_events
2,lower_tracking_mpc_node,lower_r_steering,0.3,0.3,effective_config + parameter_events
2,lower_tracking_mpc_node,lower_rd_steering_rate,150.0,150.0,effective_config + parameter_events
2,lower_tracking_mpc_node,lower_max_steering_angle_rad,0.3,0.3,effective_config + parameter_events
2,lower_tracking_mpc_node,lower_steering_command_scale_rad,0.35,0.35,effective_config + parameter_events
2,lower_tracking_mpc_node,lower_reference_point_to_rear_axle_m,1.4,1.4,effective_config + parameter_events
2,lower_tracking_mpc_node,lower_max_steering_rate_radps,1.0471975512,1.0471975512,effective_config + parameter_events
2,lower_tracking_mpc_node,lower_enable_steering_actuator_model,true,,effective_config; partial parameter recording
2,lower_tracking_mpc_node,lower_steering_actuator_delay_sec,0.0,,effective_config; partial parameter recording
2,lower_tracking_mpc_node,lower_steering_actuator_time_constant_sec,0.74,,effective_config; partial parameter recording
2,lower_tracking_mpc_node,lower_use_path_arclength,true,,effective_config; partial parameter recording
2,lower_tracking_mpc_node,lower_reference_follow_measured_speed,true,,effective_config; partial parameter recording
2,lower_tracking_mpc_node,lower_min_path_spacing_m,0.05,,effective_config; partial parameter recording
2,lower_tracking_mpc_node,lower_min_effective_speed_mps,0.1,,effective_config; partial parameter recording
2,lower_tracking_mpc_node,input_timeout_sec,0.6,,effective_config; partial parameter recording
2,lower_tracking_mpc_node,lower_path_timeout_sec,1.5,,effective_config; partial parameter recording
2,lower_tracking_mpc_node,solver_hold_last_valid_sec,0.0,,effective_config; partial parameter recording
2,lower_tracking_mpc_node,path_change_reset_threshold_m,0.75,,effective_config; partial parameter recording
2,lower_tracking_mpc_node,reset_on_path_change,true,,effective_config; partial parameter recording
2,lower_tracking_mpc_node,pose_jump_reset_threshold_m,1.0,,effective_config; partial parameter recording
2,lower_tracking_mpc_node,publish_applied_cmd_when_invalid,true,,effective_config; partial parameter recording
2,lower_tracking_mpc_node,state_input_type,"""odom""",,effective_config; partial parameter recording
2,lower_tracking_mpc_node,odom_topic,"""/motive/vehicle/odom_map""",,effective_config; partial parameter recording
2,lower_tracking_mpc_node,odom_yaw_is_orientation_z,true,,effective_config; partial parameter recording
2,lower_tracking_mpc_node,pose_stamped_topic,"""/px4/sih/odom""",,effective_config; partial parameter recording
2,lower_tracking_mpc_node,pose_stamped_yaw_is_orientation_z,true,,effective_config; partial parameter recording
2,lower_tracking_mpc_node,pose_x_offset,0.0,,effective_config; partial parameter recording
2,lower_tracking_mpc_node,pose_y_offset,0.0,,effective_config; partial parameter recording
2,lower_tracking_mpc_node,pose_yaw_offset_rad,0.0,,effective_config; partial parameter recording
2,lower_tracking_mpc_node,pose_position_scale,1.0,,effective_config; partial parameter recording
2,lower_tracking_mpc_node,pose_swap_xy,false,,effective_config; partial parameter recording
2,lower_tracking_mpc_node,pose_invert_x,false,,effective_config; partial parameter recording
2,lower_tracking_mpc_node,pose_invert_y,false,,effective_config; partial parameter recording
2,lower_tracking_mpc_node,pose_speed_lpf_alpha,1.0,,effective_config; partial parameter recording
2,lower_tracking_mpc_node,pose_max_dt_for_speed,0.5,,effective_config; partial parameter recording
2,lower_tracking_mpc_node,lower_reference_path_topic,"""/planner/lower_reference_path""",,effective_config; partial parameter recording
2,lower_tracking_mpc_node,goal_reached_topic,"""/planner/goal_reached""",,effective_config; partial parameter recording
2,lower_tracking_mpc_node,reset_topic,"""/controller/reset""",,effective_config; partial parameter recording
2,lower_tracking_mpc_node,duty_topic,"""/control/duty_cmd""",,effective_config; partial parameter recording
2,lower_tracking_mpc_node,pwm_topic,"""/cmd_pwm""",,effective_config; partial parameter recording
2,lower_tracking_mpc_node,virtual_cmd_topic,"""/cmd_control""",,effective_config; partial parameter recording
2,lower_tracking_mpc_node,enable_output_filter,false,,effective_config; partial parameter recording
2,lower_tracking_mpc_node,steer_norm_max,1.0,,effective_config; partial parameter recording
2,lower_tracking_mpc_node,steer_norm_rate_max,1.5,,effective_config; partial parameter recording
2,lower_tracking_mpc_node,steer_norm_lpf_alpha,0.7,,effective_config; partial parameter recording
2,lower_tracking_mpc_node,steer_sign,1.0,,effective_config; partial parameter recording
2,lower_tracking_mpc_node,target_speed_mps,6.0,,effective_config; partial parameter recording
2,lower_tracking_mpc_node,target_accel_mps2,0.0,,effective_config; partial parameter recording
2,lower_tracking_mpc_node,speed_kp,0.08,,effective_config; partial parameter recording
2,lower_tracking_mpc_node,speed_ki,0.01,,effective_config; partial parameter recording
2,lower_tracking_mpc_node,throttle_ff,0.05,,effective_config; partial parameter recording
2,lower_tracking_mpc_node,max_virtual_throttle,0.35,,effective_config; partial parameter recording
2,lower_tracking_mpc_node,max_virtual_brake,0.7,,effective_config; partial parameter recording
2,lower_tracking_mpc_node,speed_deadband_mps,0.03,,effective_config; partial parameter recording
2,lower_tracking_mpc_node,speed_integral_limit,30.0,,effective_config; partial parameter recording
2,lower_tracking_mpc_node,publish_pwm,true,true,effective_config + parameter_events
2,lower_tracking_mpc_node,pwm_min,1000,1000,effective_config + parameter_events
2,lower_tracking_mpc_node,pwm_center,1500,1500,effective_config + parameter_events
2,lower_tracking_mpc_node,pwm_max,2000,2000,effective_config + parameter_events
2,lower_tracking_mpc_node,throttle_pwm_min,1500,1500,effective_config + parameter_events
2,lower_tracking_mpc_node,throttle_pwm_max,2000,2000,effective_config + parameter_events
2,lower_tracking_mpc_node,steering_pwm_min,1000,1000,effective_config + parameter_events
2,lower_tracking_mpc_node,steering_pwm_max,2000,2000,effective_config + parameter_events
2,lower_tracking_mpc_node,pixhawk_output_backend,"""mavlink_udp""","""mavlink_udp""",effective_config + parameter_events
2,lower_tracking_mpc_node,mavlink_enable,true,true,effective_config + parameter_events
2,lower_tracking_mpc_node,mavlink_bind_ip,"""0.0.0.0""","""0.0.0.0""",effective_config + parameter_events
2,lower_tracking_mpc_node,mavlink_bind_port,14540,,effective_config; partial parameter recording
2,lower_tracking_mpc_node,mavlink_source_system,245,,effective_config; partial parameter recording
2,lower_tracking_mpc_node,mavlink_source_component,190,,effective_config; partial parameter recording
2,lower_tracking_mpc_node,mavlink_target_system,1,,effective_config; partial parameter recording
2,lower_tracking_mpc_node,mavlink_target_component,1,,effective_config; partial parameter recording
2,lower_tracking_mpc_node,mavlink_send_neutral_on_invalid,true,true,effective_config + parameter_events
2,lower_tracking_mpc_node,mavlink_hold_last_valid_sec,0.0,0.0,effective_config + parameter_events
2,lower_tracking_mpc_node,mavlink_auto_manual_mode,false,false,effective_config + parameter_events
2,lower_tracking_mpc_node,mavlink_auto_arm,false,false,effective_config + parameter_events
2,lower_tracking_mpc_node,mavlink_force_arm,false,false,effective_config + parameter_events
2,lower_tracking_mpc_node,mavlink_disarm_on_shutdown,true,true,effective_config + parameter_events
2,lower_tracking_mpc_node,mavlink_throttle_max_norm,0.35,0.35,effective_config + parameter_events
2,lower_tracking_mpc_node,mavlink_steer_sign,1.0,1.0,effective_config + parameter_events
2,lower_tracking_mpc_node,mavlink_keepalive_rate_hz,20.0,20.0,effective_config + parameter_events
2,lower_tracking_mpc_node,batch_supervision,true,true,effective_config + parameter_events
2,knu_batch_runner,stop_sec,10.0,10.0,effective_config + parameter_events
2,knu_batch_runner,movement_m,0.5,0.5,effective_config + parameter_events
2,knu_batch_runner,off_route_m,15.0,15.0,effective_config + parameter_events
2,knu_batch_runner,off_route_sec,3.0,3.0,effective_config + parameter_events
2,knu_batch_runner,reverse_m,8.0,8.0,effective_config + parameter_events
2,knu_batch_runner,reverse_sec,3.0,3.0,effective_config + parameter_events
2,knu_batch_runner,no_progress_sec,30.0,30.0,effective_config + parameter_events
2,knu_batch_runner,goal_radius_m,8.0,8.0,effective_config + parameter_events
2,knu_batch_runner,finish_remaining_m,12.0,12.0,effective_config + parameter_events
2,knu_batch_runner,min_progress_ratio,0.85,0.85,effective_config + parameter_events
2,knu_batch_runner,route_timeout_sec,180.0,180.0,effective_config + parameter_events
2,knu_batch_runner,startup_timeout_sec,120.0,120.0,effective_config + parameter_events
2,knu_batch_runner,setup_timeout_sec,30.0,30.0,effective_config + parameter_events
2,knu_batch_runner,pose_loss_sec,10.0,10.0,effective_config + parameter_events
2,knu_batch_runner,grid_loss_sec,10.0,10.0,effective_config + parameter_events
2,knu_batch_runner,pose_fresh_sec,0.6,0.6,effective_config + parameter_events
2,knu_batch_runner,grid_fresh_sec,2.0,2.0,effective_config + parameter_events
2,knu_batch_runner,routes,"[""scenario2""]","[""scenario2""]",effective_config + parameter_events
2,knu_batch_runner,repeat_count,10,10,effective_config + parameter_events
2,knu_batch_runner,require_recorder,true,true,effective_config + parameter_events
2,knu_batch_runner,reset_upper_each_attempt,true,true,effective_config + parameter_events
2,knu_batch_runner,recorder_timeout_sec,2.0,2.0,effective_config + parameter_events
2,knu_batch_runner,stationary_timeout_sec,60.0,60.0,effective_config + parameter_events
2,knu_batch_runner,results_directory,"""/home/imac/ros2_ws/drive_batches/20261008_183952_scenario2_5524df/results""","""/home/imac/ros2_ws/drive_batches/20261008_183952_scenario2_5524df/results""",effective_config + parameter_events
2,upper_planner_node,use_sim_time,,false,parameter_events (default resolved at run)
2,lower_tracking_mpc_node,use_sim_time,,false,parameter_events (default resolved at run)
2,px4_odom_map_bridge,use_sim_time,,false,parameter_events (default resolved at run)
2,knu_batch_runner,use_sim_time,,false,parameter_events (default resolved at run)
3,px4_ekf_bridge,enable_motive_pose_input,false,,effective_config; partial parameter recording
3,px4_ekf_bridge,motive_pose_topic,"""/motive/vehicle/pose""",,effective_config; partial parameter recording
3,px4_ekf_bridge,output_odom_topic,"""/px4/ekf_odom""",,effective_config; partial parameter recording
3,px4_ekf_bridge,output_pose_topic,"""/px4/sih/odom""",,effective_config; partial parameter recording
3,px4_ekf_bridge,publish_yaw_scalar_pose,true,,effective_config; partial parameter recording
3,px4_ekf_bridge,output_frame_id,"""map""",,effective_config; partial parameter recording
3,px4_ekf_bridge,output_child_frame_id,"""base_link""",,effective_config; partial parameter recording
3,px4_ekf_bridge,pose_orientation_mode,"""yaw_scalar_z""",,effective_config; partial parameter recording
3,px4_ekf_bridge,pose_yaw_offset_rad,0.0,,effective_config; partial parameter recording
3,px4_ekf_bridge,pose_x_offset_m,0.0,,effective_config; partial parameter recording
3,px4_ekf_bridge,pose_y_offset_m,0.0,,effective_config; partial parameter recording
3,px4_ekf_bridge,pose_z_offset_m,0.0,,effective_config; partial parameter recording
3,px4_ekf_bridge,pose_position_scale,1.0,,effective_config; partial parameter recording
3,px4_ekf_bridge,pose_timeout_sec,0.2,,effective_config; partial parameter recording
3,px4_ekf_bridge,zero_origin_on_first_pose,false,,effective_config; partial parameter recording
3,px4_ekf_bridge,connection_url,"""udpin:0.0.0.0:14541""",,effective_config; partial parameter recording
3,px4_ekf_bridge,baud,921600,,effective_config; partial parameter recording
3,px4_ekf_bridge,source_system,245,,effective_config; partial parameter recording
3,px4_ekf_bridge,source_component,191,,effective_config; partial parameter recording
3,px4_ekf_bridge,target_system,1,,effective_config; partial parameter recording
3,px4_ekf_bridge,target_component,1,,effective_config; partial parameter recording
3,px4_ekf_bridge,reconnect_period_sec,2.0,,effective_config; partial parameter recording
3,px4_ekf_bridge,heartbeat_rate_hz,1.0,,effective_config; partial parameter recording
3,px4_ekf_bridge,timesync_rate_hz,5.0,,effective_config; partial parameter recording
3,px4_ekf_bridge,external_vision_rate_hz,50.0,,effective_config; partial parameter recording
3,px4_ekf_bridge,external_message_type,"""vision_position_estimate""",,effective_config; partial parameter recording
3,px4_ekf_bridge,external_vision_quality,100,,effective_config; partial parameter recording
3,px4_ekf_bridge,external_estimator_type,"""vision""",,effective_config; partial parameter recording
3,px4_ekf_bridge,external_position_stddev_m,0.03,,effective_config; partial parameter recording
3,px4_ekf_bridge,external_z_stddev_m,0.1,,effective_config; partial parameter recording
3,px4_ekf_bridge,external_yaw_stddev_rad,0.05,,effective_config; partial parameter recording
3,px4_ekf_bridge,use_pose_header_stamp,false,,effective_config; partial parameter recording
3,px4_ekf_bridge,request_output_streams,true,,effective_config; partial parameter recording
3,px4_ekf_bridge,output_stream_rate_hz,30.0,,effective_config; partial parameter recording
3,px4_ekf_bridge,output_attitude_timeout_sec,0.25,,effective_config; partial parameter recording
3,px4_ekf_bridge,sih_heading_guard_enabled,true,,effective_config; partial parameter recording
3,px4_ekf_bridge,sih_heading_max_error_deg,15.0,,effective_config; partial parameter recording
3,px4_ekf_bridge,align_output_to_motive_on_first_sample,false,,effective_config; partial parameter recording
3,px4_ekf_bridge,configure_px4_parameters,false,,effective_config; partial parameter recording
3,px4_ekf_bridge,parameter_apply_delay_sec,1.0,,effective_config; partial parameter recording
3,px4_ekf_bridge,parameter_ack_timeout_sec,0.8,,effective_config; partial parameter recording
3,px4_ekf_bridge,parameter_max_attempts,5,,effective_config; partial parameter recording
3,px4_ekf_bridge,px4_parameter_names,"[""EKF2_EV_CTRL"", ""EKF2_EV_DELAY"", ""EKF2_EV_POS_X"", ""EKF2_EV_POS_Y"", ""EKF2_EV_POS_Z"", ""EKF2_MAG_TYPE"", ""EKF2_EV_NOISE_MD"", ""EKF2_EVP_NOISE"", ""EKF2_EVA_NOISE""]",,effective_config; partial parameter recording
3,px4_ekf_bridge,px4_parameter_values,"[9.0, 0.0, 0.0, 0.0, 0.0, 5.0, 0.0, 0.03, 0.05]",,effective_config; partial parameter recording
3,px4_ekf_bridge,px4_parameter_types,"[""int32"", ""float"", ""float"", ""float"", ""float"", ""int32"", ""int32"", ""float"", ""float""]",,effective_config; partial parameter recording
3,px4_odom_map_bridge,input_topic,"""/px4/sih/odom""",,effective_config; partial parameter recording
3,px4_odom_map_bridge,output_topic,"""/motive/vehicle/odom_map""",,effective_config; partial parameter recording
3,px4_odom_map_bridge,publish_pose_stamped,true,,effective_config; partial parameter recording
3,px4_odom_map_bridge,output_pose_topic,"""/motive/vehicle/pose""",,effective_config; partial parameter recording
3,px4_odom_map_bridge,output_yaw_is_orientation_z,true,,effective_config; partial parameter recording
3,px4_odom_map_bridge,route_name,"""scenario3""","""scenario3""",effective_config + parameter_events
3,px4_odom_map_bridge,position_scale,1.0,,effective_config; partial parameter recording
3,px4_odom_map_bridge,x_offset,0.0,,effective_config; partial parameter recording
3,px4_odom_map_bridge,y_offset,0.0,,effective_config; partial parameter recording
3,px4_odom_map_bridge,z_offset,0.0,,effective_config; partial parameter recording
3,px4_odom_map_bridge,yaw_offset_rad,0.0,,effective_config; partial parameter recording
3,px4_odom_map_bridge,swap_xy,false,,effective_config; partial parameter recording
3,px4_odom_map_bridge,invert_x,false,,effective_config; partial parameter recording
3,px4_odom_map_bridge,invert_y,false,,effective_config; partial parameter recording
3,px4_odom_map_bridge,velocity_lpf_alpha,0.4,,effective_config; partial parameter recording
3,px4_odom_map_bridge,yaw_rate_lpf_alpha,1.0,,effective_config; partial parameter recording
3,px4_odom_map_bridge,max_velocity_dt_sec,0.5,,effective_config; partial parameter recording
3,px4_odom_map_bridge,input_timeout_sec,0.6,,effective_config; partial parameter recording
3,px4_odom_map_bridge,enable_batch_reanchor,true,,effective_config; partial parameter recording
3,knu_global_path_publisher,route_name,"""scenario3""",,effective_config; partial parameter recording
3,knu_global_path_publisher,global_path_topic,"""/navigation/global_path""",,effective_config; partial parameter recording
3,knu_global_path_publisher,frame_id,"""map""",,effective_config; partial parameter recording
3,knu_global_path_publisher,publish_period_sec,2.0,,effective_config; partial parameter recording
3,upper_planner_node,scale_mode,"""fullscale""","""fullscale""",effective_config + parameter_events
3,upper_planner_node,bev_forward_m,40.0,40.0,effective_config + parameter_events
3,upper_planner_node,preview_interval_boundary_margin_m,2.0,,effective_config; partial parameter recording
3,upper_planner_node,upper_planner_rate_hz,2.0,2.0,effective_config + parameter_events
3,upper_planner_node,upper_prediction_dt_sec,0.75,0.75,effective_config + parameter_events
3,upper_planner_node,upper_preview_steps,6,6,effective_config + parameter_events
3,upper_planner_node,preview_limit_to_grid_extent,true,true,effective_config + parameter_events
3,upper_planner_node,preview_grid_reserve_steps,1,1,effective_config + parameter_events
3,upper_planner_node,preview_restore_full_horizon,true,true,effective_config + parameter_events
3,upper_planner_node,guard_side_boundary_terminal_loss,true,true,effective_config + parameter_events
3,upper_planner_node,lower_prediction_dt_sec,0.1,0.1,effective_config + parameter_events
3,upper_planner_node,lower_min_path_spacing_m,0.05,0.05,effective_config + parameter_events
3,upper_planner_node,target_speed_mps,6.0,6.0,effective_config + parameter_events
3,upper_planner_node,max_steering_angle_rad,0.3,0.3,effective_config + parameter_events
3,upper_planner_node,a_max_mps2,1.0,1.0,effective_config + parameter_events
3,upper_planner_node,miqp_big_m,100.0,100.0,effective_config + parameter_events
3,upper_planner_node,position_scale_m,10.0,10.0,effective_config + parameter_events
3,upper_planner_node,relative_turn_scale_rad,0.3490658504,0.3490658504,effective_config + parameter_events
3,upper_planner_node,lambda_position,1.0,1.0,effective_config + parameter_events
3,upper_planner_node,lambda_relative_turn,0.6,0.6,effective_config + parameter_events
3,upper_planner_node,terminal_buffer_max_turn_rad,0.3490658504,0.3490658504,effective_config + parameter_events
3,upper_planner_node,terminal_position_weight_multiplier,1000.0,1000.0,effective_config + parameter_events
3,upper_planner_node,upper_r_dv,1.0,1.0,effective_config + parameter_events
3,upper_planner_node,upper_r_dpsi,3.0,3.0,effective_config + parameter_events
3,upper_planner_node,normalize_upper_input_cost,false,false,effective_config + parameter_events
3,upper_planner_node,turn_preview_steps,2,2,effective_config + parameter_events
3,upper_planner_node,turn_weight_growth,2.0,2.0,effective_config + parameter_events
3,upper_planner_node,upper_cumulative_increment_model,true,true,effective_config + parameter_events
3,upper_planner_node,branch_turn_window_at_split,true,true,effective_config + parameter_events
3,upper_planner_node,branch_turn_target_absolute,true,true,effective_config + parameter_events
3,upper_planner_node,branch_split_continuity_m,6.75,6.75,effective_config + parameter_events
3,upper_planner_node,miqp_diagonal_regularization,1e-10,1e-10,effective_config + parameter_events
3,upper_planner_node,miqp_binary_diagonal_regularization,0.0001,0.0001,effective_config + parameter_events
3,upper_planner_node,miqp_feasibility_tolerance,0.001,0.001,effective_config + parameter_events
3,upper_planner_node,wp_switch_eps,10.0,10.0,effective_config + parameter_events
3,upper_planner_node,wp_switch_max_distance_m,15.0,15.0,effective_config + parameter_events
3,upper_planner_node,goal_stop_distance_m,-1.0,-1.0,effective_config + parameter_events
3,upper_planner_node,enable_waypoint_bias,false,false,effective_config + parameter_events
3,upper_planner_node,waypoint_x_bias_m,0.0,0.0,effective_config + parameter_events
3,upper_planner_node,waypoint_y_bias_m,0.0,0.0,effective_config + parameter_events
3,upper_planner_node,waypoint_yaw_bias_rad,0.17,0.17,effective_config + parameter_events
3,upper_planner_node,state_input_type,"""odom""","""odom""",effective_config + parameter_events
3,upper_planner_node,odom_topic,"""/motive/vehicle/odom_map""","""/motive/vehicle/odom_map""",effective_config + parameter_events
3,upper_planner_node,odom_yaw_is_orientation_z,true,true,effective_config + parameter_events
3,upper_planner_node,pose_stamped_topic,"""/px4/sih/odom""","""/px4/sih/odom""",effective_config + parameter_events
3,upper_planner_node,pose_stamped_yaw_is_orientation_z,true,true,effective_config + parameter_events
3,upper_planner_node,pose_x_offset,0.0,0.0,effective_config + parameter_events
3,upper_planner_node,pose_y_offset,0.0,0.0,effective_config + parameter_events
3,upper_planner_node,pose_yaw_offset_rad,0.0,0.0,effective_config + parameter_events
3,upper_planner_node,pose_position_scale,1.0,1.0,effective_config + parameter_events
3,upper_planner_node,pose_swap_xy,false,,effective_config; partial parameter recording
3,upper_planner_node,pose_invert_x,false,false,effective_config + parameter_events
3,upper_planner_node,pose_invert_y,false,false,effective_config + parameter_events
3,upper_planner_node,pose_speed_lpf_alpha,1.0,1.0,effective_config + parameter_events
3,upper_planner_node,pose_max_dt_for_speed,0.5,0.5,effective_config + parameter_events
3,upper_planner_node,input_timeout_sec,3.0,3.0,effective_config + parameter_events
3,upper_planner_node,require_grid_map,true,true,effective_config + parameter_events
3,upper_planner_node,skip_front_clipped_k1_lane_constraints,false,false,effective_config + parameter_events
3,upper_planner_node,global_path_topic,"""/navigation/global_path""","""/navigation/global_path""",effective_config + parameter_events
3,upper_planner_node,grid_map_topic,"""/bev/occupancy_grid""","""/bev/occupancy_grid""",effective_config + parameter_events
3,upper_planner_node,grid_origin_x_override_enabled,false,false,effective_config + parameter_events
3,upper_planner_node,grid_origin_x_override_m,0.0,0.0,effective_config + parameter_events
3,upper_planner_node,upper_sparse_path_topic,"""/planner/upper_path_sparse""","""/planner/upper_path_sparse""",effective_config + parameter_events
3,upper_planner_node,lower_reference_path_topic,"""/planner/lower_reference_path""","""/planner/lower_reference_path""",effective_config + parameter_events
3,upper_planner_node,goal_reached_topic,"""/planner/goal_reached""","""/planner/goal_reached""",effective_config + parameter_events
3,upper_planner_node,path_frame_id,"""map""","""map""",effective_config + parameter_events
3,upper_planner_node,use_csv_global_path,false,false,effective_config + parameter_events
3,upper_planner_node,csv_global_path_file,"""local_map.csv""","""local_map.csv""",effective_config + parameter_events
3,upper_planner_node,allow_topic_path_override_when_csv_loaded,false,false,effective_config + parameter_events
3,upper_planner_node,reset_waypoint_on_path_update,true,true,effective_config + parameter_events
3,upper_planner_node,grid_value_threshold,1,1,effective_config + parameter_events
3,upper_planner_node,grid_positive_is_drivable,false,false,effective_config + parameter_events
3,upper_planner_node,expected_grid_frame_id,"""Vehicle""","""Vehicle""",effective_config + parameter_events
3,upper_planner_node,require_grid_frame_match,true,true,effective_config + parameter_events
3,upper_planner_node,preview_min_target_distance_m,0.1,0.1,effective_config + parameter_events
3,upper_planner_node,preview_line_sample_m,0.1,0.1,effective_config + parameter_events
3,upper_planner_node,preview_min_segment_samples,2,,effective_config; partial parameter recording
3,upper_planner_node,preview_interval_soft_ratio,0.7,,effective_config; partial parameter recording
3,upper_planner_node,preview_interval_relative_length_factor,1.5,,effective_config; partial parameter recording
3,upper_planner_node,preview_interval_enable_nominal_fallback,true,,effective_config; partial parameter recording
3,upper_planner_node,preview_interval_nominal_fallback_width_m,4.5,4.5,effective_config + parameter_events
3,upper_planner_node,preview_interval_fallback_max_centering_length_m,9.0,9.0,effective_config + parameter_events
3,upper_planner_node,preview_interval_debug,false,false,effective_config + parameter_events
3,upper_planner_node,enable_batch_mission_reset,true,true,effective_config + parameter_events
3,lower_tracking_mpc_node,scale_mode,"""fullscale""",,effective_config; partial parameter recording
3,lower_tracking_mpc_node,lower_controller_rate_hz,10.0,,effective_config; partial parameter recording
3,lower_tracking_mpc_node,lower_prediction_dt_sec,0.1,,effective_config; partial parameter recording
3,lower_tracking_mpc_node,lower_prediction_steps,30,,effective_config; partial parameter recording
3,lower_tracking_mpc_node,lower_q_lateral,1.0,,effective_config; partial parameter recording
3,lower_tracking_mpc_node,lower_q_heading,0.5,,effective_config; partial parameter recording
3,lower_tracking_mpc_node,lower_r_steering,0.3,,effective_config; partial parameter recording
3,lower_tracking_mpc_node,lower_rd_steering_rate,150.0,,effective_config; partial parameter recording
3,lower_tracking_mpc_node,lower_max_steering_angle_rad,0.3,,effective_config; partial parameter recording
3,lower_tracking_mpc_node,lower_steering_command_scale_rad,0.35,,effective_config; partial parameter recording
3,lower_tracking_mpc_node,lower_reference_point_to_rear_axle_m,1.4,,effective_config; partial parameter recording
3,lower_tracking_mpc_node,lower_max_steering_rate_radps,1.0471975512,,effective_config; partial parameter recording
3,lower_tracking_mpc_node,lower_enable_steering_actuator_model,true,,effective_config; partial parameter recording
3,lower_tracking_mpc_node,lower_steering_actuator_delay_sec,0.0,,effective_config; partial parameter recording
3,lower_tracking_mpc_node,lower_steering_actuator_time_constant_sec,0.74,,effective_config; partial parameter recording
3,lower_tracking_mpc_node,lower_use_path_arclength,true,,effective_config; partial parameter recording
3,lower_tracking_mpc_node,lower_reference_follow_measured_speed,true,,effective_config; partial parameter recording
3,lower_tracking_mpc_node,lower_min_path_spacing_m,0.05,,effective_config; partial parameter recording
3,lower_tracking_mpc_node,lower_min_effective_speed_mps,0.1,,effective_config; partial parameter recording
3,lower_tracking_mpc_node,input_timeout_sec,0.6,,effective_config; partial parameter recording
3,lower_tracking_mpc_node,lower_path_timeout_sec,1.5,,effective_config; partial parameter recording
3,lower_tracking_mpc_node,solver_hold_last_valid_sec,0.0,,effective_config; partial parameter recording
3,lower_tracking_mpc_node,path_change_reset_threshold_m,0.75,,effective_config; partial parameter recording
3,lower_tracking_mpc_node,reset_on_path_change,true,,effective_config; partial parameter recording
3,lower_tracking_mpc_node,pose_jump_reset_threshold_m,1.0,,effective_config; partial parameter recording
3,lower_tracking_mpc_node,publish_applied_cmd_when_invalid,true,,effective_config; partial parameter recording
3,lower_tracking_mpc_node,state_input_type,"""odom""",,effective_config; partial parameter recording
3,lower_tracking_mpc_node,odom_topic,"""/motive/vehicle/odom_map""",,effective_config; partial parameter recording
3,lower_tracking_mpc_node,odom_yaw_is_orientation_z,true,,effective_config; partial parameter recording
3,lower_tracking_mpc_node,pose_stamped_topic,"""/px4/sih/odom""",,effective_config; partial parameter recording
3,lower_tracking_mpc_node,pose_stamped_yaw_is_orientation_z,true,,effective_config; partial parameter recording
3,lower_tracking_mpc_node,pose_x_offset,0.0,,effective_config; partial parameter recording
3,lower_tracking_mpc_node,pose_y_offset,0.0,,effective_config; partial parameter recording
3,lower_tracking_mpc_node,pose_yaw_offset_rad,0.0,,effective_config; partial parameter recording
3,lower_tracking_mpc_node,pose_position_scale,1.0,,effective_config; partial parameter recording
3,lower_tracking_mpc_node,pose_swap_xy,false,,effective_config; partial parameter recording
3,lower_tracking_mpc_node,pose_invert_x,false,,effective_config; partial parameter recording
3,lower_tracking_mpc_node,pose_invert_y,false,,effective_config; partial parameter recording
3,lower_tracking_mpc_node,pose_speed_lpf_alpha,1.0,,effective_config; partial parameter recording
3,lower_tracking_mpc_node,pose_max_dt_for_speed,0.5,,effective_config; partial parameter recording
3,lower_tracking_mpc_node,lower_reference_path_topic,"""/planner/lower_reference_path""",,effective_config; partial parameter recording
3,lower_tracking_mpc_node,goal_reached_topic,"""/planner/goal_reached""",,effective_config; partial parameter recording
3,lower_tracking_mpc_node,reset_topic,"""/controller/reset""",,effective_config; partial parameter recording
3,lower_tracking_mpc_node,duty_topic,"""/control/duty_cmd""",,effective_config; partial parameter recording
3,lower_tracking_mpc_node,pwm_topic,"""/cmd_pwm""",,effective_config; partial parameter recording
3,lower_tracking_mpc_node,virtual_cmd_topic,"""/cmd_control""",,effective_config; partial parameter recording
3,lower_tracking_mpc_node,enable_output_filter,false,,effective_config; partial parameter recording
3,lower_tracking_mpc_node,steer_norm_max,1.0,,effective_config; partial parameter recording
3,lower_tracking_mpc_node,steer_norm_rate_max,1.5,,effective_config; partial parameter recording
3,lower_tracking_mpc_node,steer_norm_lpf_alpha,0.7,,effective_config; partial parameter recording
3,lower_tracking_mpc_node,steer_sign,1.0,,effective_config; partial parameter recording
3,lower_tracking_mpc_node,target_speed_mps,6.0,,effective_config; partial parameter recording
3,lower_tracking_mpc_node,target_accel_mps2,0.0,,effective_config; partial parameter recording
3,lower_tracking_mpc_node,speed_kp,0.08,,effective_config; partial parameter recording
3,lower_tracking_mpc_node,speed_ki,0.01,,effective_config; partial parameter recording
3,lower_tracking_mpc_node,throttle_ff,0.05,,effective_config; partial parameter recording
3,lower_tracking_mpc_node,max_virtual_throttle,0.35,,effective_config; partial parameter recording
3,lower_tracking_mpc_node,max_virtual_brake,0.7,,effective_config; partial parameter recording
3,lower_tracking_mpc_node,speed_deadband_mps,0.03,,effective_config; partial parameter recording
3,lower_tracking_mpc_node,speed_integral_limit,30.0,,effective_config; partial parameter recording
3,lower_tracking_mpc_node,publish_pwm,true,,effective_config; partial parameter recording
3,lower_tracking_mpc_node,pwm_min,1000,,effective_config; partial parameter recording
3,lower_tracking_mpc_node,pwm_center,1500,,effective_config; partial parameter recording
3,lower_tracking_mpc_node,pwm_max,2000,,effective_config; partial parameter recording
3,lower_tracking_mpc_node,throttle_pwm_min,1500,,effective_config; partial parameter recording
3,lower_tracking_mpc_node,throttle_pwm_max,2000,,effective_config; partial parameter recording
3,lower_tracking_mpc_node,steering_pwm_min,1000,,effective_config; partial parameter recording
3,lower_tracking_mpc_node,steering_pwm_max,2000,,effective_config; partial parameter recording
3,lower_tracking_mpc_node,pixhawk_output_backend,"""mavlink_udp""",,effective_config; partial parameter recording
3,lower_tracking_mpc_node,mavlink_enable,true,,effective_config; partial parameter recording
3,lower_tracking_mpc_node,mavlink_bind_ip,"""0.0.0.0""",,effective_config; partial parameter recording
3,lower_tracking_mpc_node,mavlink_bind_port,14540,,effective_config; partial parameter recording
3,lower_tracking_mpc_node,mavlink_source_system,245,,effective_config; partial parameter recording
3,lower_tracking_mpc_node,mavlink_source_component,190,,effective_config; partial parameter recording
3,lower_tracking_mpc_node,mavlink_target_system,1,,effective_config; partial parameter recording
3,lower_tracking_mpc_node,mavlink_target_component,1,,effective_config; partial parameter recording
3,lower_tracking_mpc_node,mavlink_send_neutral_on_invalid,true,,effective_config; partial parameter recording
3,lower_tracking_mpc_node,mavlink_hold_last_valid_sec,0.0,,effective_config; partial parameter recording
3,lower_tracking_mpc_node,mavlink_auto_manual_mode,false,,effective_config; partial parameter recording
3,lower_tracking_mpc_node,mavlink_auto_arm,false,,effective_config; partial parameter recording
3,lower_tracking_mpc_node,mavlink_force_arm,false,,effective_config; partial parameter recording
3,lower_tracking_mpc_node,mavlink_disarm_on_shutdown,true,,effective_config; partial parameter recording
3,lower_tracking_mpc_node,mavlink_throttle_max_norm,0.35,,effective_config; partial parameter recording
3,lower_tracking_mpc_node,mavlink_steer_sign,1.0,,effective_config; partial parameter recording
3,lower_tracking_mpc_node,mavlink_keepalive_rate_hz,20.0,,effective_config; partial parameter recording
3,lower_tracking_mpc_node,batch_supervision,true,,effective_config; partial parameter recording
3,knu_batch_runner,stop_sec,10.0,10.0,effective_config + parameter_events
3,knu_batch_runner,movement_m,0.5,0.5,effective_config + parameter_events
3,knu_batch_runner,off_route_m,15.0,15.0,effective_config + parameter_events
3,knu_batch_runner,off_route_sec,3.0,3.0,effective_config + parameter_events
3,knu_batch_runner,reverse_m,8.0,8.0,effective_config + parameter_events
3,knu_batch_runner,reverse_sec,3.0,3.0,effective_config + parameter_events
3,knu_batch_runner,no_progress_sec,30.0,30.0,effective_config + parameter_events
3,knu_batch_runner,goal_radius_m,8.0,8.0,effective_config + parameter_events
3,knu_batch_runner,finish_remaining_m,12.0,12.0,effective_config + parameter_events
3,knu_batch_runner,min_progress_ratio,0.85,0.85,effective_config + parameter_events
3,knu_batch_runner,route_timeout_sec,180.0,180.0,effective_config + parameter_events
3,knu_batch_runner,startup_timeout_sec,120.0,120.0,effective_config + parameter_events
3,knu_batch_runner,setup_timeout_sec,30.0,30.0,effective_config + parameter_events
3,knu_batch_runner,pose_loss_sec,10.0,10.0,effective_config + parameter_events
3,knu_batch_runner,grid_loss_sec,10.0,10.0,effective_config + parameter_events
3,knu_batch_runner,pose_fresh_sec,0.6,0.6,effective_config + parameter_events
3,knu_batch_runner,grid_fresh_sec,2.0,2.0,effective_config + parameter_events
3,knu_batch_runner,routes,"[""scenario3""]","[""scenario3""]",effective_config + parameter_events
3,knu_batch_runner,repeat_count,10,10,effective_config + parameter_events
3,knu_batch_runner,require_recorder,true,true,effective_config + parameter_events
3,knu_batch_runner,reset_upper_each_attempt,true,true,effective_config + parameter_events
3,knu_batch_runner,recorder_timeout_sec,2.0,2.0,effective_config + parameter_events
3,knu_batch_runner,stationary_timeout_sec,60.0,60.0,effective_config + parameter_events
3,knu_batch_runner,results_directory,"""/home/imac/ros2_ws/drive_batches/20261008_185426_scenario3_72c4df/results""","""/home/imac/ros2_ws/drive_batches/20261008_185426_scenario3_72c4df/results""",effective_config + parameter_events
3,upper_planner_node,wheelbase,,2.8,parameter_events (default resolved at run)
3,upper_planner_node,vehicle_length_m,,4.7,parameter_events (default resolved at run)
3,upper_planner_node,use_sim_time,,false,parameter_events (default resolved at run)
3,knu_batch_runner,use_sim_time,,false,parameter_events (default resolved at run)
