scenario,attempt,run_id,runner_outcome,exit_observation,evidence,road_center_containment,full_footprint_containment
1,1,20261008_182344_scenario1_0cefb5,completed,intended exit sequence observed,"recorded map trajectory + waypoint route; human geometric annotation, not persistent candidate ID",not independently assessable,not assessable
1,2,20261008_182344_scenario1_0cefb5,completed,intended exit sequence observed,"recorded map trajectory + waypoint route; human geometric annotation, not persistent candidate ID",not independently assessable,not assessable
1,3,20261008_182344_scenario1_0cefb5,completed,intended exit sequence observed,"recorded map trajectory + waypoint route; human geometric annotation, not persistent candidate ID",not independently assessable,not assessable
1,4,20261008_182344_scenario1_0cefb5,completed,intended exit sequence observed,"recorded map trajectory + waypoint route; human geometric annotation, not persistent candidate ID",not independently assessable,not assessable
1,5,20261008_182344_scenario1_0cefb5,completed,intended exit sequence observed,"recorded map trajectory + waypoint route; human geometric annotation, not persistent candidate ID",not independently assessable,not assessable
1,6,20261008_182344_scenario1_0cefb5,completed,intended exit sequence observed,"recorded map trajectory + waypoint route; human geometric annotation, not persistent candidate ID",not independently assessable,not assessable
1,7,20261008_182344_scenario1_0cefb5,completed,intended exit sequence observed,"recorded map trajectory + waypoint route; human geometric annotation, not persistent candidate ID",not independently assessable,not assessable
1,8,20261008_182344_scenario1_0cefb5,completed,intended exit sequence observed,"recorded map trajectory + waypoint route; human geometric annotation, not persistent candidate ID",not independently assessable,not assessable
1,9,20261008_182344_scenario1_0cefb5,off_route,north instead of intended east at final branch,"recorded map trajectory + waypoint route; human geometric annotation, not persistent candidate ID",not independently assessable,not assessable
1,10,20261008_182344_scenario1_0cefb5,completed,intended exit sequence observed,"recorded map trajectory + waypoint route; human geometric annotation, not persistent candidate ID",not independently assessable,not assessable
2,1,20261008_183952_scenario2_5524df,stopped_10s,not fully traversed; no final intended-exit success,"recorded map trajectory + waypoint route; human geometric annotation, not persistent candidate ID",not independently assessable,not assessable
2,2,20261008_183952_scenario2_5524df,stopped_10s,not fully traversed; no final intended-exit success,"recorded map trajectory + waypoint route; human geometric annotation, not persistent candidate ID",not independently assessable,not assessable
2,3,20261008_183952_scenario2_5524df,off_route,late southeast departure after neutral/control transitions; endpoint failure,"recorded map trajectory + waypoint route; human geometric annotation, not persistent candidate ID",not independently assessable,not assessable
2,4,20261008_183952_scenario2_5524df,stopped_10s,not fully traversed; no final intended-exit success,"recorded map trajectory + waypoint route; human geometric annotation, not persistent candidate ID",not independently assessable,not assessable
2,5,20261008_183952_scenario2_5524df,stopped_10s,not fully traversed; no final intended-exit success,"recorded map trajectory + waypoint route; human geometric annotation, not persistent candidate ID",not independently assessable,not assessable
2,6,20261008_183952_scenario2_5524df,stopped_10s,not fully traversed; no final intended-exit success,"recorded map trajectory + waypoint route; human geometric annotation, not persistent candidate ID",not independently assessable,not assessable
2,7,20261008_183952_scenario2_5524df,off_route,south at middle branch instead of continuing east,"recorded map trajectory + waypoint route; human geometric annotation, not persistent candidate ID",not independently assessable,not assessable
2,8,20261008_183952_scenario2_5524df,stopped_10s,not fully traversed; no final intended-exit success,"recorded map trajectory + waypoint route; human geometric annotation, not persistent candidate ID",not independently assessable,not assessable
2,9,20261008_183952_scenario2_5524df,stopped_10s,not fully traversed; no final intended-exit success,"recorded map trajectory + waypoint route; human geometric annotation, not persistent candidate ID",not independently assessable,not assessable
2,10,20261008_183952_scenario2_5524df,off_route,south at middle branch instead of continuing east,"recorded map trajectory + waypoint route; human geometric annotation, not persistent candidate ID",not independently assessable,not assessable
3,1,20261008_185426_scenario3_72c4df,completed,intended exit sequence observed,"recorded map trajectory + waypoint route; human geometric annotation, not persistent candidate ID",not independently assessable,not assessable
3,2,20261008_185426_scenario3_72c4df,completed,intended exit sequence observed,"recorded map trajectory + waypoint route; human geometric annotation, not persistent candidate ID",not independently assessable,not assessable
3,3,20261008_185426_scenario3_72c4df,completed,intended exit sequence observed,"recorded map trajectory + waypoint route; human geometric annotation, not persistent candidate ID",not independently assessable,not assessable
3,4,20261008_185426_scenario3_72c4df,completed,intended exit sequence observed,"recorded map trajectory + waypoint route; human geometric annotation, not persistent candidate ID",not independently assessable,not assessable
3,5,20261008_185426_scenario3_72c4df,completed,intended exit sequence observed,"recorded map trajectory + waypoint route; human geometric annotation, not persistent candidate ID",not independently assessable,not assessable
3,6,20261008_185426_scenario3_72c4df,completed,intended exit sequence observed,"recorded map trajectory + waypoint route; human geometric annotation, not persistent candidate ID",not independently assessable,not assessable
3,7,20261008_185426_scenario3_72c4df,completed,intended exit sequence observed,"recorded map trajectory + waypoint route; human geometric annotation, not persistent candidate ID",not independently assessable,not assessable
3,8,20261008_185426_scenario3_72c4df,completed,intended exit sequence observed,"recorded map trajectory + waypoint route; human geometric annotation, not persistent candidate ID",not independently assessable,not assessable
3,9,20261008_185426_scenario3_72c4df,completed,intended exit sequence observed,"recorded map trajectory + waypoint route; human geometric annotation, not persistent candidate ID",not independently assessable,not assessable
3,10,20261008_185426_scenario3_72c4df,completed,intended exit sequence observed,"recorded map trajectory + waypoint route; human geometric annotation, not persistent candidate ID",not independently assessable,not assessable
