scenario,signal,scope,samples,interval_samples,receive_rate_hz,median_interval_s,p95_interval_s,p99_interval_s,max_interval_s,clock
1,grid,entire_bag,24230,24229,37.444907459869285,0.023827075958251953,0.0647677898406982,0.08357622146606487,0.14916443824768066,bag receipt time; not source acquisition
1,grid,running,14817,14807,37.61811485631084,0.0237276554107666,0.0641453981399536,0.08231680393219017,0.1451430320739746,bag receipt time; not source acquisition
1,odometry,entire_bag,19280,19279,30.000853773786908,0.033869266510009766,0.03982985019683838,0.04252972602844239,0.06432580947875977,bag receipt time; not source acquisition
1,odometry,running,11814,11804,30.0006674470997,0.03387451171875,0.039852142333984375,0.042611100673675524,0.06432580947875977,bag receipt time; not source acquisition
2,grid,entire_bag,27692,27691,37.863902729494974,0.023958444595336914,0.06092405319213867,0.08242893218994114,0.16611242294311523,bag receipt time; not source acquisition
2,grid,running,23597,23587,37.920065566636374,0.02394866943359375,0.06001362800598157,0.08205410003662103,0.16611242294311523,bag receipt time; not source acquisition
2,odometry,entire_bag,21816,21815,30.00055955911479,0.033761024475097656,0.03989520072937012,0.04246991634368896,0.0504155158996582,bag receipt time; not source acquisition
2,odometry,running,18674,18664,30.00064572764743,0.03374838829040527,0.03994715213775635,0.042468864917755124,0.0504155158996582,bag receipt time; not source acquisition
3,grid,entire_bag,21328,21327,36.683310742353484,0.024424314498901367,0.06472234725952151,0.08591055870056158,0.20304512977600098,bag receipt time; not source acquisition
3,grid,running,12137,12127,36.76645748791239,0.024449825286865234,0.06415872573852531,0.08217061996459957,0.15720629692077637,bag receipt time; not source acquisition
3,odometry,entire_bag,17308,17307,30.000675467565046,0.033941030502319336,0.039849209785461435,0.04231483936309813,0.061971426010131836,bag receipt time; not source acquisition
3,odometry,running,9907,9897,30.002289114427732,0.03390932083129883,0.039950084686279294,0.04230246543884277,0.049207210540771484,bag receipt time; not source acquisition
