scenario,run_id,attempt,t_ros_s,time_kst,dt_s,previous_output_rad,output_rad,controller_delta_prev_rad,rate_radps,previous_mode,mode,category
1,20261008_182344_scenario1_0cefb5,1,1791451459.1771746,18:24:19.177,0.10083532333374023,-0.21420629620552062,-0.10471975952386856,0.0,1.0857954639494578,0.0,0.0,controller_rate_reference_changed
1,20261008_182344_scenario1_0cefb5,1,1791451459.677252,18:24:19.677,0.09975266456604004,-0.21731292605400085,0.0025254352251067756,0.0,2.203834476356933,0.0,0.0,controller_rate_reference_changed
1,20261008_182344_scenario1_0cefb5,1,1791451462.6776812,18:24:22.677,0.10070300102233887,-0.3000000029802322,-0.10471975952386856,0.0,1.9391700492922233,0.0,0.0,controller_rate_reference_changed
1,20261008_182344_scenario1_0cefb5,1,1791451462.7766967,18:24:22.776,0.09901547431945801,-0.10471975952386856,-0.2094395190477371,-0.10471975511999947,1.0576100376594324,0.0,0.0,within_nominal_dt_step; elapsed interval jitter
1,20261008_182344_scenario1_0cefb5,1,1791451463.1770287,18:24:23.177,0.10032176971435547,-0.3000000029802322,-0.10471975952386856,0.0,1.9465390613859972,0.0,0.0,controller_rate_reference_changed
1,20261008_182344_scenario1_0cefb5,1,1791451463.276772,18:24:23.276,0.09974336624145508,-0.10471975952386856,-0.2094395190477371,-0.10471975511999976,1.0498919724682922,0.0,0.0,within_nominal_dt_step; elapsed interval jitter
1,20261008_182344_scenario1_0cefb5,1,1791451464.678634,18:24:24.678,0.10180830955505371,-0.3000000029802322,-0.10471975952386856,0.0,1.918116942613257,0.0,0.0,controller_rate_reference_changed
1,20261008_182344_scenario1_0cefb5,1,1791451464.776464,18:24:24.776,0.09783005714416504,-0.10471975952386856,-0.2094395190477371,-0.10471975512000006,1.0704252106236702,0.0,0.0,within_nominal_dt_step; elapsed interval jitter
1,20261008_182344_scenario1_0cefb5,1,1791451465.6761606,18:24:25.676,0.09898638725280762,0.11308592855930327,0.21689214706420898,0.11308592543531477,1.0486918594148549,0.0,0.0,within_nominal_dt_step; elapsed interval jitter
1,20261008_182344_scenario1_0cefb5,1,1791451466.1772718,18:24:26.177,0.09975600242614746,0.3000000029802322,0.10471975952386856,0.0,1.957578879535954,0.0,0.0,controller_rate_reference_changed
1,20261008_182344_scenario1_0cefb5,1,1791451466.27666,18:24:26.276,0.09938812255859375,0.10471975952386856,0.2094395190477371,0.10471975512000001,1.0536446089132185,0.0,0.0,within_nominal_dt_step; elapsed interval jitter
1,20261008_182344_scenario1_0cefb5,1,1791451466.6774142,18:24:26.677,0.1006166934967041,0.3000000029802322,0.10471975952386856,0.0,1.9408334409514307,0.0,0.0,controller_rate_reference_changed
1,20261008_182344_scenario1_0cefb5,1,1791451466.7766216,18:24:26.776,0.09920740127563477,0.10471975952386856,0.2094395190477371,0.10471975512000015,1.0555639818940366,0.0,0.0,within_nominal_dt_step; elapsed interval jitter
1,20261008_182344_scenario1_0cefb5,1,1791451468.6774607,18:24:28.677,0.10074996948242188,-0.3000000029802322,-0.10471975952386856,0.0,1.9382660308441557,0.0,0.0,controller_rate_reference_changed
1,20261008_182344_scenario1_0cefb5,1,1791451468.776866,18:24:28.776,0.09940528869628906,-0.10471975952386856,-0.2094395190477371,-0.10471975512,1.053462656738684,0.0,0.0,within_nominal_dt_step; elapsed interval jitter
1,20261008_182344_scenario1_0cefb5,1,1791451469.6775088,18:24:29.677,0.10108494758605957,-0.3000000029802322,-0.10471975952386856,0.0,1.9318429510992237,0.0,0.0,controller_rate_reference_changed
1,20261008_182344_scenario1_0cefb5,2,1791451524.1789114,18:25:24.178,0.09980273246765137,-0.17895736694335937,-0.02405913136899471,0.0,1.552044034711887,0.0,0.0,controller_rate_reference_changed
1,20261008_182344_scenario1_0cefb5,2,1791451526.6798198,18:25:26.679,0.10127782821655273,-0.3000000029802322,-0.10471975952386856,0.0,1.9281638132959813,0.0,0.0,controller_rate_reference_changed
1,20261008_182344_scenario1_0cefb5,2,1791451526.7785783,18:25:26.778,0.09875845909118652,-0.10471975952386856,-0.2094395190477371,-0.10471975511999987,1.0603624285710835,0.0,0.0,within_nominal_dt_step; elapsed interval jitter
1,20261008_182344_scenario1_0cefb5,3,1791451588.6810496,18:26:28.681,0.10045003890991211,-0.24237491488456725,-0.04262117743492126,0.0,1.988587954941398,0.0,0.0,controller_rate_reference_changed
1,20261008_182344_scenario1_0cefb5,3,1791451590.6804764,18:26:30.680,0.09897375106811523,-0.13876891583204268,-0.24348867535591123,-0.1387689181908081,1.0580558824308763,0.0,0.0,within_nominal_dt_step; elapsed interval jitter
1,20261008_182344_scenario1_0cefb5,3,1791451591.181267,18:26:31.181,0.10079264640808105,-0.3000000029802322,-0.10471975952386856,0.0,1.9374453436387504,0.0,0.0,controller_rate_reference_changed
1,20261008_182344_scenario1_0cefb5,3,1791451591.2805402,18:26:31.280,0.0992732048034668,-0.10471975952386856,-0.2094395190477371,-0.10471975512000033,1.0548642982885907,0.0,0.0,within_nominal_dt_step; elapsed interval jitter
1,20261008_182344_scenario1_0cefb5,3,1791451592.183932,18:26:32.183,0.10425233840942383,-0.3000000029802322,-0.10471975952386856,0.0,1.873149767532806,0.0,0.0,controller_rate_reference_changed
1,20261008_182344_scenario1_0cefb5,3,1791451592.2806444,18:26:32.280,0.09671235084533691,-0.10471975952386856,-0.2094395190477371,-0.10471975512000024,1.0827961331571512,0.0,0.0,within_nominal_dt_step; elapsed interval jitter
1,20261008_182344_scenario1_0cefb5,3,1791451592.6815073,18:26:32.681,0.10024189949035645,-0.3000000029802322,-0.10471975952386856,0.0,1.9480900147462805,0.0,0.0,controller_rate_reference_changed
1,20261008_182344_scenario1_0cefb5,3,1791451592.7806253,18:26:32.780,0.09911799430847168,-0.10471975952386856,-0.2094395190477371,-0.10471975511999977,1.0565161276161747,0.0,0.0,within_nominal_dt_step; elapsed interval jitter
1,20261008_182344_scenario1_0cefb5,3,1791451593.6818428,18:26:33.681,0.10131955146789551,-0.3000000029802322,-0.10471975952386856,0.0,1.9273697981010198,0.0,0.0,controller_rate_reference_changed
1,20261008_182344_scenario1_0cefb5,3,1791451593.78024,18:26:33.780,0.09839725494384766,-0.10471975952386856,-0.2094395190477371,-0.10471975512000006,1.0642548878383749,0.0,0.0,within_nominal_dt_step; elapsed interval jitter
1,20261008_182344_scenario1_0cefb5,3,1791451596.1813006,18:26:36.181,0.10104846954345703,0.2598943829536438,0.10471975952386856,0.0,1.535645459360873,0.0,0.0,controller_rate_reference_changed
1,20261008_182344_scenario1_0cefb5,3,1791451596.2805793,18:26:36.280,0.09927868843078613,0.10471975952386856,0.2094395190477371,0.10471975512000001,1.0548060331888425,0.0,0.0,within_nominal_dt_step; elapsed interval jitter
1,20261008_182344_scenario1_0cefb5,4,1791451653.6826549,18:27:33.682,0.1008150577545166,-0.2106803059577942,-0.03064027018845081,0.0,1.7858446920472792,0.0,0.0,controller_rate_reference_changed
1,20261008_182344_scenario1_0cefb5,5,1791451717.6830897,18:28:37.683,0.09935975074768066,-0.22457195818424222,-0.10471975952386856,0.0,1.2062449609473416,0.0,0.0,controller_rate_reference_changed
1,20261008_182344_scenario1_0cefb5,5,1791451718.1864452,18:28:38.186,0.10369229316711426,-0.2658330619335174,-0.03611165396869182,0.0,2.215414482102332,0.0,0.0,controller_rate_reference_changed
1,20261008_182344_scenario1_0cefb5,6,1791451782.6857572,18:29:42.685,0.10132718086242676,-0.2499090701341629,-0.07206168249249457,0.0,1.7551794703844965,0.0,0.0,controller_rate_reference_changed
1,20261008_182344_scenario1_0cefb5,6,1791451783.185994,18:29:43.185,0.10068082809448242,-0.12865371853113175,0.007644650153815746,0.0,1.3537668617210847,0.0,0.0,controller_rate_reference_changed
1,20261008_182344_scenario1_0cefb5,7,1791451847.687289,18:30:47.687,0.10024046897888184,-0.21623615324497222,-0.04453122615814209,0.0,1.7129302050951505,0.0,0.0,controller_rate_reference_changed
1,20261008_182344_scenario1_0cefb5,7,1791451848.1874208,18:30:48.187,0.09736967086791992,-0.060655912011861796,0.05480958744883537,0.0,1.1858466648955186,0.0,0.0,controller_rate_reference_changed
1,20261008_182344_scenario1_0cefb5,7,1791451851.6874497,18:30:51.687,0.10131072998046875,-0.2456056088209152,-0.10471975952386856,0.0,1.3906310745585133,0.0,0.0,controller_rate_reference_changed
1,20261008_182344_scenario1_0cefb5,7,1791451851.7868788,18:30:51.786,0.09942913055419922,-0.10471975952386856,-0.2094395190477371,-0.10471975512000004,1.0532100496120238,0.0,0.0,within_nominal_dt_step; elapsed interval jitter
1,20261008_182344_scenario1_0cefb5,8,1791451912.1894257,18:31:52.189,0.10166692733764648,-0.20021452903747558,-0.023816802725195884,0.0,1.7350551544303532,0.0,0.0,controller_rate_reference_changed
1,20261008_182344_scenario1_0cefb5,8,1791451915.1894376,18:31:55.189,0.10062360763549805,-0.3000000029802322,-0.10471975952386856,0.0,1.9407000806784094,0.0,0.0,controller_rate_reference_changed
1,20261008_182344_scenario1_0cefb5,8,1791451915.288818,18:31:55.288,0.0993802547454834,-0.10471975952386856,-0.2094395190477371,-0.10471975512000052,1.0537280246670713,0.0,0.0,within_nominal_dt_step; elapsed interval jitter
1,20261008_182344_scenario1_0cefb5,8,1791451915.6906705,18:31:55.690,0.10144495964050293,-0.3000000029802322,-0.10471975952386856,0.0,1.9249871472017033,0.0,0.0,controller_rate_reference_changed
1,20261008_182344_scenario1_0cefb5,8,1791451915.7888525,18:31:55.788,0.09818196296691895,-0.10471975952386856,-0.2094395190477371,-0.10471975511999997,1.0665885704398925,0.0,0.0,within_nominal_dt_step; elapsed interval jitter
1,20261008_182344_scenario1_0cefb5,8,1791451917.189337,18:31:57.189,0.09897613525390625,-0.3000000029802322,-0.10471975952386856,0.0,1.9730033199963384,0.0,0.0,controller_rate_reference_changed
1,20261008_182344_scenario1_0cefb5,8,1791451917.2888787,18:31:57.288,0.09954166412353516,-0.10471975952386856,-0.2094395190477371,-0.10471975512000004,1.0520193774730064,0.0,0.0,within_nominal_dt_step; elapsed interval jitter
1,20261008_182344_scenario1_0cefb5,8,1791451918.6891932,18:31:58.689,0.10068130493164062,0.3000000029802322,0.10471975952386856,0.0,1.9395879263677867,0.0,0.0,controller_rate_reference_changed
1,20261008_182344_scenario1_0cefb5,8,1791451918.7888796,18:31:58.788,0.0996863842010498,0.10471975952386856,0.2094395190477371,0.10471975512000013,1.0504921044449493,0.0,0.0,within_nominal_dt_step; elapsed interval jitter
1,20261008_182344_scenario1_0cefb5,9,1791451976.6908772,18:32:56.690,0.10055279731750488,-0.2361397922039032,-0.03802650086581707,0.0,1.9702414713787109,0.0,0.0,controller_rate_reference_changed
1,20261008_182344_scenario1_0cefb5,9,1791451978.1913629,18:32:58.191,0.10077691078186035,0.24500379264354705,0.09347037822008132,0.0,1.503652108879105,0.0,0.0,controller_rate_reference_changed
1,20261008_182344_scenario1_0cefb5,9,1791451979.1928487,18:32:59.192,0.10204291343688965,-0.3000000029802322,0.019190057925879953,0.0,3.127998311254816,0.0,0.0,controller_rate_reference_changed
1,20261008_182344_scenario1_0cefb5,10,1791452034.6927948,18:33:54.692,0.1002802848815918,0.2877248555421829,0.05498465299606323,0.0,2.320896902326643,0.0,0.0,controller_rate_reference_changed
1,20261008_182344_scenario1_0cefb5,10,1791452036.69247,18:33:56.692,0.1003720760345459,-0.29239433407783505,-0.04833358079195022,0.0,2.4315602797922042,0.0,0.0,controller_rate_reference_changed
2,20261008_183952_scenario2_5524df,1,1791452409.2802622,18:40:09.280,0.09879207611083984,-0.3000000029802322,-0.10471975952386856,0.0,1.9766792150138524,0.0,0.0,controller_rate_reference_changed
2,20261008_183952_scenario2_5524df,1,1791452436.2810578,18:40:36.281,0.10048246383666992,0.23216385841369627,0.10471975952386856,0.0,1.2683217949052565,0.0,0.0,controller_rate_reference_changed
2,20261008_183952_scenario2_5524df,1,1791452436.3805494,18:40:36.380,0.09949159622192383,0.10471975952386856,0.2094395190477371,0.10471975512000004,1.0525487930687423,0.0,0.0,within_nominal_dt_step; elapsed interval jitter
2,20261008_183952_scenario2_5524df,1,1791452440.8805187,18:40:40.880,0.09944295883178711,0.10471975952386856,0.2094395190477371,0.10471975512000006,1.0530635929790406,0.0,0.0,within_nominal_dt_step; elapsed interval jitter
2,20261008_183952_scenario2_5524df,2,1791452507.8826094,18:41:47.882,0.09946846961975098,-0.10471975952386856,-0.2094395190477371,-0.10471975512000006,1.0527935125994423,0.0,0.0,within_nominal_dt_step; elapsed interval jitter
2,20261008_183952_scenario2_5524df,2,1791452518.783735,18:41:58.783,0.10105419158935547,-0.018402744084596634,0.09752582609653472,0.0,1.147192099187924,0.0,0.0,controller_rate_reference_changed
2,20261008_183952_scenario2_5524df,3,1791452560.7835877,18:42:40.783,0.09947872161865234,0.08196156173944473,-0.023647255077958104,0.0,1.061622175064231,0.0,0.0,controller_rate_reference_changed
2,20261008_183952_scenario2_5524df,3,1791452561.7846248,18:42:41.784,0.10072135925292969,-0.22184626162052154,-0.10471975952386856,0.0,1.1628765037068949,0.0,0.0,controller_rate_reference_changed
2,20261008_183952_scenario2_5524df,3,1791452562.2843916,18:42:42.284,0.09930849075317383,-0.3000000029802322,-0.09546832740306854,0.0,2.059558795284853,0.0,0.0,controller_rate_reference_changed
2,20261008_183952_scenario2_5524df,3,1791452563.2834532,18:42:43.283,0.09843659400939941,-0.0762935310602188,0.049779547005891794,0.0,1.2807541680492547,0.0,0.0,controller_rate_reference_changed
2,20261008_183952_scenario2_5524df,3,1791452564.283674,18:42:44.283,0.09885740280151367,0.3000000029802322,0.10471975952386856,0.0,1.9753729910186715,0.0,0.0,controller_rate_reference_changed
2,20261008_183952_scenario2_5524df,3,1791452583.8838854,18:43:03.883,0.09819936752319336,-0.10471975952386856,-0.2094395190477371,-0.10471975511999991,1.0663995315360373,0.0,0.0,within_nominal_dt_step; elapsed interval jitter
2,20261008_183952_scenario2_5524df,3,1791452594.2854774,18:43:14.285,0.10035824775695801,0.1376714378595352,-0.04455137327313423,0.0,1.8157233232485928,0.0,0.0,controller_rate_reference_changed
2,20261008_183952_scenario2_5524df,3,1791452599.786682,18:43:19.786,0.1021878719329834,-0.2921769767999649,-0.10471975952386856,0.0,1.8344370396423764,0.0,0.0,controller_rate_reference_changed
2,20261008_183952_scenario2_5524df,3,1791452599.8860435,18:43:19.886,0.09936165809631348,-0.10471975952386856,-0.2094395190477371,-0.10471975512000006,1.0539252416899219,0.0,0.0,within_nominal_dt_step; elapsed interval jitter
2,20261008_183952_scenario2_5524df,3,1791452602.7843819,18:43:22.784,0.09923362731933594,0.3000000029802322,0.0,0.0,3.023168769340919,0.0,3.0,neutral/mode change or other
2,20261008_183952_scenario2_5524df,4,1791452634.7856934,18:43:54.785,0.0997002124786377,-0.22428264915943144,-0.07578552961349487,0.0,1.4894363397445556,0.0,0.0,controller_rate_reference_changed
2,20261008_183952_scenario2_5524df,4,1791452655.289652,18:44:15.289,0.10285091400146484,-0.22535351812839508,-0.0436002891510725,0.0,1.7671522974966851,0.0,0.0,controller_rate_reference_changed
2,20261008_183952_scenario2_5524df,5,1791452708.2890651,18:45:08.289,0.10062956809997559,0.09360448718070984,-0.025125705450773236,0.0,1.1798738171421395,0.0,0.0,controller_rate_reference_changed
2,20261008_183952_scenario2_5524df,5,1791452711.7888916,18:45:11.788,0.10033178329467773,0.27233156263828273,0.10471975952386856,0.0,1.6705753412369122,0.0,0.0,controller_rate_reference_changed
2,20261008_183952_scenario2_5524df,5,1791452711.8883786,18:45:11.888,0.0994870662689209,0.10471975952386856,0.2094395190477371,0.10471975512000004,1.0525967188619605,0.0,0.0,within_nominal_dt_step; elapsed interval jitter
2,20261008_183952_scenario2_5524df,5,1791452742.2896514,18:45:42.289,0.10031270980834961,-0.05663498491048812,0.0520682081580162,0.0,1.083643271886334,0.0,0.0,controller_rate_reference_changed
2,20261008_183952_scenario2_5524df,6,1791452788.7913425,18:46:28.791,0.09961795806884766,-0.21837636828422546,-0.10471975952386856,0.0,1.1409248991211696,0.0,0.0,controller_rate_reference_changed
2,20261008_183952_scenario2_5524df,6,1791452788.8907402,18:46:28.890,0.09939765930175781,-0.10471975952386856,-0.2094395190477371,-0.10471975512000005,1.0535435166129372,0.0,0.0,within_nominal_dt_step; elapsed interval jitter
2,20261008_183952_scenario2_5524df,6,1791452806.7920527,18:46:46.792,0.10079669952392578,-0.18534601032733916,-0.0683660715818405,0.0,1.160553265116895,0.0,0.0,controller_rate_reference_changed
2,20261008_183952_scenario2_5524df,6,1791452807.7921937,18:46:47.792,0.10103392601013184,-0.27652608454227445,-0.10471975952386856,0.0,1.7004815293545743,0.0,0.0,controller_rate_reference_changed
2,20261008_183952_scenario2_5524df,7,1791452863.2943914,18:47:43.294,0.10144972801208496,0.2973250418901443,0.10471975952386856,0.0,1.8985293124032043,0.0,0.0,controller_rate_reference_changed
2,20261008_183952_scenario2_5524df,7,1791452863.3921282,18:47:43.392,0.09773683547973633,0.10471975952386856,0.2094395190477371,0.10471975512000006,1.0714461851548283,0.0,0.0,within_nominal_dt_step; elapsed interval jitter
2,20261008_183952_scenario2_5524df,7,1791452883.8939118,18:48:03.893,0.09792447090148926,0.10471975952386856,0.2094395190477371,0.10471975511999995,1.0693931614827439,0.0,0.0,within_nominal_dt_step; elapsed interval jitter
2,20261008_183952_scenario2_5524df,7,1791452884.2941122,18:48:04.294,0.10038542747497559,0.3000000029802322,0.034916840866208075,0.0,2.640653815815099,0.0,0.0,controller_rate_reference_changed
2,20261008_183952_scenario2_5524df,7,1791452885.793173,18:48:05.793,0.09942865371704102,-0.29281661510467527,-0.10471975952386856,0.0,1.8917771542608035,0.0,0.0,controller_rate_reference_changed
2,20261008_183952_scenario2_5524df,7,1791452886.79619,18:48:06.796,0.10268187522888184,-0.2821289747953415,-0.10471975952386856,0.0,1.7277558953420065,0.0,0.0,controller_rate_reference_changed
2,20261008_183952_scenario2_5524df,7,1791452886.8941877,18:48:06.894,0.09799766540527344,-0.10471975952386856,-0.2094395190477371,-0.10471975512000004,1.0685944312121682,0.0,0.0,within_nominal_dt_step; elapsed interval jitter
2,20261008_183952_scenario2_5524df,7,1791452888.29335,18:48:08.293,0.09982633590698242,0.2989841043949127,0.10471975952386856,0.0,1.9460229918892193,0.0,0.0,controller_rate_reference_changed
2,20261008_183952_scenario2_5524df,7,1791452889.2945595,18:48:09.294,0.10053396224975586,0.3000000029802322,0.10471975952386856,0.0,1.9424305884933715,0.0,0.0,controller_rate_reference_changed
2,20261008_183952_scenario2_5524df,7,1791452889.3938031,18:48:09.393,0.0992436408996582,0.10471975952386856,0.2094395190477371,0.10471975512000013,1.0551785341062514,0.0,0.0,within_nominal_dt_step; elapsed interval jitter
2,20261008_183952_scenario2_5524df,8,1791452922.795716,18:48:42.795,0.10114431381225586,0.22177917063236235,0.10471975952386856,0.0,1.1573503907078706,0.0,0.0,controller_rate_reference_changed
2,20261008_183952_scenario2_5524df,8,1791452954.2952135,18:49:14.295,0.09958910942077637,-0.05457620322704315,0.10105996280908584,0.0,1.5627829884344768,0.0,0.0,controller_rate_reference_changed
2,20261008_183952_scenario2_5524df,9,1791453018.7983332,18:50:18.798,0.10090231895446777,-0.19652759134769437,-0.02544361837208271,0.0,1.6955405460286141,0.0,0.0,controller_rate_reference_changed
2,20261008_183952_scenario2_5524df,9,1791453030.2994003,18:50:30.299,0.10155105590820312,-0.012419856712222099,0.09797660410404205,0.0,1.0871030323511044,0.0,0.0,controller_rate_reference_changed
2,20261008_183952_scenario2_5524df,10,1791453074.7987301,18:51:14.798,0.10056567192077637,0.22471798956394193,0.10471975952386856,0.0,1.1932325190906654,0.0,0.0,controller_rate_reference_changed
2,20261008_183952_scenario2_5524df,10,1791453074.898576,18:51:14.898,0.09984588623046875,0.10471975952386856,0.2094395190477371,0.10471975511999995,1.048813961970849,0.0,0.0,within_nominal_dt_step; elapsed interval jitter
2,20261008_183952_scenario2_5524df,10,1791453092.3996773,18:51:32.399,0.09816288948059082,0.10471975952386856,0.2094395190477371,0.10471975512000004,1.066795813346287,0.0,0.0,within_nominal_dt_step; elapsed interval jitter
2,20261008_183952_scenario2_5524df,10,1791453094.3999994,18:51:34.399,0.09957623481750488,-0.10471975952386856,-0.2094395190477371,-0.10471975512000006,1.0516541393213983,0.0,0.0,within_nominal_dt_step; elapsed interval jitter
2,20261008_183952_scenario2_5524df,10,1791453094.7992911,18:51:34.799,0.09947037696838379,-0.3000000029802322,-0.03456878550350666,0.0,2.6684448734027786,0.0,0.0,controller_rate_reference_changed
2,20261008_183952_scenario2_5524df,10,1791453095.3005514,18:51:35.300,0.09894776344299316,0.017735425010323522,-0.10471975952386856,0.0,1.2375740519364267,0.0,0.0,controller_rate_reference_changed
2,20261008_183952_scenario2_5524df,10,1791453096.3013384,18:51:36.301,0.10123801231384277,-0.03244193755090236,0.07383392974734306,0.0,1.0497624841624216,0.0,0.0,controller_rate_reference_changed
2,20261008_183952_scenario2_5524df,10,1791453098.2999125,18:51:38.299,0.09993171691894531,-0.08665686175227165,-0.19137662649154663,-0.08665686109190682,1.047913194808944,0.0,0.0,within_nominal_dt_step; elapsed interval jitter
2,20261008_183952_scenario2_5524df,10,1791453099.7988799,18:51:39.798,0.09879231452941895,-0.3000000029802322,0.0,0.0,3.0366734943829714,0.0,3.0,neutral/mode change or other
2,20261008_183952_scenario2_5524df,10,1791453101.800148,18:51:41.800,0.10045361518859863,0.24032755494117736,0.10471975952386856,0.0,1.3499543561743323,0.0,0.0,controller_rate_reference_changed
3,20261008_185426_scenario3_72c4df,1,1791453297.1686091,18:54:57.168,0.09927153587341309,0.10471975952386856,0.20903271734714507,0.1047197551200001,1.0507841639147402,0.0,0.0,within_nominal_dt_step; elapsed interval jitter
3,20261008_185426_scenario3_72c4df,1,1791453297.5693,18:54:57.569,0.10035324096679688,0.3000000029802322,0.10471975952386856,0.0,1.9459286175019954,0.0,0.0,controller_rate_reference_changed
3,20261008_185426_scenario3_72c4df,1,1791453298.0695982,18:54:58.069,0.10119986534118652,0.2688422679901123,0.039295291900634764,0.0,2.2682537700576964,0.0,0.0,controller_rate_reference_changed
3,20261008_185426_scenario3_72c4df,1,1791453301.070039,18:55:01.070,0.09934377670288086,0.3000000029802322,0.10471975952386856,0.0,1.9657018279102807,0.0,0.0,controller_rate_reference_changed
3,20261008_185426_scenario3_72c4df,1,1791453301.168898,18:55:01.168,0.09885907173156738,0.10471975952386856,0.2094395190477371,0.10471975511999967,1.0592832573647337,0.0,0.0,within_nominal_dt_step; elapsed interval jitter
3,20261008_185426_scenario3_72c4df,1,1791453301.5695558,18:55:01.569,0.10049843788146973,0.3000000029802322,0.10471975952386856,0.0,1.9431172023457903,0.0,0.0,controller_rate_reference_changed
3,20261008_185426_scenario3_72c4df,2,1791453353.1702986,18:55:53.170,0.0993201732635498,-0.10471975952386856,-0.2094395190477371,-0.10471975512,1.0543654534914146,0.0,0.0,within_nominal_dt_step; elapsed interval jitter
3,20261008_185426_scenario3_72c4df,2,1791453353.570377,18:55:53.570,0.10013699531555176,-0.3000000029802322,-0.10471975952386856,0.0,1.9501308466565872,0.0,0.0,controller_rate_reference_changed
3,20261008_185426_scenario3_72c4df,2,1791453355.0736074,18:55:55.073,0.10329580307006836,0.3000000029802322,0.10471975952386856,0.0,1.8904954282014705,0.0,0.0,controller_rate_reference_changed
3,20261008_185426_scenario3_72c4df,2,1791453355.1699705,18:55:55.169,0.09636306762695312,0.10471975952386856,0.2094395190477371,0.10471975512000015,1.0867208994348996,0.0,0.0,within_nominal_dt_step; elapsed interval jitter
3,20261008_185426_scenario3_72c4df,2,1791453355.571412,18:55:55.571,0.09985494613647461,0.3000000029802322,0.10471975952386856,0.0,1.9556391647286913,0.0,0.0,controller_rate_reference_changed
3,20261008_185426_scenario3_72c4df,2,1791453355.6705928,18:55:55.670,0.09918069839477539,0.10471975952386856,0.2094395190477371,0.1047197551199999,1.0558481762958118,0.0,0.0,within_nominal_dt_step; elapsed interval jitter
3,20261008_185426_scenario3_72c4df,2,1791453356.0710075,18:55:56.071,0.10059714317321777,0.3000000029802322,0.10471975952386856,0.0,1.9412106278218206,0.0,0.0,controller_rate_reference_changed
3,20261008_185426_scenario3_72c4df,2,1791453356.1696744,18:55:56.169,0.09866690635681152,0.10471975952386856,0.2094395190477371,0.10471975511999994,1.0613463357730903,0.0,0.0,within_nominal_dt_step; elapsed interval jitter
3,20261008_185426_scenario3_72c4df,2,1791453356.571776,18:55:56.571,0.10125923156738281,0.3000000029802322,0.10471975952386856,0.0,1.9285179280312303,0.0,0.0,controller_rate_reference_changed
3,20261008_185426_scenario3_72c4df,2,1791453357.070782,18:55:57.070,0.10038328170776367,0.23786146044731138,0.08181907683610916,0.0,1.554465852844636,0.0,0.0,controller_rate_reference_changed
3,20261008_185426_scenario3_72c4df,2,1791453357.56989,18:55:57.569,0.09935450553894043,0.14305317401885986,-0.02994168736040592,0.0,1.741187885147928,0.0,0.0,controller_rate_reference_changed
3,20261008_185426_scenario3_72c4df,2,1791453364.5710626,18:56:04.571,0.10053157806396484,0.13979758173227308,0.0019730951637029646,0.0,1.3709571581665319,0.0,0.0,controller_rate_reference_changed
3,20261008_185426_scenario3_72c4df,3,1791453410.172009,18:56:50.172,0.09920620918273926,-0.10471975952386856,-0.2094395190477371,-0.10471975512000006,1.0555766658816008,0.0,0.0,within_nominal_dt_step; elapsed interval jitter
3,20261008_185426_scenario3_72c4df,3,1791453411.6721058,18:56:51.672,0.09880924224853516,0.10471975952386856,0.2094395190477371,0.10471975511999997,1.0598174537202365,0.0,0.0,within_nominal_dt_step; elapsed interval jitter
3,20261008_185426_scenario3_72c4df,3,1791453412.0732896,18:56:52.073,0.10109186172485352,0.3000000029802322,0.10471975952386856,0.0,1.93171082344756,0.0,0.0,controller_rate_reference_changed
3,20261008_185426_scenario3_72c4df,3,1791453414.0715842,18:56:54.071,0.09990978240966797,0.1576019674539566,-0.011838640086352825,0.0,1.695936108093387,0.0,0.0,controller_rate_reference_changed
3,20261008_185426_scenario3_72c4df,3,1791453415.5718837,18:56:55.571,0.09961915016174316,0.2260743498802185,0.10471975952386856,0.0,1.2181853605387798,0.0,0.0,controller_rate_reference_changed
3,20261008_185426_scenario3_72c4df,3,1791453416.573869,18:56:56.573,0.10164070129394531,0.3000000029802322,0.10471975952386856,0.0,1.9212799692478746,0.0,0.0,controller_rate_reference_changed
3,20261008_185426_scenario3_72c4df,3,1791453416.6724305,18:56:56.672,0.09856152534484863,0.10471975952386856,0.2094395190477371,0.10471975512000001,1.062481116819909,0.0,0.0,within_nominal_dt_step; elapsed interval jitter
3,20261008_185426_scenario3_72c4df,4,1791453468.1737547,18:57:48.173,0.09902167320251465,-0.10471975952386856,-0.2094395190477371,-0.10471975511999997,1.057543829921965,0.0,0.0,within_nominal_dt_step; elapsed interval jitter
3,20261008_185426_scenario3_72c4df,4,1791453470.0757048,18:57:50.075,0.10192584991455078,0.3000000029802322,0.10471975952386856,0.0,1.9159049801407224,0.0,0.0,controller_rate_reference_changed
3,20261008_185426_scenario3_72c4df,4,1791453470.1739423,18:57:50.173,0.09823751449584961,0.10471975952386856,0.2094395190477371,0.10471975512,1.065985433989098,0.0,0.0,within_nominal_dt_step; elapsed interval jitter
3,20261008_185426_scenario3_72c4df,4,1791453470.5748265,18:57:50.574,0.10092663764953613,0.3000000029802322,0.10471975952386856,0.0,1.934873171287711,0.0,0.0,controller_rate_reference_changed
3,20261008_185426_scenario3_72c4df,4,1791453470.6739266,18:57:50.673,0.09910011291503906,0.10471975952386856,0.2094395190477371,0.10471975511999985,1.0567067629241487,0.0,0.0,within_nominal_dt_step; elapsed interval jitter
3,20261008_185426_scenario3_72c4df,4,1791453471.0750175,18:57:51.075,0.10115742683410645,0.3000000029802322,0.10471975952386856,0.0,1.9304587865467786,0.0,0.0,controller_rate_reference_changed
3,20261008_185426_scenario3_72c4df,4,1791453474.0734367,18:57:54.073,0.09920239448547363,0.25242331326007844,0.10471975952386856,0.0,1.4889111750003006,0.0,0.0,controller_rate_reference_changed
3,20261008_185426_scenario3_72c4df,4,1791453475.5774655,18:57:55.577,0.10056781768798828,0.3000000029802322,0.10471975952386856,0.0,1.9417766830957865,0.0,0.0,controller_rate_reference_changed
3,20261008_185426_scenario3_72c4df,4,1791453475.6737611,18:57:55.673,0.09629559516906738,0.10471975952386856,0.2094395190477371,0.10471975512000001,1.0874823437147958,0.0,0.0,within_nominal_dt_step; elapsed interval jitter
3,20261008_185426_scenario3_72c4df,4,1791453480.5746012,18:58:00.574,0.10005450248718262,0.15764372199773788,0.033075948432087894,0.0,1.2449991801379217,0.0,0.0,controller_rate_reference_changed
3,20261008_185426_scenario3_72c4df,5,1791453526.5762994,18:58:46.576,0.1005094051361084,0.23527242839336393,0.10471975952386856,0.0,1.2989099745710644,0.0,0.0,controller_rate_reference_changed
3,20261008_185426_scenario3_72c4df,5,1791453527.0765712,18:58:47.076,0.10091328620910645,0.3000000029802322,0.10471975952386856,0.0,1.9351291667552644,0.0,0.0,controller_rate_reference_changed
3,20261008_185426_scenario3_72c4df,5,1791453527.1757634,18:58:47.175,0.09919214248657227,0.10471975952386856,0.2094395190477371,0.10471975512,1.0557263599588502,0.0,0.0,within_nominal_dt_step; elapsed interval jitter
3,20261008_185426_scenario3_72c4df,5,1791453528.0763032,18:58:48.076,0.1007394790649414,0.19449439644813538,0.07801652923226356,0.0,1.1562286036915548,0.0,0.0,controller_rate_reference_changed
3,20261008_185426_scenario3_72c4df,5,1791453528.5762038,18:58:48.576,0.1008310317993164,0.0858107402920723,-0.045502225309610365,0.0,1.3023070701392236,0.0,0.0,controller_rate_reference_changed
3,20261008_185426_scenario3_72c4df,5,1791453531.076629,18:58:51.076,0.10009622573852539,0.3000000029802322,0.10471975952386856,0.0,1.950925142437249,0.0,0.0,controller_rate_reference_changed
3,20261008_185426_scenario3_72c4df,5,1791453531.176033,18:58:51.176,0.09940409660339355,0.10471975952386856,0.2094395190477371,0.10471975512000015,1.0534752902758489,0.0,0.0,within_nominal_dt_step; elapsed interval jitter
3,20261008_185426_scenario3_72c4df,5,1791453532.5770113,18:58:52.577,0.10143709182739258,0.3000000029802322,0.10471975952386856,0.0,1.9251364558898878,0.0,0.0,controller_rate_reference_changed
3,20261008_185426_scenario3_72c4df,5,1791453532.6768136,18:58:52.676,0.09980225563049316,0.10471975952386856,0.2094395190477371,0.10471975512000026,1.0492724724737876,0.0,0.0,within_nominal_dt_step; elapsed interval jitter
3,20261008_185426_scenario3_72c4df,5,1791453537.5766537,18:58:57.576,0.10076713562011719,0.1882788002490997,0.05295192748308181,0.0,1.342966354389468,0.0,0.0,controller_rate_reference_changed
3,20261008_185426_scenario3_72c4df,6,1791453571.577319,18:59:31.577,0.10046768188476562,0.21171045303344727,0.10471975952386856,0.0,1.0649264669239094,0.0,0.0,controller_rate_reference_changed
3,20261008_185426_scenario3_72c4df,6,1791453571.6766598,18:59:31.676,0.09934091567993164,0.10471975952386856,0.2094395190477371,0.10471975511999997,1.0541453016324827,0.0,0.0,within_nominal_dt_step; elapsed interval jitter
3,20261008_185426_scenario3_72c4df,6,1791453572.0774376,18:59:32.077,0.10130906105041504,0.3000000029802322,0.10471975952386856,0.0,1.9275693746602307,0.0,0.0,controller_rate_reference_changed
3,20261008_185426_scenario3_72c4df,6,1791453582.1770825,18:59:42.177,0.09944844245910645,-0.10471975952386856,-0.2094395190477371,-0.10471975512,1.0530055266268217,0.0,0.0,within_nominal_dt_step; elapsed interval jitter
3,20261008_185426_scenario3_72c4df,6,1791453582.577776,18:59:42.577,0.10009527206420898,-0.3000000029802322,-0.10471975952386856,0.0,1.950943730200319,0.0,0.0,controller_rate_reference_changed
3,20261008_185426_scenario3_72c4df,6,1791453582.677298,18:59:42.677,0.09952211380004883,-0.10471975952386856,-0.2094395190477371,-0.10471975511999994,1.0522260382678605,0.0,0.0,within_nominal_dt_step; elapsed interval jitter
3,20261008_185426_scenario3_72c4df,6,1791453584.0767975,18:59:44.076,0.09948539733886719,0.3000000029802322,0.08443167731165885,0.0,2.166833841295366,0.0,0.0,controller_rate_reference_changed
3,20261008_185426_scenario3_72c4df,6,1791453585.5780299,18:59:45.578,0.09997344017028809,0.2245520144701004,0.10471975952386856,0.0,1.1986409064459278,0.0,0.0,controller_rate_reference_changed
3,20261008_185426_scenario3_72c4df,6,1791453586.0781624,18:59:46.078,0.10086441040039062,0.2738350600004196,0.047642278671264644,0.0,2.242543038037517,0.0,0.0,controller_rate_reference_changed
3,20261008_185426_scenario3_72c4df,6,1791453589.1771934,18:59:49.177,0.09940838813781738,0.10471975952386856,0.2094395190477371,0.10471975511999997,1.0534298109600935,0.0,0.0,within_nominal_dt_step; elapsed interval jitter
3,20261008_185426_scenario3_72c4df,7,1791453639.1789424,19:00:39.178,0.09899234771728516,-0.10471975952386856,-0.2094395190477371,-0.10471975511999995,1.0578571166221904,0.0,0.0,within_nominal_dt_step; elapsed interval jitter
3,20261008_185426_scenario3_72c4df,7,1791453640.6789055,19:00:40.678,0.09730815887451172,0.10471975952386856,0.2094395190477371,0.10471975512000009,1.076166281790562,0.0,0.0,within_nominal_dt_step; elapsed interval jitter
3,20261008_185426_scenario3_72c4df,7,1791453641.079905,19:00:41.079,0.10082268714904785,0.3000000029802322,0.10471975952386856,0.0,1.9368680698588963,0.0,0.0,controller_rate_reference_changed
3,20261008_185426_scenario3_72c4df,7,1791453641.1790838,19:00:41.179,0.09917879104614258,0.10471975952386856,0.2094395190477371,0.10471975511999984,1.0558684817517896,0.0,0.0,within_nominal_dt_step; elapsed interval jitter
3,20261008_185426_scenario3_72c4df,7,1791453641.579895,19:00:41.579,0.10033273696899414,0.3000000029802322,0.10471975952386856,0.0,1.9463262874679794,0.0,0.0,controller_rate_reference_changed
3,20261008_185426_scenario3_72c4df,7,1791453641.6791623,19:00:41.679,0.09926724433898926,0.10471975952386856,0.2094395190477371,0.10471975512000013,1.0549276372199818,0.0,0.0,within_nominal_dt_step; elapsed interval jitter
3,20261008_185426_scenario3_72c4df,7,1791453642.0813622,19:00:42.081,0.1024320125579834,0.3000000029802322,0.10471975952386856,0.0,1.9064376319446221,0.0,0.0,controller_rate_reference_changed
3,20261008_185426_scenario3_72c4df,7,1791453642.1784763,19:00:42.178,0.09711408615112305,0.10471975952386856,0.2094395190477371,0.10471975512000004,1.0783168917525519,0.0,0.0,within_nominal_dt_step; elapsed interval jitter
3,20261008_185426_scenario3_72c4df,7,1791453643.5796533,19:00:43.579,0.10066652297973633,0.040812719613313675,-0.07017437815666198,0.0,1.102522412463941,0.0,0.0,controller_rate_reference_changed
3,20261008_185426_scenario3_72c4df,7,1791453646.5800023,19:00:46.580,0.10024309158325195,0.3000000029802322,0.10471975952386856,0.0,1.9480668480199785,0.0,0.0,controller_rate_reference_changed
3,20261008_185426_scenario3_72c4df,8,1791453699.0819633,19:01:39.081,0.1012277603149414,0.29317126274108884,0.07559169381856917,0.0,2.149406133708606,0.0,0.0,controller_rate_reference_changed
3,20261008_185426_scenario3_72c4df,8,1791453699.581754,19:01:39.581,0.10050034523010254,0.16886632740497587,-0.003943006647750735,0.0,1.719489954557545,0.0,0.0,controller_rate_reference_changed
3,20261008_185426_scenario3_72c4df,8,1791453701.5820532,19:01:41.582,0.10134387016296387,0.2934402734041214,0.10471975952386856,0.0,1.86217985929277,0.0,0.0,controller_rate_reference_changed
3,20261008_185426_scenario3_72c4df,8,1791453701.6804385,19:01:41.680,0.09838533401489258,0.10471975952386856,0.2094395190477371,0.1047197551199999,1.0643838390386227,0.0,0.0,within_nominal_dt_step; elapsed interval jitter
3,20261008_185426_scenario3_72c4df,8,1791453702.0824928,19:01:42.082,0.10107111930847168,0.3000000029802322,0.10471975952386856,0.0,1.9321072606345961,0.0,0.0,controller_rate_reference_changed
3,20261008_185426_scenario3_72c4df,8,1791453702.1812465,19:01:42.181,0.09875369071960449,0.10471975952386856,0.2094395190477371,0.10471975512000023,1.0604136287037997,0.0,0.0,within_nominal_dt_step; elapsed interval jitter
3,20261008_185426_scenario3_72c4df,8,1791453702.5822,19:01:42.582,0.10085868835449219,0.3000000029802322,0.10471975952386856,0.0,1.936176710627092,0.0,0.0,controller_rate_reference_changed
3,20261008_185426_scenario3_72c4df,8,1791453702.6814806,19:01:42.681,0.09928059577941895,0.10471975952386856,0.2094395190477371,0.10471975512,1.054785768575909,0.0,0.0,within_nominal_dt_step; elapsed interval jitter
3,20261008_185426_scenario3_72c4df,8,1791453703.0816388,19:01:43.081,0.10028314590454102,0.3000000029802322,0.10471975952386856,0.0,1.9472887661726315,0.0,0.0,controller_rate_reference_changed
3,20261008_185426_scenario3_72c4df,8,1791453703.1812522,19:01:43.181,0.09961342811584473,0.10471975952386856,0.2094395190477371,0.1047197551200002,1.051261476535929,0.0,0.0,within_nominal_dt_step; elapsed interval jitter
3,20261008_185426_scenario3_72c4df,8,1791453703.582206,19:01:43.582,0.10081100463867188,0.3000000029802322,0.10471975952386856,0.0,1.9370925243359063,0.0,0.0,controller_rate_reference_changed
3,20261008_185426_scenario3_72c4df,8,1791453703.6813095,19:01:43.681,0.09910345077514648,0.10471975952386856,0.2094395190477371,0.10471975511999985,1.056671172444487,0.0,0.0,within_nominal_dt_step; elapsed interval jitter
3,20261008_185426_scenario3_72c4df,8,1791453704.0831308,19:01:44.083,0.10048961639404297,0.3000000029802322,0.10471975952386856,0.0,1.9432877790141498,0.0,0.0,controller_rate_reference_changed
3,20261008_185426_scenario3_72c4df,8,1791453704.181444,19:01:44.181,0.0983130931854248,0.10471975952386856,0.2094395190477371,0.10471975512000013,1.0651659522741326,0.0,0.0,within_nominal_dt_step; elapsed interval jitter
3,20261008_185426_scenario3_72c4df,9,1791453756.1826742,19:02:36.182,0.09849739074707031,-0.10471975952386856,-0.2094395190477371,-0.10471975511999997,1.0631729300604171,0.0,0.0,within_nominal_dt_step; elapsed interval jitter
3,20261008_185426_scenario3_72c4df,9,1791453757.583483,19:02:37.583,0.10071492195129395,0.2432035595178604,0.048030007630586624,0.0,1.937881180920344,0.0,0.0,controller_rate_reference_changed
3,20261008_185426_scenario3_72c4df,9,1791453758.08349,19:02:38.083,0.10146546363830566,0.2147026777267456,0.028743841499090192,0.0,1.8327303651865585,0.0,0.0,controller_rate_reference_changed
3,20261008_185426_scenario3_72c4df,9,1791453760.182937,19:02:40.182,0.09905099868774414,0.10471975952386856,0.2094395190477371,0.10471975512,1.0572307287278853,0.0,0.0,within_nominal_dt_step; elapsed interval jitter
3,20261008_185426_scenario3_72c4df,9,1791453760.5824635,19:02:40.582,0.09941291809082031,0.2876291841268539,0.10471975952386856,0.0,1.839895942254561,0.0,0.0,controller_rate_reference_changed
3,20261008_185426_scenario3_72c4df,9,1791453761.0829606,19:02:41.082,0.10024595260620117,0.3000000029802322,0.10471975952386856,0.0,1.9480112501248625,0.0,0.0,controller_rate_reference_changed
3,20261008_185426_scenario3_72c4df,10,1791453800.5857646,19:03:20.585,0.10120677947998047,-0.054690702259540556,0.0596574954688549,0.0,1.1298472129627883,0.0,0.0,controller_rate_reference_changed
3,20261008_185426_scenario3_72c4df,10,1791453801.0849955,19:03:21.084,0.10074043273925781,0.19899420738220214,0.08012744411826134,0.0,1.179931036941231,0.0,0.0,controller_rate_reference_changed
3,20261008_185426_scenario3_72c4df,10,1791453814.585317,19:03:34.585,0.10044503211975098,0.2495661050081253,0.10471975952386856,0.0,1.4420458874618143,0.0,0.0,controller_rate_reference_changed
3,20261008_185426_scenario3_72c4df,10,1791453814.6846428,19:03:34.684,0.09932589530944824,0.10471975952386856,0.2094395190477371,0.10471975512000006,1.0543047127601097,0.0,0.0,within_nominal_dt_step; elapsed interval jitter
3,20261008_185426_scenario3_72c4df,10,1791453815.0855541,19:03:35.085,0.10095405578613281,0.3000000029802322,0.10455369055271148,0.0,1.9359926741483875,0.0,0.0,controller_rate_reference_changed
3,20261008_185426_scenario3_72c4df,10,1791453815.585019,19:03:35.585,0.10104012489318848,0.23136218786239623,0.10471975952386856,0.0,1.2533874881133007,0.0,0.0,controller_rate_reference_changed
