scenario,run_id,attempt,runner_outcome,branch_result,goal_approach,target_stop_success,running_start_ros_s,running_end_ros_s,start_kst,end_kst,running_duration_s,runner_setup_inclusive_duration_s,route_polyline_length_m,observed_distance_running_m,observed_distance_through_coast_m,start_x_m,start_y_m,decision_x_m,decision_y_m,goal_x_m,goal_y_m,stop_x_m,stop_y_m,final_stop_distance_to_goal_m,upper_attempts,upper_failures,lower_error_valid_n,moving_error_valid_n,lateral_rmse_m,lateral_max_abs_m,body_heading_rmse_rad,body_heading_max_abs_rad,lateral_rmse_m_speed_gt1,heading_rmse_rad_speed_gt1,output_command_at_limit_n,output_command_at_limit_percent,selected_command_rate_constraint_exceeded_n,selected_command_rate_constraint_max_excess_rad,consecutive_output_rate_gt_limit_n,consecutive_output_rate_test_n,max_consecutive_output_rate_radps,coast_seconds,neutral_to_stop_displacement_m
1,20261008_182344_scenario1_0cefb5,1,completed,intended_exit_observed,1,not demonstrated,1791451433.0415125,1791451473.448073,2026-10-08T18:23:53.041+09:00,2026-10-08T18:24:33.448+09:00,40.40656042098999,44.3,193.95957005174364,193.3520973635665,232.89211878809363,150.00125220978637,-140.00302668245948,165.3173979316625,-1.0710614955987565,173.0,-2.0,204.8083,0.1181,31.8788,81,2,403,388,0.2768360643499117,1.6529857412568765,0.1959662050670767,0.5369856197578737,0.28210910080078755,0.1997106082492633,55,13.647642679900745,0,1.3877787807814457e-16,16,403,2.203834476356933,20.4745090007782,39.36405197637109
1,20261008_182344_scenario1_0cefb5,2,completed,intended_exit_observed,1,not demonstrated,1791451497.8401914,1791451537.2470644,2026-10-08T18:24:57.840+09:00,2026-10-08T18:25:37.247+09:00,39.40687298774719,43.291,193.95957005174364,191.0008089361561,234.35776632484547,149.99890292724817,-139.98585591149097,165.50003977753275,-1.8447235863875127,173.0,-2.0,208.8218,-2.551,35.826,79,0,393,377,0.1263957939386594,0.634926995807855,0.12275831102685389,0.48266018210358985,0.12901429433136508,0.12530641021283287,20,5.089058524173027,0,2.7755575615628914e-17,3,393,1.9281638132959813,20.869290113449097,43.11603923816022
1,20261008_182344_scenario1_0cefb5,3,completed,intended_exit_observed,1,not demonstrated,1791451562.0407748,1791451602.548653,2026-10-08T18:26:02.040+09:00,2026-10-08T18:26:42.548+09:00,40.50787806510925,44.393,193.95957005174364,192.1093331666729,231.47377426322126,149.98789634473997,-139.9810437326321,165.54157805110148,-1.4211738652995154,173.0,-2.0,204.8388,-0.1405,31.893,81,4,404,389,0.24742509952996777,1.1894625225645248,0.16804104309782464,0.524540774068523,0.25209714227937846,0.171240396570344,39,9.653465346534654,0,3.191891195797325e-16,12,404,1.988587954941398,20.365073680877686,39.17407532956118
1,20261008_182344_scenario1_0cefb5,4,completed,intended_exit_observed,1,not demonstrated,1791451626.840234,1791451666.4487965,2026-10-08T18:27:06.840+09:00,2026-10-08T18:27:46.448+09:00,39.60856246948242,43.496,193.95957005174364,190.06564939488516,233.71662504886652,149.99914817275217,-139.98176424978973,165.5251059099295,-1.769125222165498,173.0,-2.0,209.1343,-2.8702,36.1448,79,0,395,379,0.11855125177510174,0.6596577899492067,0.11016903149161583,0.45980253791590864,0.12098755157091623,0.11246019945796441,14,3.5443037974683547,0,0.0,1,395,1.7858446920472792,20.762953996658325,43.41017392267942
1,20261008_182344_scenario1_0cefb5,5,completed,intended_exit_observed,1,not demonstrated,1791451691.241802,1791451730.5506914,2026-10-08T18:28:11.241+09:00,2026-10-08T18:28:50.550+09:00,39.308889389038086,43.297,193.95957005174364,188.69946564373416,232.12562878582548,149.98288537384852,-139.9885206101639,165.02288230115963,-1.7266340131602171,173.0,-2.0,208.4027,-2.8761,35.4135,78,0,392,376,0.0909976024350597,0.5357474826126203,0.08692737153655884,0.34180460270928736,0.09283582890951729,0.08872011410123733,2,0.5102040816326531,0,2.7755575615628914e-17,2,392,2.215414482102332,20.861888647079468,43.18365015775323
1,20261008_182344_scenario1_0cefb5,6,completed,intended_exit_observed,1,not demonstrated,1791451755.4402409,1791451796.2525938,2026-10-08T18:29:15.440+09:00,2026-10-08T18:29:56.252+09:00,40.812352895736694,44.799,193.95957005174364,189.47769712373918,230.80295128779483,150.00021911572284,-139.98543481810273,165.50141174134518,-1.8104891636422902,173.0,-2.0,206.7986,-2.0761,33.7987,82,0,407,392,0.08974427289067978,0.49535206695974804,0.09352625594088346,0.35922164666868817,0.09138985153280599,0.09527045831890593,5,1.2285012285012284,0,0.0,2,407,1.7551794703844965,20.561436653137207,41.096297774762384
1,20261008_182344_scenario1_0cefb5,7,completed,intended_exit_observed,1,not demonstrated,1791451820.741626,1791451860.8496592,2026-10-08T18:30:20.741+09:00,2026-10-08T18:31:00.849+09:00,40.108033180236816,43.996,193.95957005174364,190.69902977413662,233.52660746798537,149.96744980207808,-139.99532233930984,165.2821042299535,-1.7781510438044847,173.0,-2.0,208.0356,-0.1868,35.0825,80,0,400,385,0.11400695548394048,0.5432643765132165,0.11946460183450174,0.48408563239115776,0.11618589356899092,0.12176109782971536,15,3.75,0,2.7755575615628914e-17,4,400,1.7129302050951505,20.9558322429657,42.626726230067675
1,20261008_182344_scenario1_0cefb5,8,completed,intended_exit_observed,1,not demonstrated,1791451885.8436766,1791451925.7489185,2026-10-08T18:31:25.843+09:00,2026-10-08T18:32:05.748+09:00,39.90524196624756,43.899,193.95957005174364,192.91669410903492,235.22133852929215,149.95204784117092,-139.9839017588467,165.4321339779773,-1.2134672554717447,173.0,-2.0,207.6817,-0.1031,34.7335,80,1,398,382,0.1957200306418041,0.7623968150247056,0.18020524481009614,0.5265232035985383,0.19976425029172035,0.18391510556083518,39,9.798994974874372,0,4.996003610813204e-16,9,398,1.9730033199963384,20.658420085906982,42.11028310315929
1,20261008_182344_scenario1_0cefb5,9,off_route,wrong_exit_observed,0,not demonstrated,1791451950.4425724,1791451985.5541513,2026-10-08T18:32:30.442+09:00,2026-10-08T18:33:05.554+09:00,35.111578941345215,39.096,193.95957005174364,170.45824723097613,212.84400596987814,149.9593568870649,-139.9982937404881,129.05177616623013,14.940997821889981,173.0,-2.0,151.5511,50.8138,57.0031,70,0,350,334,0.12339164837430829,0.7366110003502861,0.11373764447287979,0.4690276957499388,0.12627596177541878,0.11639446066955755,6,1.7142857142857144,0,0.0,3,350,3.127998311254816,20.85524296760559,42.141832563689206
1,20261008_182344_scenario1_0cefb5,10,completed,intended_exit_observed,1,not demonstrated,1791452010.3408492,1791452049.0502985,2026-10-08T18:33:30.340+09:00,2026-10-08T18:34:09.050+09:00,38.70944929122925,42.598,193.95957005174364,188.38010957175985,233.28544626386204,149.94043375478637,-139.99821627561798,165.41246559501525,-1.8500566973552166,173.0,-2.0,210.272,-1.3305,37.278,77,0,386,371,0.0795285168519229,0.4646978359876687,0.07764722869340734,0.30556122038932587,0.08106689543324687,0.07917120405595234,4,1.0362694300518136,0,5.551115123125783e-17,2,386,2.4315602797922042,21.35356569290161,44.699255290628635
2,20261008_183952_scenario2_5524df,1,stopped_10s,route_failure; inspect trajectory; no automatic exit-ID truth,0,not demonstrated,1791452401.1279013,1791452474.7411082,2026-10-08T18:40:01.127+09:00,2026-10-08T18:41:14.741+09:00,73.61320686340332,77.5,263.88141914135923,234.01531213834846,234.0430578212477,-252.79417076164725,93.55077283819135,-35.60672763823047,94.9363655520635,-4.0,95.0,-35.607,94.9201,31.6071,148,68,410,393,0.1963399972595424,0.7732670623250837,0.1470251805451215,0.3917798112207612,0.2005211658411589,0.15009799560639675,6,1.4634146341463417,0,8.326672684688674e-17,4,735,1.9766792150138524,33.550089836120605,39.46131392541844
2,20261008_183952_scenario2_5524df,2,stopped_10s,route_failure; inspect trajectory; no automatic exit-ID truth,0,not demonstrated,1791452479.7284381,1791452549.738013,2026-10-08T18:41:19.728+09:00,2026-10-08T18:42:29.738+09:00,70.00957489013672,73.899,263.88141914135923,232.86033919191811,232.89641584477152,-252.79553468276026,93.52776415333787,-34.26614644998516,92.23864916326941,-4.0,95.0,-34.2654,92.2191,30.3929,141,62,404,388,0.15759583394149154,0.7304017708216096,0.10820463842893042,0.4526669828772443,0.1607944731164484,0.11033252896361873,6,1.4851485148514851,0,5.551115123125783e-17,2,699,1.147192099187924,30.651412963867188,39.15766283638668
2,20261008_183952_scenario2_5524df,3,off_route,route_failure; inspect trajectory; no automatic exit-ID truth,0,not demonstrated,1791452554.9282131,1791452607.1356719,2026-10-08T18:42:34.928+09:00,2026-10-08T18:43:27.135+09:00,52.20745873451233,56.195,263.88141914135923,239.12916948588662,260.3546501065346,-252.81527694370763,93.53263072867733,-24.568724415940363,61.38131616788664,-4.0,95.0,-4.264,55.3246,39.6763,104,22,442,426,0.22826211928072593,1.0919292339857376,0.15716840750683506,0.47857303902087966,0.23249378530923515,0.16004052605063332,34,7.6923076923076925,0,6.938893903907228e-17,10,521,3.023168769340919,20.04813504219055,38.28173677275795
2,20261008_183952_scenario2_5524df,4,stopped_10s,route_failure; inspect trajectory; no automatic exit-ID truth,0,not demonstrated,1791452626.828227,1791452697.337036,2026-10-08T18:43:46.828+09:00,2026-10-08T18:44:57.337+09:00,70.50880885124207,74.497,263.88141914135923,233.9865533039999,234.02286871492112,-252.76720009113123,93.57290672545125,-32.45997612210462,90.74074143210564,-4.0,95.0,-32.4559,90.7226,28.7756,141,62,408,392,0.1452583519095696,0.8532374449761434,0.11520763171994718,0.4897821980041351,0.14816988789216387,0.11743958579822654,14,3.431372549019608,0,0.0,2,704,1.7671522974966851,30.743831396102905,39.56330079161676
2,20261008_183952_scenario2_5524df,5,stopped_10s,route_failure; inspect trajectory; no automatic exit-ID truth,0,not demonstrated,1791452702.5282876,1791452773.1359768,2026-10-08T18:45:02.528+09:00,2026-10-08T18:46:13.135+09:00,70.60768914222717,74.598,263.88141914135923,232.86756809665897,232.90420699384518,-252.80008927173884,93.52726511060074,-31.48051043179105,84.69491946520144,-4.0,95.0,-31.4768,84.6748,29.3528,141,61,411,395,0.16103559927176142,0.6334898515573162,0.12482180494278752,0.4365089471030109,0.1641931363460801,0.12727787449715555,2,0.48661800486618007,0,4.163336342344337e-17,4,705,1.6705753412369122,30.55060076713562,39.256126709658886
2,20261008_183952_scenario2_5524df,6,stopped_10s,route_failure; inspect trajectory; no automatic exit-ID truth,0,not demonstrated,1791452778.32821,1791452848.8372326,2026-10-08T18:46:18.328+09:00,2026-10-08T18:47:28.837+09:00,70.50902247428894,74.49,263.88141914135923,232.5775968781315,232.61599276798609,-252.79981142623944,93.53104829962987,-29.661196923324656,74.81493397884473,-4.0,95.0,-29.6605,74.7976,32.6588,141,61,413,397,0.1588488609163551,0.5848551014747685,0.12999952601251782,0.42235981667155076,0.16198876878011523,0.1325086384577291,12,2.9055690072639226,0,2.3592239273284576e-16,4,704,1.7004815293545743,30.240528106689453,39.64912276791678
2,20261008_183952_scenario2_5524df,7,off_route,route_failure; inspect trajectory; no automatic exit-ID truth,0,not demonstrated,1791452853.8286614,1791452890.035044,2026-10-08T18:47:33.828+09:00,2026-10-08T18:48:10.035+09:00,36.206382513046265,39.997,263.88141914135923,164.10235693605108,202.6453752767601,-252.80079718942667,93.5352711550861,-105.40911045504761,32.366795093355215,-4.0,95.0,-69.044,19.7936,99.432,72,2,361,344,0.24511667288563024,1.0743433878149835,0.18179243657597674,0.5031430914578736,0.2510854544678618,0.18615191915867535,20,5.540166204986149,0,1.5265566588595902e-16,10,361,2.640653815815099,20.140148401260376,38.14399497103486
2,20261008_183952_scenario2_5524df,8,stopped_10s,route_failure; inspect trajectory; no automatic exit-ID truth,0,not demonstrated,1791452914.129504,1791452984.4427564,2026-10-08T18:48:34.129+09:00,2026-10-08T18:49:44.442+09:00,70.31325244903564,74.198,263.88141914135923,232.54779844673718,232.58149445893758,-252.7435679355978,93.60293739674329,-35.41612093081617,93.05514053555486,-4.0,95.0,-35.4101,93.0394,31.4712,141,60,415,399,0.162762118930525,0.8141242834114041,0.11439383268272192,0.3673956945205922,0.1659669376882729,0.11654039602676525,1,0.24096385542168677,0,2.7755575615628914e-17,2,702,1.5627829884344768,29.73748230934143,38.77254098171172
2,20261008_183952_scenario2_5524df,9,stopped_10s,route_failure; inspect trajectory; no automatic exit-ID truth,0,not demonstrated,1791452989.4318852,1791453060.737972,2026-10-08T18:49:49.431+09:00,2026-10-08T18:51:00.737+09:00,71.30608677864075,75.195,263.88141914135923,233.1760126569573,233.2109152049826,-252.80630207452685,93.5179096875737,-35.209667117759736,94.13980474881598,-4.0,95.0,-35.199,94.1232,31.2113,142,60,422,406,0.15218320674804903,0.6839181581473732,0.1138184403743045,0.38557656970939946,0.15511735021949682,0.1159499644907188,2,0.47393364928909953,0,0.0,2,712,1.6955405460286141,30.038665056228638,38.66882539954992
2,20261008_183952_scenario2_5524df,10,off_route,route_failure; inspect trajectory; no automatic exit-ID truth,0,not demonstrated,1791453065.8278778,1791453103.0398445,2026-10-08T18:51:05.827+09:00,2026-10-08T18:51:43.039+09:00,37.21196675300598,41.194,263.88141914135923,165.21920645157275,202.30018192098197,-252.79833848217157,93.53096597115457,-104.83862758044197,32.5092123705037,-4.0,95.0,-75.3688,10.092,110.9183,74,3,366,349,0.25749569820936086,1.3187425705574154,0.20083918438998236,0.5051661039420405,0.2636751460393083,0.20559841442301266,34,9.289617486338798,0,5.551115123125783e-17,10,371,3.0366734943829714,19.93587017059326,36.84195991949703
3,20261008_185426_scenario3_72c4df,1,completed,intended_exit_observed,1,not demonstrated,1791453275.369991,1791453308.7745552,2026-10-08T18:54:35.369+09:00,2026-10-08T18:55:08.774+09:00,33.40456414222717,37.294,165.89684173487984,152.3328920012196,193.99387775797678,186.99763307664722,220.00810830848383,273.5755607574739,165.8764757821332,278.0,172.0,298.2556,199.3956,34.0706,67,0,333,316,0.14605434541592913,0.6226041296745751,0.1336329368396679,0.492205382650034,0.14983658480362572,0.1355798796633513,20,6.006006006006006,0,5.412337245047638e-16,6,333,2.2682537700576964,20.703622102737427,41.624944748857175
3,20261008_185426_scenario3_72c4df,2,completed,intended_exit_observed,1,not demonstrated,1791453333.4652836,1791453366.0830057,2026-10-08T18:55:33.465+09:00,2026-10-08T18:56:06.083+09:00,32.617722034454346,36.594,165.89684173487984,151.76411883936072,191.99761411593778,187.04916981630134,219.98207346879326,273.4378037822246,165.95714258441373,278.0,172.0,296.5378,198.8502,32.628,66,0,325,309,0.1918143286731766,0.968085770909502,0.15693168246075465,0.4827713968649824,0.19664899511815853,0.15975420401094234,18,5.538461538461538,0,1.3877787807814457e-16,12,326,1.9556391647286913,20.402432680130005,40.39438669171718
3,20261008_185426_scenario3_72c4df,3,completed,intended_exit_observed,1,not demonstrated,1791453390.4668858,1791453423.2777133,2026-10-08T18:56:30.466+09:00,2026-10-08T18:57:03.277+09:00,32.8108274936676,36.793,165.89684173487984,152.02970230643928,194.93229431216508,187.00805963832056,219.97614141332576,273.67683310613677,165.50607799074595,278.0,172.0,297.1852,201.344,35.0591,66,0,327,310,0.16751090136721322,0.7936088803763818,0.14540162208892224,0.46979388351702656,0.17193623057654203,0.14770082840271148,20,6.116207951070336,0,1.6653345369377348e-16,7,328,1.93171082344756,20.89713191986084,42.860237609675714
3,20261008_185426_scenario3_72c4df,4,completed,intended_exit_observed,1,not demonstrated,1791453448.168023,1791453481.3753724,2026-10-08T18:57:28.168+09:00,2026-10-08T18:58:01.375+09:00,33.20734930038452,37.198,165.89684173487984,152.2703297927501,192.13608050283005,187.01825761563813,219.97821189771432,274.48832531772996,165.2516694852604,278.0,172.0,291.2905,201.3733,32.2402,66,2,331,314,0.24604095750630947,1.4665171211520993,0.17543130108184038,0.5902144182308267,0.25253983136476194,0.1789414352350854,30,9.06344410876133,0,2.0816681711721685e-16,10,332,1.9417766830957865,20.303631067276,39.83823872985455
3,20261008_185426_scenario3_72c4df,5,completed,intended_exit_observed,1,not demonstrated,1791453505.5660975,1791453538.3746188,2026-10-08T18:58:25.566+09:00,2026-10-08T18:58:58.374+09:00,32.80852127075195,36.691,165.89684173487984,152.20530298873578,192.12610576343323,187.05213261666742,219.9724340678849,274.30194090352217,165.21382957005804,278.0,172.0,291.961,200.9705,32.159,65,2,327,312,0.2633269110799565,1.6477259834126705,0.18250782808165167,0.6637524258644691,0.2695339475928415,0.18578920610761918,30,9.174311926605505,0,2.498001805406602e-16,10,327,1.950925142437249,20.398917198181152,39.879591878658715
3,20261008_185426_scenario3_72c4df,6,completed,intended_exit_observed,1,not demonstrated,1791453562.764752,1791453595.2748969,2026-10-08T18:59:22.764+09:00,2026-10-08T18:59:55.274+09:00,32.51014494895935,36.493,165.89684173487984,151.7981620111712,191.70892565682357,187.05451149735265,219.9753007165465,273.5024648403573,165.7471034715006,278.0,172.0,295.4101,199.0617,32.1783,65,0,324,308,0.1549662723976446,0.9235698677912936,0.12778740908787145,0.4862173543149928,0.15886717208859932,0.12966889018944086,12,3.7037037037037033,0,1.942890293094024e-16,10,324,2.242543038037517,20.295258045196533,39.87238167133635
3,20261008_185426_scenario3_72c4df,7,completed,intended_exit_observed,1,not demonstrated,1791453619.567349,1791453652.3744462,2026-10-08T19:00:19.567+09:00,2026-10-08T19:00:52.374+09:00,32.80709719657898,36.795,165.89684173487984,152.67925716801489,195.35550888611118,187.04143758212626,219.97408213620292,273.9555999702664,165.27533470872237,278.0,172.0,296.0753,201.7163,34.7818,65,2,327,311,0.19350834387499757,0.8117450117418079,0.1821093550897827,0.49465680451228555,0.19833124551183445,0.1854592471471427,34,10.397553516819572,0,1.8041124150158794e-16,10,327,1.9480668480199785,20.987820863723755,42.628923054253875
3,20261008_185426_scenario3_72c4df,8,completed,intended_exit_observed,1,not demonstrated,1791453677.2718601,1791453710.8740685,2026-10-08T19:01:17.271+09:00,2026-10-08T19:01:50.874+09:00,33.602208375930786,37.5,165.89684173487984,153.86560950994988,195.41634320841297,187.04159870871234,219.9753860120827,273.8328307696945,165.41684291813846,278.0,172.0,297.389,199.594,33.7248,67,0,335,318,0.16131246571404875,0.5675554626568665,0.16985729781235837,0.5373399910779223,0.16546320928156458,0.17306661574475102,21,6.26865671641791,0,2.220446049250313e-16,14,335,2.149406133708606,20.7913019657135,41.508687946079796
3,20261008_185426_scenario3_72c4df,9,completed,intended_exit_observed,1,not demonstrated,1791453735.6657524,1791453769.0679197,2026-10-08T19:02:15.665+09:00,2026-10-08T19:02:49.067+09:00,33.402167320251465,37.393,165.89684173487984,152.0351115015677,191.5528015985111,187.00764477031808,219.98498748215079,273.27170916857244,165.7194893338907,278.0,172.0,297.1498,197.1765,31.6318,67,0,333,317,0.10089919938116754,0.6001315345727511,0.11875041219680807,0.48322391043191315,0.10331317051402215,0.11996633327171707,13,3.903903903903904,0,2.498001805406602e-16,6,333,1.9480112501248625,20.288175344467163,39.49312271524779
3,20261008_185426_scenario3_72c4df,10,completed,intended_exit_observed,1,not demonstrated,1791453793.1656146,1791453826.2733872,2026-10-08T19:03:13.165+09:00,2026-10-08T19:03:46.273+09:00,33.10777258872986,36.895,165.89684173487984,151.45399248293234,192.57382806322315,186.9929300694133,219.99345512302824,273.6590818899306,165.78575550463404,278.0,172.0,298.3723,198.6099,33.5129,66,0,330,314,0.1296085773185906,0.6863872339279468,0.12855493300833964,0.4179515331740523,0.132745773880528,0.12992793174504338,14,4.242424242424243,0,5.551115123125783e-17,6,330,1.9359926741483875,20.687397480010986,41.08731691420757
