time,t,known,unknown,free,known_far_received,free_far_effective0,free_first9m,free_at_40m_edge
17:54:34.121,1791276874.1218681,16384,0,4390,42.95,40.0,600,91
17:54:34.122,1791276874.1221755,16384,0,4407,42.95,40.0,597,91
17:54:34.134,1791276874.1340194,16384,0,4415,42.95,40.0,595,91
17:54:34.162,1791276874.1628795,16384,0,4414,42.95,40.0,595,91
17:54:34.220,1791276874.22055,16384,0,4429,42.95,40.0,594,90
17:54:34.237,1791276874.2377431,16384,0,4454,42.95,40.0,595,90
17:54:34.264,1791276874.264109,16384,0,4472,42.95,40.0,597,90
17:54:34.316,1791276874.316184,16384,0,4473,42.95,40.0,598,90
17:54:34.316,1791276874.3164291,16384,0,4483,42.95,40.0,600,89
17:54:34.341,1791276874.3414745,16384,0,4494,42.95,40.0,599,89
17:54:34.422,1791276874.4220653,16384,0,4506,42.95,40.0,598,89
17:54:34.422,1791276874.42227,16384,0,4514,42.95,40.0,597,88
17:54:34.422,1791276874.422403,16384,0,4514,42.95,40.0,597,88
17:54:34.442,1791276874.442366,16384,0,4533,42.95,40.0,598,88
17:54:34.470,1791276874.4701335,16384,0,4543,42.95,40.0,598,87
17:54:34.496,1791276874.4963734,16384,0,4554,42.95,40.0,600,87
17:54:34.521,1791276874.521045,16384,0,4554,42.95,40.0,600,87
17:54:34.547,1791276874.5477557,16384,0,4563,42.95,40.0,601,86
17:54:34.572,1791276874.572322,16384,0,4571,42.95,40.0,598,86
17:54:34.604,1791276874.6040056,16384,0,4579,42.95,40.0,598,85
17:54:34.622,1791276874.6227636,16384,0,4579,42.95,40.0,598,85
17:54:34.648,1791276874.6484644,16384,0,4601,42.95,40.0,601,85
17:54:34.676,1791276874.6764457,16384,0,4601,42.95,40.0,601,84
17:54:34.736,1791276874.7366016,16384,0,4624,42.95,40.0,600,83
17:54:34.753,1791276874.7532213,16384,0,4623,42.95,40.0,600,83
17:54:34.779,1791276874.779021,16384,0,4634,42.95,40.0,603,82
17:54:34.803,1791276874.803616,16384,0,4647,42.95,40.0,604,82
17:54:34.836,1791276874.8368444,16384,0,4638,42.95,40.0,602,69
17:54:34.860,1791276874.8607178,16384,0,4639,42.95,40.0,602,69
17:54:34.883,1791276874.8831258,16384,0,4625,42.95,40.0,605,61
17:54:34.911,1791276874.911506,16384,0,4633,42.95,40.0,605,59
17:54:35.013,1791276875.0136511,16384,0,4620,42.95,40.0,605,54
17:54:35.013,1791276875.0138025,16384,0,4621,42.95,40.0,605,54
17:54:35.013,1791276875.013969,16384,0,4609,42.95,40.0,608,54
17:54:35.040,1791276875.0400908,16384,0,4608,42.95,40.0,608,52
17:54:35.066,1791276875.0660853,16384,0,4594,42.95,40.0,607,51
17:54:35.090,1791276875.0901423,16384,0,4594,42.95,40.0,607,51
17:54:35.113,1791276875.1139812,16384,0,4598,42.95,40.0,610,50
17:54:35.148,1791276875.14843,16384,0,4583,42.95,40.0,611,49
17:54:35.165,1791276875.1656704,16384,0,4580,42.95,40.0,610,48
17:54:35.188,1791276875.188807,16384,0,4580,42.95,40.0,609,48
17:54:35.217,1791276875.2172298,16384,0,4578,42.95,40.0,609,47
17:54:35.249,1791276875.249648,16384,0,4568,42.95,40.0,612,47
17:54:35.268,1791276875.2683134,16384,0,4559,42.95,40.0,612,46
17:54:35.296,1791276875.296196,16384,0,4559,42.95,40.0,613,46
17:54:35.318,1791276875.3182137,16384,0,4560,42.95,40.0,613,46
17:54:35.352,1791276875.3529122,16384,0,4554,42.95,40.0,613,45
17:54:35.371,1791276875.3714845,16384,0,4551,42.95,40.0,612,45
17:54:35.399,1791276875.3991096,16384,0,4550,42.95,40.0,614,44
17:54:35.423,1791276875.423785,16384,0,4550,42.95,40.0,614,44
17:54:35.459,1791276875.4599917,16384,0,4541,42.95,40.0,616,44
17:54:35.476,1791276875.476116,16384,0,4539,42.95,40.0,615,44
17:54:35.503,1791276875.5039485,16384,0,4536,42.95,40.0,615,43
17:54:35.527,1791276875.527019,16384,0,4537,42.95,40.0,615,43
17:54:35.562,1791276875.562057,16384,0,4534,42.95,40.0,617,43
17:54:35.578,1791276875.5786638,16384,0,4535,42.95,40.0,619,43
17:54:35.604,1791276875.6046877,16384,0,4535,42.95,40.0,616,42
17:54:35.628,1791276875.6285403,16384,0,4535,42.95,40.0,616,42
17:54:35.658,1791276875.658977,16384,0,4530,42.95,40.0,618,41
17:54:35.684,1791276875.684899,16384,0,4534,42.95,40.0,620,41
17:54:35.744,1791276875.744718,16384,0,4538,42.95,40.0,620,41
17:54:35.765,1791276875.7651286,16384,0,4542,42.95,40.0,620,41
17:54:35.786,1791276875.7864797,16384,0,4548,42.95,40.0,622,41
17:54:35.835,1791276875.8357189,16384,0,4559,42.95,40.0,621,40
17:54:35.863,1791276875.8638754,16384,0,4559,42.95,40.0,622,40
17:54:35.913,1791276875.9133954,16384,0,4564,42.95,40.0,622,40
17:54:35.988,1791276875.9883335,16384,0,4579,42.95,40.0,623,39
17:54:35.988,1791276875.9885402,16384,0,4583,42.95,40.0,622,40
17:54:35.993,1791276875.9932222,16384,0,4583,42.95,40.0,622,40
17:54:36.025,1791276876.025641,16384,0,4594,42.95,40.0,622,39
17:54:36.040,1791276876.0408785,16384,0,4615,42.95,40.0,622,40
17:54:36.066,1791276876.0661974,16384,0,4621,42.95,40.0,621,39
17:54:36.139,1791276876.139708,16384,0,4636,42.95,40.0,619,39
17:54:36.140,1791276876.140013,16384,0,4636,42.95,40.0,619,39
17:54:36.145,1791276876.1455605,16384,0,4650,42.95,40.0,620,38
17:54:36.171,1791276876.1714091,16384,0,4666,42.95,40.0,619,39
17:54:36.196,1791276876.1960366,16384,0,4686,42.95,40.0,620,39
17:54:36.223,1791276876.2231846,16384,0,4686,42.95,40.0,620,39
17:54:36.248,1791276876.2489715,16384,0,4708,42.95,40.0,619,39
17:54:36.273,1791276876.2734392,16384,0,4723,42.95,40.0,617,39
17:54:36.299,1791276876.2993376,16384,0,4750,42.95,40.0,618,39
17:54:36.324,1791276876.3245351,16384,0,4748,42.95,40.0,617,39
17:54:36.385,1791276876.385737,16384,0,4773,42.95,40.0,618,39
17:54:36.442,1791276876.4422693,16384,0,4795,42.95,40.0,616,38
17:54:36.442,1791276876.442435,16384,0,4820,42.95,40.0,617,38
17:54:36.442,1791276876.4426239,16384,0,4840,42.95,40.0,615,38
17:54:36.453,1791276876.4530113,16384,0,4840,42.95,40.0,615,38
17:54:36.486,1791276876.4862068,16384,0,4872,42.95,40.0,615,38
17:54:36.505,1791276876.50513,16384,0,4889,42.95,40.0,612,38
17:54:36.531,1791276876.5317693,16384,0,4921,42.95,40.0,613,38
17:54:36.558,1791276876.5582116,16384,0,4942,42.95,40.0,613,38
17:54:36.582,1791276876.582733,16384,0,4941,42.95,40.0,612,38
17:54:36.607,1791276876.607425,16384,0,4978,42.95,40.0,611,39
17:54:36.634,1791276876.6340952,16384,0,5007,42.95,40.0,612,38
17:54:36.660,1791276876.6608706,16384,0,5033,42.95,40.0,612,39
17:54:36.777,1791276876.7771251,16384,0,5071,42.95,40.0,611,39
17:54:36.777,1791276876.777312,16384,0,5106,42.95,40.0,611,39
17:54:36.777,1791276876.7774124,16384,0,5148,42.95,40.0,612,40
17:54:36.791,1791276876.7910087,16384,0,5169,42.95,40.0,612,40
17:54:36.823,1791276876.8235564,16384,0,5170,42.95,40.0,612,40
17:54:36.887,1791276876.8878415,16384,0,5250,42.95,40.0,611,40
17:54:36.894,1791276876.8941143,16384,0,5300,42.95,40.0,612,41
17:54:36.947,1791276876.947928,16384,0,5343,42.95,40.0,609,42
17:54:36.973,1791276876.9731822,16384,0,5386,42.95,40.0,609,43
17:54:36.998,1791276876.9981456,16384,0,5428,42.95,40.0,608,43
17:54:37.024,1791276877.0244286,16384,0,5430,42.95,40.0,608,43
17:54:37.075,1791276877.0759428,16384,0,5539,42.95,40.0,612,45
17:54:37.100,1791276877.1006432,16384,0,5575,42.95,40.0,613,45
17:54:37.178,1791276877.1781042,16384,0,5695,42.95,40.0,613,46
17:54:37.205,1791276877.2051234,16384,0,5736,42.95,40.0,603,45
17:54:37.231,1791276877.2315576,16384,0,5771,42.95,40.0,591,44
17:54:37.254,1791276877.254795,16384,0,5771,42.95,40.0,592,44
17:54:37.306,1791276877.306307,16384,0,5885,42.95,40.0,616,39
17:54:37.335,1791276877.335443,16384,0,5905,42.95,40.0,608,36
17:54:37.358,1791276877.358401,16384,0,5904,42.95,40.0,607,36
17:54:37.431,1791276877.431805,16384,0,5945,42.95,40.0,606,34
17:54:37.431,1791276877.4319794,16384,0,5958,42.95,40.0,607,32
17:54:37.465,1791276877.465236,16384,0,6015,42.95,40.0,612,28
17:54:37.488,1791276877.4888217,16384,0,6014,42.95,40.0,612,28
17:54:37.516,1791276877.5161796,16384,0,6025,42.95,40.0,613,28
17:54:37.539,1791276877.5399263,16384,0,6052,42.95,40.0,612,29
17:54:37.567,1791276877.567481,16384,0,6072,42.95,40.0,612,30
17:54:37.592,1791276877.5924413,16384,0,6072,42.95,40.0,611,30
17:54:37.620,1791276877.620978,16384,0,6080,42.95,40.0,611,31
17:54:37.644,1791276877.6447215,16384,0,6103,42.95,40.0,614,31
17:54:37.671,1791276877.6718566,16384,0,6112,42.95,40.0,615,30
17:54:37.701,1791276877.70138,16384,0,6125,42.95,40.0,614,30
17:54:37.722,1791276877.722989,16384,0,6126,42.95,40.0,614,30
17:54:37.749,1791276877.7496586,16384,0,6133,42.95,40.0,615,30
17:54:37.777,1791276877.7773035,16384,0,6141,42.95,40.0,614,30
17:54:37.805,1791276877.8059506,16384,0,6148,42.95,40.0,615,29
17:54:37.824,1791276877.8249748,16384,0,6149,42.95,40.0,616,29
17:54:37.851,1791276877.8513303,16384,0,6163,42.95,40.0,616,29
17:54:37.876,1791276877.8761566,16384,0,6161,42.95,40.0,616,28
17:54:37.912,1791276877.9123385,16384,0,6170,42.95,40.0,616,27
17:54:37.928,1791276877.9288466,16384,0,6169,42.95,40.0,616,27
17:54:38.009,1791276878.0092335,16384,0,6172,42.95,40.0,616,27
17:54:38.009,1791276878.0095913,16384,0,6168,42.95,40.0,615,26
17:54:38.009,1791276878.0097249,16384,0,6163,42.95,40.0,617,25
17:54:38.032,1791276878.0326993,16384,0,6162,42.95,40.0,617,25
17:54:38.060,1791276878.0600822,16384,0,6161,42.95,40.0,617,25
17:54:38.084,1791276878.084607,16384,0,6170,42.95,40.0,616,25
17:54:38.114,1791276878.1141484,16384,0,6164,42.95,40.0,616,24
17:54:38.135,1791276878.1358056,16384,0,6173,42.95,40.0,617,24
17:54:38.165,1791276878.1657233,16384,0,6167,42.95,40.0,618,24
17:54:38.191,1791276878.1914842,16384,0,6173,42.95,40.0,619,24
17:54:38.221,1791276878.2215466,16384,0,6172,42.95,40.0,619,24
17:54:38.237,1791276878.2373922,16384,0,6165,42.95,40.0,618,24
17:54:38.265,1791276878.265787,16384,0,6174,42.95,40.0,620,24
17:54:38.291,1791276878.2910676,16384,0,6174,42.95,40.0,620,24
17:54:38.320,1791276878.320617,16384,0,6171,42.95,40.0,621,24
17:54:38.343,1791276878.343643,16384,0,6169,42.95,40.0,623,24
17:54:38.369,1791276878.3698344,16384,0,6161,42.95,40.0,623,24
17:54:38.395,1791276878.3953655,16384,0,6172,42.95,40.0,623,24
17:54:38.423,1791276878.4238904,16384,0,6172,42.95,40.0,623,24
17:54:38.447,1791276878.447749,16384,0,6168,42.95,40.0,626,24
17:54:38.471,1791276878.4717765,16384,0,6162,42.95,40.0,627,23
17:54:38.498,1791276878.4987607,16384,0,6177,42.95,40.0,631,23
17:54:38.526,1791276878.5268312,16384,0,6176,42.95,40.0,631,23
17:54:38.549,1791276878.549251,16384,0,6155,42.95,40.0,631,23
17:54:38.575,1791276878.5757458,16384,0,6178,42.95,40.0,635,23
17:54:38.600,1791276878.6002848,16384,0,6159,42.95,40.0,636,22
17:54:38.628,1791276878.6288705,16384,0,6158,42.95,40.0,636,22
17:54:38.650,1791276878.6505191,16384,0,6162,42.95,40.0,641,22
17:54:38.676,1791276878.6762068,16384,0,6171,42.95,40.0,643,22
17:54:38.740,1791276878.7401612,16384,0,6152,42.95,40.0,647,21
17:54:38.740,1791276878.7405794,16384,0,6151,42.95,40.0,647,21
17:54:38.753,1791276878.7535992,16384,0,6159,42.95,40.0,652,21
17:54:38.778,1791276878.778464,16384,0,6164,42.95,40.0,654,20
17:54:38.805,1791276878.8050168,16384,0,6143,42.95,40.0,660,20
17:54:38.831,1791276878.8314357,16384,0,6140,42.95,40.0,664,19
17:54:38.854,1791276878.8547192,16384,0,6140,42.95,40.0,664,19
17:54:38.881,1791276878.881467,16384,0,6134,42.95,40.0,668,19
17:54:38.908,1791276878.9084136,16384,0,6132,42.95,40.0,673,18
17:54:38.984,1791276878.9849935,16384,0,6126,42.95,40.0,680,18
17:54:38.985,1791276878.985241,16384,0,6126,42.95,40.0,680,18
17:54:38.985,1791276878.985396,16384,0,6103,42.95,40.0,683,17
17:54:39.010,1791276879.0103078,16384,0,6091,42.95,40.0,690,18
17:54:39.036,1791276879.03655,16384,0,6083,42.95,40.0,698,17
17:54:39.062,1791276879.0628471,16384,0,6066,42.95,40.0,705,17
17:54:39.087,1791276879.0874112,16384,0,6066,42.95,40.0,705,17
17:54:39.112,1791276879.1123624,16384,0,6059,42.95,40.0,713,16
17:54:39.141,1791276879.1418893,16384,0,6037,42.95,40.0,722,16
17:54:39.172,1791276879.1725187,16384,0,6020,42.95,40.0,729,16
17:54:39.189,1791276879.1898751,16384,0,6022,42.95,40.0,729,16
17:54:39.216,1791276879.2167406,16384,0,6002,42.95,40.0,739,15
17:54:39.242,1791276879.2427967,16384,0,5973,42.95,40.0,749,16
17:54:39.294,1791276879.2941465,16384,0,5914,42.95,40.0,771,14
17:54:39.318,1791276879.318938,16384,0,5913,42.95,40.0,771,14
17:54:39.343,1791276879.343779,16384,0,5872,42.95,40.0,785,13
17:54:39.412,1791276879.412524,16384,0,5843,42.95,40.0,797,13
17:54:39.420,1791276879.4206686,16384,0,5797,42.95,40.0,810,12
17:54:39.446,1791276879.4464474,16384,0,5758,42.95,40.0,820,11
17:54:39.472,1791276879.4725823,16384,0,5717,42.95,40.0,832,10
17:54:39.498,1791276879.4989412,16384,0,5686,42.95,40.0,849,9
17:54:39.527,1791276879.5279303,16384,0,5633,42.95,40.0,866,9
17:54:39.549,1791276879.5494537,16384,0,5634,42.95,40.0,866,9
17:54:39.576,1791276879.5765681,16384,0,5593,42.95,40.0,878,8
17:54:39.604,1791276879.6041222,16384,0,5552,42.95,40.0,893,7
17:54:39.631,1791276879.6315403,16384,0,5506,42.95,40.0,912,7
17:54:39.652,1791276879.6523185,16384,0,5506,42.95,40.0,912,7
17:54:39.679,1791276879.6795502,16384,0,5466,42.95,40.0,931,6
17:54:39.705,1791276879.7052248,16384,0,5414,42.95,40.0,950,5
17:54:39.764,1791276879.764689,16384,0,5397,42.95,40.0,974,5
17:54:39.765,1791276879.7650206,16384,0,5395,42.95,40.0,974,5
17:54:39.782,1791276879.7822216,16384,0,5359,42.95,40.0,982,5
17:54:39.807,1791276879.8073797,16384,0,5322,42.95,40.0,1004,5
17:54:39.834,1791276879.8349257,16384,0,5299,42.95,40.0,1025,5
17:54:39.885,1791276879.8857436,16384,0,5289,42.95,40.0,1046,5
17:54:39.937,1791276879.93704,16384,0,5274,42.95,40.0,1091,6
17:54:39.963,1791276879.9634788,16384,0,5276,42.95,40.0,1107,6
17:54:39.986,1791276879.986551,16384,0,5275,42.95,40.0,1107,6
17:54:40.013,1791276880.0135295,16384,0,5278,42.95,40.0,1130,7
17:54:40.040,1791276880.040698,16384,0,5301,42.95,40.0,1152,8
17:54:40.064,1791276880.0647995,16384,0,5332,42.95,40.0,1171,9
17:54:40.087,1791276880.0875912,16384,0,5333,42.95,40.0,1171,9
17:54:40.114,1791276880.114781,16384,0,5359,42.95,40.0,1192,10
17:54:40.146,1791276880.1460934,16384,0,5384,42.95,40.0,1222,11
17:54:40.166,1791276880.1660233,16384,0,5422,42.95,40.0,1248,12
17:54:40.192,1791276880.192745,16384,0,5451,42.95,40.0,1271,13
17:54:40.218,1791276880.2186143,16384,0,5450,42.95,40.0,1271,13
17:54:40.243,1791276880.2430696,16384,0,5467,42.95,40.0,1305,15
17:54:40.268,1791276880.2687564,16384,0,5475,42.95,40.0,1332,16
17:54:40.296,1791276880.2960775,16384,0,5484,42.95,40.0,1373,18
17:54:40.321,1791276880.3218493,16384,0,5484,42.95,40.0,1373,18
17:54:40.424,1791276880.4244485,16384,0,5513,42.95,40.0,1456,18
17:54:40.424,1791276880.4246788,16384,0,5528,42.95,40.0,1503,18
17:54:40.426,1791276880.4263382,16384,0,5527,42.95,40.0,1503,18
17:54:40.452,1791276880.4524734,16384,0,5535,42.95,40.0,1580,18
17:54:40.478,1791276880.4782438,16384,0,5547,42.95,40.0,1640,18
17:54:40.511,1791276880.5111513,16384,0,5548,42.95,40.0,1692,18
17:54:40.529,1791276880.5292263,16384,0,5565,42.95,40.0,1766,18
17:54:40.553,1791276880.5530663,16384,0,5565,42.95,40.0,1766,18
17:54:40.580,1791276880.5806215,16384,0,5560,42.95,40.0,1821,18
17:54:40.611,1791276880.6110704,16384,0,5569,42.95,40.0,1873,17
17:54:40.634,1791276880.6348634,16384,0,5562,42.95,40.0,1936,17
17:54:40.655,1791276880.655724,16384,0,5565,42.95,40.0,1936,17
17:54:40.694,1791276880.6948283,16384,0,5557,42.95,40.0,1986,17
17:54:40.712,1791276880.7126837,16384,0,5553,42.95,40.0,2039,17
17:54:40.734,1791276880.7344604,16384,0,5579,42.95,40.0,2074,18
17:54:40.784,1791276880.7841141,16384,0,5552,42.95,40.0,2099,17
17:54:40.820,1791276880.820665,16384,0,5549,42.95,40.0,2105,18
17:54:40.837,1791276880.8378325,16384,0,5542,42.95,40.0,2121,17
17:54:40.865,1791276880.8652081,16384,0,5512,42.95,40.0,2119,17
17:54:40.888,1791276880.8888521,16384,0,5514,42.95,40.0,2120,17
17:54:40.919,1791276880.9193685,16384,0,5508,42.95,40.0,2110,18
17:54:40.941,1791276880.9412048,16384,0,5482,42.95,40.0,2100,18
17:54:41.009,1791276881.0092502,16384,0,5455,42.95,40.0,2071,18
17:54:41.009,1791276881.009548,16384,0,5417,42.95,40.0,1998,18
17:54:41.018,1791276881.0185196,16384,0,5419,42.95,40.0,1998,18
17:54:41.042,1791276881.0422883,16384,0,5367,42.95,40.0,1923,19
17:54:41.070,1791276881.0708365,16384,0,5330,42.95,40.0,1849,19
17:54:41.146,1791276881.1464202,16384,0,5233,42.95,40.0,1693,20
17:54:41.174,1791276881.174036,16384,0,5230,42.95,40.0,1629,23
17:54:41.225,1791276881.2256486,16384,0,5235,42.95,40.0,1562,25
17:54:41.250,1791276881.250145,16384,0,5237,42.95,40.0,1476,29
17:54:41.276,1791276881.2769275,16384,0,5213,42.95,40.0,1407,29
17:54:41.304,1791276881.304444,16384,0,5223,42.95,40.0,1337,32
17:54:41.331,1791276881.3316915,16384,0,5195,42.95,40.0,1243,35
17:54:41.354,1791276881.3541799,16384,0,5194,42.95,40.0,1243,35
17:54:41.381,1791276881.3810775,16384,0,5234,42.95,40.0,1231,38
17:54:41.406,1791276881.40686,16384,0,5283,42.95,40.0,1219,39
17:54:41.434,1791276881.4342542,16384,0,5330,42.95,40.0,1201,43
17:54:41.459,1791276881.4594786,16384,0,5373,42.95,40.0,1197,45
17:54:41.483,1791276881.483719,16384,0,5375,42.95,40.0,1197,45
17:54:41.509,1791276881.5097947,16384,0,5429,42.95,40.0,1186,47
17:54:41.539,1791276881.5391998,16384,0,5464,42.95,40.0,1177,49
17:54:41.564,1791276881.5644658,16384,0,5496,42.95,40.0,1171,52
17:54:41.592,1791276881.5920022,16384,0,5495,42.95,40.0,1171,52
17:54:41.615,1791276881.6155968,16384,0,5545,42.95,40.0,1168,56
17:54:41.641,1791276881.6415753,16384,0,5584,42.95,40.0,1159,61
17:54:41.669,1791276881.6693003,16384,0,5645,42.95,40.0,1156,66
17:54:41.737,1791276881.7375586,16384,0,5676,42.95,40.0,1148,69
17:54:41.737,1791276881.737791,16384,0,5675,42.95,40.0,1148,69
17:54:41.746,1791276881.7466516,16384,0,5740,42.95,40.0,1143,74
17:54:41.772,1791276881.7727253,16384,0,5785,42.95,40.0,1134,77
17:54:41.799,1791276881.799723,16384,0,5819,42.95,40.0,1128,79
17:54:41.822,1791276881.8224092,16384,0,5819,42.95,40.0,1129,78
17:54:41.850,1791276881.8506866,16384,0,5869,42.95,40.0,1115,81
17:54:41.875,1791276881.8750648,16384,0,5897,42.95,40.0,1110,81
17:54:41.902,1791276881.9023266,16384,0,5934,42.95,40.0,1097,85
17:54:41.929,1791276881.9294064,16384,0,5956,42.95,40.0,1088,89
17:54:41.984,1791276881.984155,16384,0,5955,42.95,40.0,1088,89
17:54:41.984,1791276881.9843292,16384,0,5974,42.95,40.0,1078,92
17:54:42.007,1791276882.007695,16384,0,6000,42.95,40.0,1073,98
17:54:42.031,1791276882.031825,16384,0,6026,42.95,40.0,1062,102
17:54:42.056,1791276882.0561805,16384,0,6025,42.95,40.0,1062,102
17:54:42.111,1791276882.1110742,16384,0,6057,42.95,40.0,1042,105
17:54:42.161,1791276882.1617055,16384,0,6096,42.95,40.0,1030,109
17:54:42.187,1791276882.1870625,16384,0,6115,42.95,40.0,1022,110
17:54:42.217,1791276882.2176027,16384,0,6131,42.95,40.0,1014,109
17:54:42.248,1791276882.2480857,16384,0,6135,42.95,40.0,1004,106
17:54:42.272,1791276882.2722433,16384,0,6136,42.95,40.0,993,100
17:54:42.292,1791276882.2923439,16384,0,6131,42.95,40.0,993,99
17:54:42.319,1791276882.3197603,16384,0,6144,42.95,40.0,990,96
17:54:42.350,1791276882.3500307,16384,0,6143,42.95,40.0,991,91
17:54:42.424,1791276882.4245265,16384,0,6096,42.95,40.0,969,87
17:54:42.424,1791276882.4248536,16384,0,6073,42.95,40.0,975,85
17:54:42.425,1791276882.4251308,16384,0,6073,42.95,40.0,975,85
17:54:42.451,1791276882.4518716,16384,0,6045,42.95,40.0,964,83
17:54:42.478,1791276882.4785967,16384,0,6020,42.95,40.0,959,80
17:54:42.506,1791276882.5060463,16384,0,5990,42.95,40.0,958,76
17:54:42.532,1791276882.5327458,16384,0,5943,42.95,40.0,947,71
17:54:42.557,1791276882.5575626,16384,0,5944,42.95,40.0,947,71
17:54:42.581,1791276882.5811546,16384,0,5903,42.95,40.0,947,69
17:54:42.608,1791276882.6084037,16384,0,5857,42.95,40.0,943,66
17:54:42.635,1791276882.635394,16384,0,5812,42.95,40.0,942,63
17:54:42.664,1791276882.6644897,16384,0,5762,42.95,40.0,940,60
17:54:42.687,1791276882.6870718,16384,0,5765,42.95,40.0,940,60
17:54:42.764,1791276882.7640364,16384,0,5725,42.95,40.0,935,59
17:54:42.764,1791276882.7642412,16384,0,5674,42.95,40.0,943,56
17:54:42.771,1791276882.7712486,16384,0,5624,42.95,40.0,935,57
17:54:42.792,1791276882.7927158,16384,0,5592,42.95,40.0,944,55
17:54:42.820,1791276882.82075,16384,0,5591,42.95,40.0,944,55
17:54:42.869,1791276882.8692217,16384,0,5508,42.95,40.0,944,52
17:54:42.897,1791276882.897364,16384,0,5450,42.95,40.0,945,51
17:54:42.926,1791276882.9263065,16384,0,5451,42.95,40.0,946,51
17:54:42.947,1791276882.9474053,16384,0,5403,42.95,40.0,943,50
17:54:42.977,1791276882.9776425,16384,0,5344,42.95,40.0,947,50
17:54:43.001,1791276883.0013072,16384,0,5326,42.95,40.0,954,48
17:54:43.031,1791276883.0316708,16384,0,5326,42.95,40.0,954,48
17:54:43.049,1791276883.0493162,16384,0,5307,42.95,40.0,951,46
17:54:43.080,1791276883.0801365,16384,0,5310,42.95,40.0,958,46
17:54:43.106,1791276883.106841,16384,0,5302,42.95,40.0,962,45
17:54:43.133,1791276883.1339147,16384,0,5306,42.95,40.0,962,45
17:54:43.154,1791276883.1545885,16384,0,5294,42.95,40.0,966,43
17:54:43.181,1791276883.181667,16384,0,5298,42.95,40.0,968,43
17:54:43.209,1791276883.2093272,16384,0,5298,42.95,40.0,979,42
17:54:43.236,1791276883.236018,16384,0,5294,42.95,40.0,985,41
17:54:43.259,1791276883.259583,16384,0,5292,42.95,40.0,984,40
17:54:43.284,1791276883.2842813,16384,0,5287,42.95,40.0,993,39
17:54:43.312,1791276883.3126557,16384,0,5286,42.95,40.0,1002,39
17:54:43.339,1791276883.3397303,16384,0,5285,42.95,40.0,1018,39
17:54:43.366,1791276883.3664196,16384,0,5291,42.95,40.0,1030,39
17:54:43.446,1791276883.4464624,16384,0,5291,42.95,40.0,1030,39
17:54:43.446,1791276883.446724,16384,0,5289,42.95,40.0,1040,38
17:54:43.447,1791276883.4470298,16384,0,5304,42.95,40.0,1058,37
17:54:43.475,1791276883.475313,16384,0,5319,42.95,40.0,1074,37
17:54:43.495,1791276883.4957566,16384,0,5317,42.95,40.0,1088,37
17:54:43.519,1791276883.5190592,16384,0,5317,42.95,40.0,1088,37
17:54:43.546,1791276883.5463624,16384,0,5352,42.95,40.0,1104,37
17:54:43.600,1791276883.6007183,16384,0,5381,42.95,40.0,1127,36
17:54:43.626,1791276883.6262424,16384,0,5382,42.95,40.0,1128,36
17:54:43.652,1791276883.6529143,16384,0,5392,42.95,40.0,1141,36
17:54:43.706,1791276883.7063591,16384,0,5440,42.95,40.0,1159,36
17:54:43.731,1791276883.7316911,16384,0,5469,42.95,40.0,1172,36
17:54:43.770,1791276883.7703452,16384,0,5466,42.95,40.0,1172,35
17:54:43.786,1791276883.7864084,16384,0,5507,42.95,40.0,1183,35
17:54:43.838,1791276883.838019,16384,0,5626,42.95,40.0,1206,35
17:54:43.856,1791276883.8561378,16384,0,5626,42.95,40.0,1207,35
17:54:43.885,1791276883.885949,16384,0,5685,42.95,40.0,1221,35
17:54:43.910,1791276883.9106252,16384,0,5731,42.95,40.0,1229,36
17:54:43.939,1791276883.9390101,16384,0,5795,42.95,40.0,1240,35
17:54:44.011,1791276884.011603,16384,0,5836,42.95,40.0,1242,36
17:54:44.011,1791276884.0117295,16384,0,5835,42.95,40.0,1242,36
17:54:44.042,1791276884.0427115,16384,0,5960,42.95,40.0,1269,36
17:54:44.069,1791276884.0692768,16384,0,6023,42.95,40.0,1286,36
17:54:44.096,1791276884.096473,16384,0,6075,42.95,40.0,1298,36
17:54:44.145,1791276884.145076,16384,0,6144,42.95,40.0,1307,36
17:54:44.173,1791276884.173158,16384,0,6191,42.95,40.0,1315,36
17:54:44.200,1791276884.200423,16384,0,6246,42.95,40.0,1325,36
17:54:44.223,1791276884.2236567,16384,0,6246,42.95,40.0,1325,36
17:54:44.250,1791276884.2502549,16384,0,6300,42.95,40.0,1348,35
17:54:44.278,1791276884.2786758,16384,0,6340,42.95,40.0,1360,36
17:54:44.303,1791276884.303402,16384,0,6406,42.95,40.0,1372,36
17:54:44.329,1791276884.329759,16384,0,6406,42.95,40.0,1373,36
17:54:44.360,1791276884.360089,16384,0,6451,42.95,40.0,1391,35
17:54:44.381,1791276884.381875,16384,0,6493,42.95,40.0,1409,36
17:54:44.409,1791276884.4096005,16384,0,6534,42.95,40.0,1430,35
17:54:44.436,1791276884.4365642,16384,0,6578,42.95,40.0,1447,35
17:54:44.464,1791276884.4646797,16384,0,6576,42.95,40.0,1447,35
17:54:44.512,1791276884.5121439,16384,0,6640,42.95,40.0,1469,35
17:54:44.550,1791276884.5505123,16384,0,6662,42.95,40.0,1486,34
17:54:44.567,1791276884.5675256,16384,0,6683,42.95,40.0,1497,34
17:54:44.590,1791276884.5900834,16384,0,6681,42.95,40.0,1496,34
17:54:44.615,1791276884.6153045,16384,0,6697,42.95,40.0,1497,34
17:54:44.642,1791276884.6424675,16384,0,6723,42.95,40.0,1508,34
17:54:44.669,1791276884.6691756,16384,0,6731,42.95,40.0,1517,33
17:54:44.740,1791276884.7403057,16384,0,6731,42.95,40.0,1517,33
17:54:44.740,1791276884.7405214,16384,0,6743,42.95,40.0,1521,34
17:54:44.746,1791276884.746033,16384,0,6749,42.95,40.0,1534,33
17:54:44.773,1791276884.7738893,16384,0,6743,42.95,40.0,1533,34
17:54:44.797,1791276884.7979114,16384,0,6745,42.95,40.0,1534,34
17:54:44.821,1791276884.8215816,16384,0,6740,42.95,40.0,1542,33
17:54:44.848,1791276884.8489504,16384,0,6749,42.95,40.0,1548,33
17:54:44.874,1791276884.8746438,16384,0,6730,42.95,40.0,1546,32
17:54:44.927,1791276884.927827,16384,0,6684,42.95,40.0,1556,32
17:54:45.000,1791276885.0003238,16384,0,6685,42.95,40.0,1556,32
17:54:45.004,1791276885.004073,16384,0,6625,42.95,40.0,1540,32
17:54:45.044,1791276885.044741,16384,0,6586,42.95,40.0,1527,32
17:54:45.058,1791276885.0587897,16384,0,6585,42.95,40.0,1527,32
17:54:45.088,1791276885.0884557,16384,0,6540,42.95,40.0,1526,32
17:54:45.108,1791276885.1086833,16384,0,6494,42.95,40.0,1514,31
17:54:45.135,1791276885.1356177,16384,0,6437,42.95,40.0,1491,31
17:54:45.162,1791276885.162045,16384,0,6383,42.95,40.0,1479,31
17:54:45.188,1791276885.1889234,16384,0,6385,42.95,40.0,1479,31
17:54:45.218,1791276885.2187016,16384,0,6331,42.95,40.0,1457,31
17:54:45.239,1791276885.239274,16384,0,6262,42.95,40.0,1434,30
17:54:45.266,1791276885.2669923,16384,0,6211,42.95,40.0,1409,30
17:54:45.291,1791276885.29175,16384,0,6128,42.95,40.0,1379,30
17:54:45.321,1791276885.3211827,16384,0,6126,42.95,40.0,1379,30
17:54:45.421,1791276885.4213545,16384,0,6000,42.95,40.0,1313,30
17:54:45.421,1791276885.4215117,16384,0,5925,42.95,40.0,1286,30
17:54:45.423,1791276885.423636,16384,0,5925,42.95,40.0,1286,30
17:54:45.444,1791276885.4442334,16384,0,5836,42.95,40.0,1238,29
17:54:45.471,1791276885.471849,16384,0,5766,42.95,40.0,1196,29
17:54:45.548,1791276885.548952,16384,0,5600,42.95,40.0,1098,29
17:54:45.602,1791276885.6024592,16384,0,5430,42.95,40.0,993,29
17:54:45.629,1791276885.6293964,16384,0,5351,42.95,40.0,937,28
17:54:45.653,1791276885.6538627,16384,0,5350,42.95,40.0,936,28
17:54:45.679,1791276885.6799695,16384,0,5268,42.95,40.0,888,28
17:54:45.705,1791276885.7053947,16384,0,5209,42.95,40.0,849,29
17:54:45.779,1791276885.7799861,16384,0,5137,42.95,40.0,811,29
17:54:45.780,1791276885.7801664,16384,0,5098,42.95,40.0,779,28
17:54:45.790,1791276885.7905574,16384,0,5099,42.95,40.0,779,29
17:54:45.811,1791276885.8114984,16384,0,5044,42.95,40.0,749,28
17:54:45.836,1791276885.8365657,16384,0,4996,42.95,40.0,721,28
17:54:45.871,1791276885.8711603,16384,0,4959,42.95,40.0,703,28
17:54:45.898,1791276885.8981655,16384,0,4960,42.95,40.0,703,28
17:54:45.940,1791276885.9403298,16384,0,4888,42.95,40.0,665,28
17:54:45.968,1791276885.9684463,16384,0,4860,42.95,40.0,648,28
17:54:46.000,1791276886.0007327,16384,0,4803,42.95,40.0,599,29
17:54:46.020,1791276886.0204647,16384,0,4804,42.95,40.0,600,29
17:54:46.049,1791276886.0494294,16384,0,4793,42.95,40.0,600,28
17:54:46.099,1791276886.0997455,16384,0,4767,42.95,40.0,602,29
17:54:46.122,1791276886.1225722,16384,0,4766,42.95,40.0,602,29
17:54:46.152,1791276886.1522055,16384,0,4761,42.95,40.0,608,28
17:54:46.176,1791276886.176864,16384,0,4756,42.95,40.0,617,29
17:54:46.205,1791276886.2053716,16384,0,4757,42.95,40.0,621,29
17:54:46.229,1791276886.2294562,16384,0,4752,42.95,40.0,628,29
17:54:46.253,1791276886.2537758,16384,0,4754,42.95,40.0,628,29
17:54:46.278,1791276886.2787013,16384,0,4744,42.95,40.0,637,29
17:54:46.308,1791276886.3089752,16384,0,4751,42.95,40.0,644,28
17:54:46.361,1791276886.3615425,16384,0,4742,42.95,40.0,673,29
17:54:46.416,1791276886.4162757,16384,0,4742,42.95,40.0,673,29
17:54:46.416,1791276886.4165049,16384,0,4760,42.95,40.0,693,29
17:54:46.464,1791276886.4643168,16384,0,4755,42.95,40.0,722,30
17:54:46.488,1791276886.4887133,16384,0,4754,42.95,40.0,722,30
17:54:46.516,1791276886.5169406,16384,0,4754,42.95,40.0,746,30
17:54:46.541,1791276886.5416126,16384,0,4756,42.95,40.0,765,30
17:54:46.568,1791276886.5687437,16384,0,4768,42.95,40.0,785,30
17:54:46.595,1791276886.595705,16384,0,4766,42.95,40.0,809,30
17:54:46.649,1791276886.6496446,16384,0,4768,42.95,40.0,846,30
17:54:46.689,1791276886.6897638,16384,0,4774,42.95,40.0,881,30
17:54:46.705,1791276886.7053716,16384,0,4776,42.95,40.0,912,30
17:54:46.725,1791276886.7252445,16384,0,4778,42.95,40.0,912,30
17:54:46.755,1791276886.7550569,16384,0,4780,42.95,40.0,957,30
17:54:46.781,1791276886.7813807,16384,0,4785,42.95,40.0,991,30
17:54:46.802,1791276886.8023841,16384,0,4793,42.95,40.0,1036,30
17:54:46.828,1791276886.828315,16384,0,4793,42.95,40.0,1035,30
17:54:46.858,1791276886.858033,16384,0,4798,42.95,40.0,1067,30
17:54:46.880,1791276886.8808198,16384,0,4805,42.95,40.0,1099,30
17:54:46.907,1791276886.9078333,16384,0,4809,42.95,40.0,1143,31
17:54:46.935,1791276886.9350886,16384,0,4825,42.95,40.0,1188,32
17:54:47.008,1791276887.008706,16384,0,4824,42.95,40.0,1188,32
17:54:47.008,1791276887.0089731,16384,0,4815,42.95,40.0,1211,32
17:54:47.068,1791276887.068243,16384,0,4833,42.95,40.0,1316,32
17:54:47.088,1791276887.0888703,16384,0,4834,42.95,40.0,1316,32
17:54:47.115,1791276887.1154988,16384,0,4833,42.95,40.0,1351,32
17:54:47.143,1791276887.1431863,16384,0,4844,42.95,40.0,1384,32
17:54:47.168,1791276887.1681747,16384,0,4842,42.95,40.0,1406,33
17:54:47.219,1791276887.219387,16384,0,4851,42.95,40.0,1430,33
17:54:47.244,1791276887.244762,16384,0,4855,42.95,40.0,1469,32
17:54:47.272,1791276887.2722807,16384,0,4849,42.95,40.0,1491,32
17:54:47.331,1791276887.3319852,16384,0,4853,42.95,40.0,1512,32
17:54:47.350,1791276887.3500786,16384,0,4860,42.95,40.0,1542,33
17:54:47.375,1791276887.375995,16384,0,4859,42.95,40.0,1557,33
17:54:47.403,1791276887.4031065,16384,0,4863,42.95,40.0,1578,33
17:54:47.435,1791276887.435156,16384,0,4865,42.95,40.0,1598,33
17:54:47.453,1791276887.4531062,16384,0,4865,42.95,40.0,1598,33
17:54:47.482,1791276887.4822595,16384,0,4868,42.95,40.0,1610,33
17:54:47.504,1791276887.5044405,16384,0,4849,42.95,40.0,1615,33
17:54:47.536,1791276887.536851,16384,0,4883,42.95,40.0,1628,46
17:54:47.558,1791276887.5588646,16384,0,4878,42.95,40.0,1634,47
17:54:47.584,1791276887.5840888,16384,0,4878,42.95,40.0,1635,47
17:54:47.609,1791276887.6099682,16384,0,4891,42.95,40.0,1645,47
17:54:47.640,1791276887.6400979,16384,0,4887,42.95,40.0,1649,47
17:54:47.665,1791276887.6652112,16384,0,4882,42.95,40.0,1642,47
17:54:47.741,1791276887.741004,16384,0,4880,42.95,40.0,1642,47
17:54:47.741,1791276887.741319,16384,0,4882,42.95,40.0,1644,47
17:54:47.746,1791276887.7469664,16384,0,4869,42.95,40.0,1645,47
17:54:47.767,1791276887.7670875,16384,0,4877,42.95,40.0,1650,48
17:54:47.794,1791276887.7943237,16384,0,4889,42.95,40.0,1645,48
17:54:47.816,1791276887.8164823,16384,0,4889,42.95,40.0,1645,48
17:54:47.844,1791276887.8445745,16384,0,4814,42.95,40.0,1607,48
17:54:47.896,1791276887.8967505,16384,0,4820,42.95,40.0,1578,48
17:54:47.922,1791276887.9222708,16384,0,4818,42.95,40.0,1577,48
17:54:48.000,1791276888.000754,16384,0,4774,42.95,40.0,1555,49
17:54:48.001,1791276888.001056,16384,0,4747,42.95,40.0,1506,49
17:54:48.025,1791276888.0253682,16384,0,4745,42.95,40.0,1505,49
17:54:48.050,1791276888.0507016,16384,0,4710,42.95,40.0,1480,49
17:54:48.078,1791276888.0785418,16384,0,4701,42.95,40.0,1456,49
17:54:48.104,1791276888.1047964,16384,0,4677,42.95,40.0,1431,50
17:54:48.128,1791276888.12807,16384,0,4676,42.95,40.0,1430,50
17:54:48.155,1791276888.155864,16384,0,4653,42.95,40.0,1401,50
17:54:48.188,1791276888.188685,16384,0,4637,42.95,40.0,1383,50
17:54:48.208,1791276888.2085743,16384,0,4623,42.95,40.0,1361,50
17:54:48.235,1791276888.2359428,16384,0,4613,42.95,40.0,1333,51
17:54:48.259,1791276888.2598882,16384,0,4613,42.95,40.0,1333,51
17:54:48.289,1791276888.289669,16384,0,4584,42.95,40.0,1310,50
17:54:48.317,1791276888.317015,16384,0,4575,42.95,40.0,1288,50
17:54:48.339,1791276888.3399112,16384,0,4568,42.95,40.0,1269,51
17:54:48.416,1791276888.4161656,16384,0,4552,42.95,40.0,1249,51
17:54:48.416,1791276888.416348,16384,0,4553,42.95,40.0,1249,51
17:54:48.418,1791276888.4184573,16384,0,4541,42.95,40.0,1227,51
17:54:48.442,1791276888.442163,16384,0,4529,42.95,40.0,1207,52
17:54:48.469,1791276888.4698844,16384,0,4526,42.95,40.0,1190,52
17:54:48.520,1791276888.5201726,16384,0,4528,42.95,40.0,1176,52
17:54:48.547,1791276888.5472622,16384,0,4519,42.95,40.0,1155,53
17:54:48.572,1791276888.5727825,16384,0,4521,42.95,40.0,1146,53
17:54:48.598,1791276888.5988424,16384,0,4522,42.95,40.0,1128,54
17:54:48.647,1791276888.6478841,16384,0,4521,42.95,40.0,1114,54
17:54:48.674,1791276888.6749492,16384,0,4537,42.95,40.0,1108,55
17:54:48.702,1791276888.7021606,16384,0,4549,42.95,40.0,1092,55
17:54:48.772,1791276888.772582,16384,0,4557,42.95,40.0,1085,56
17:54:48.772,1791276888.772863,16384,0,4557,42.95,40.0,1084,56
17:54:48.805,1791276888.805907,16384,0,4595,42.95,40.0,1072,58
17:54:48.831,1791276888.831591,16384,0,4621,42.95,40.0,1069,59
17:54:48.867,1791276888.8679557,16384,0,4621,42.95,40.0,1070,59
17:54:48.882,1791276888.8825529,16384,0,4634,42.95,40.0,1062,60
17:54:48.907,1791276888.9074965,16384,0,4675,42.95,40.0,1065,60
17:54:48.934,1791276888.9345229,16384,0,4709,42.95,40.0,1061,63
17:54:48.960,1791276888.9604461,16384,0,4705,42.95,40.0,1053,38
17:54:48.986,1791276888.9864643,16384,0,4705,42.95,40.0,1052,38
17:54:49.011,1791276889.01159,16384,0,4719,42.95,40.0,1045,37
17:54:49.039,1791276889.0390267,16384,0,4726,42.95,40.0,1037,35
17:54:49.070,1791276889.0707192,16384,0,4722,42.95,40.0,1030,34
17:54:49.090,1791276889.0901916,16384,0,4783,42.95,40.0,1043,33
17:54:49.113,1791276889.1134925,16384,0,4783,42.95,40.0,1043,33
17:54:49.142,1791276889.142456,16384,0,4789,42.95,40.0,1042,31
17:54:49.175,1791276889.1753914,16384,0,4796,42.95,40.0,1030,30
17:54:49.219,1791276889.2199376,16384,0,4820,42.95,40.0,1024,29
17:54:49.244,1791276889.2446165,16384,0,4835,42.95,40.0,1023,28
17:54:49.276,1791276889.276841,16384,0,4841,42.95,40.0,1020,27
17:54:49.324,1791276889.324648,16384,0,4852,42.95,40.0,1015,26
17:54:49.353,1791276889.3533287,16384,0,4851,42.95,40.0,1011,25
17:54:49.420,1791276889.420461,16384,0,4858,42.95,40.0,1012,24
17:54:49.420,1791276889.4207168,16384,0,4847,42.95,40.0,1004,22
17:54:49.428,1791276889.428627,16384,0,4849,42.95,40.0,1004,22
17:54:49.451,1791276889.4514403,16384,0,4840,42.95,40.0,1001,21
17:54:49.483,1791276889.4832077,16384,0,4832,42.95,40.0,998,21
17:54:49.506,1791276889.5062373,16384,0,4827,42.95,40.0,997,22
17:54:49.531,1791276889.5313306,16384,0,4815,42.95,40.0,991,22
17:54:49.555,1791276889.5553071,16384,0,4814,42.95,40.0,991,22
17:54:49.584,1791276889.5841322,16384,0,4807,42.95,40.0,991,22
17:54:49.609,1791276889.609196,16384,0,4786,42.95,40.0,985,22
17:54:49.635,1791276889.635291,16384,0,4783,42.95,40.0,984,22
17:54:49.661,1791276889.6616454,16384,0,4771,42.95,40.0,980,22
17:54:49.690,1791276889.6903286,16384,0,4771,42.95,40.0,980,22
17:54:49.713,1791276889.7135634,16384,0,4759,42.95,40.0,978,21
17:54:49.740,1791276889.7409198,16384,0,4742,42.95,40.0,972,21
17:54:49.768,1791276889.7683089,16384,0,4732,42.95,40.0,972,22
17:54:49.793,1791276889.7931836,16384,0,4719,42.95,40.0,970,22
17:54:49.819,1791276889.819156,16384,0,4719,42.95,40.0,970,22
17:54:49.844,1791276889.8446457,16384,0,4706,42.95,40.0,966,22
17:54:49.870,1791276889.8705308,16384,0,4689,42.95,40.0,962,22
17:54:49.897,1791276889.8970568,16384,0,4674,42.95,40.0,957,22
17:54:49.947,1791276889.9476104,16384,0,4666,42.95,40.0,955,22
17:54:50.016,1791276890.0162127,16384,0,4649,42.95,40.0,952,22
17:54:50.030,1791276890.0305605,16384,0,4633,42.95,40.0,952,22
17:54:50.052,1791276890.0529206,16384,0,4622,42.95,40.0,949,22
17:54:50.078,1791276890.0781875,16384,0,4611,42.95,40.0,945,22
17:54:50.105,1791276890.1057067,16384,0,4602,42.95,40.0,945,22
17:54:50.132,1791276890.1323447,16384,0,4584,42.95,40.0,940,22
17:54:50.159,1791276890.1596057,16384,0,4576,42.95,40.0,936,22
17:54:50.184,1791276890.1841798,16384,0,4576,42.95,40.0,936,22
17:54:50.234,1791276890.2346709,16384,0,4548,42.95,40.0,931,22
17:54:50.262,1791276890.2622197,16384,0,4543,42.95,40.0,930,22
17:54:50.286,1791276890.2861354,16384,0,4541,42.95,40.0,929,22
17:54:50.313,1791276890.3131268,16384,0,4532,42.95,40.0,925,22
17:54:50.342,1791276890.3424268,16384,0,4520,42.95,40.0,922,22
17:54:50.364,1791276890.36465,16384,0,4509,42.95,40.0,919,22
17:54:50.391,1791276890.391904,16384,0,4508,42.95,40.0,915,22
17:54:50.415,1791276890.415868,16384,0,4509,42.95,40.0,916,22
17:54:50.442,1791276890.4420862,16384,0,4490,42.95,40.0,912,22
17:54:50.467,1791276890.467892,16384,0,4489,42.95,40.0,908,22
17:54:50.493,1791276890.493353,16384,0,4489,42.95,40.0,909,22
17:54:50.518,1791276890.518277,16384,0,4480,42.95,40.0,902,22
17:54:50.547,1791276890.5475593,16384,0,4471,42.95,40.0,901,22
17:54:50.572,1791276890.5724368,16384,0,4467,42.95,40.0,894,22
17:54:50.609,1791276890.6091497,16384,0,4463,42.95,40.0,892,22
17:54:50.626,1791276890.626463,16384,0,4453,42.95,40.0,886,21
17:54:50.650,1791276890.6503716,16384,0,4454,42.95,40.0,886,21
17:54:50.678,1791276890.6787915,16384,0,4459,42.95,40.0,883,22
17:54:50.740,1791276890.7401412,16384,0,4451,42.95,40.0,877,22
17:54:50.740,1791276890.7404354,16384,0,4451,42.95,40.0,871,22
17:54:50.758,1791276890.7586775,16384,0,4446,42.95,40.0,867,21
17:54:50.811,1791276890.81164,16384,0,4445,42.95,40.0,859,22
17:54:50.835,1791276890.8355875,16384,0,4443,42.95,40.0,855,21
17:54:50.863,1791276890.8631585,16384,0,4441,42.95,40.0,850,22
17:54:50.887,1791276890.8878798,16384,0,4442,42.95,40.0,850,22
17:54:50.915,1791276890.9155438,16384,0,4442,42.95,40.0,843,21
17:54:50.980,1791276890.9802518,16384,0,4442,42.95,40.0,838,21
17:54:50.981,1791276890.9810646,16384,0,4444,42.95,40.0,832,22
17:54:51.003,1791276891.0034912,16384,0,4443,42.95,40.0,832,22
17:54:51.018,1791276891.0187302,16384,0,4443,42.95,40.0,827,21
17:54:51.044,1791276891.0444756,16384,0,4443,42.95,40.0,822,21
17:54:51.070,1791276891.070501,16384,0,4447,42.95,40.0,818,21
17:54:51.099,1791276891.0991383,16384,0,4456,42.95,40.0,815,21
17:54:51.121,1791276891.1211326,16384,0,4456,42.95,40.0,815,21
17:54:51.166,1791276891.16631,16384,0,4455,42.95,40.0,808,21
17:54:51.176,1791276891.176635,16384,0,4455,42.95,40.0,802,21
17:54:51.200,1791276891.200786,16384,0,4452,42.95,40.0,799,21
17:54:51.226,1791276891.226037,16384,0,4451,42.95,40.0,798,21
17:54:51.250,1791276891.2508135,16384,0,4465,42.95,40.0,794,21
17:54:51.307,1791276891.307403,16384,0,4473,42.95,40.0,789,21
17:54:51.331,1791276891.3312864,16384,0,4471,42.95,40.0,786,21
17:54:51.362,1791276891.3624604,16384,0,4471,42.95,40.0,786,21
17:54:51.408,1791276891.4082599,16384,0,4474,42.95,40.0,786,21
17:54:51.408,1791276891.4084263,16384,0,4477,42.95,40.0,782,20
17:54:51.433,1791276891.433867,16384,0,4472,42.95,40.0,776,21
17:54:51.484,1791276891.4846625,16384,0,4475,42.95,40.0,780,21
17:54:51.511,1791276891.5115547,16384,0,4474,42.95,40.0,776,21
17:54:51.537,1791276891.537869,16384,0,4466,42.95,40.0,772,20
17:54:51.566,1791276891.5666583,16384,0,4462,42.95,40.0,776,20
17:54:51.588,1791276891.5885565,16384,0,4462,42.95,40.0,776,20
17:54:51.616,1791276891.616162,16384,0,4461,42.95,40.0,772,20
17:54:51.640,1791276891.6403205,16384,0,4458,42.95,40.0,775,21
17:54:51.670,1791276891.6701174,16384,0,4451,42.95,40.0,774,20
17:54:51.695,1791276891.6956184,16384,0,4440,42.95,40.0,772,20
17:54:51.764,1791276891.7643516,16384,0,4440,42.95,40.0,772,20
17:54:51.764,1791276891.7646542,16384,0,4441,42.95,40.0,776,20
17:54:51.772,1791276891.7729049,16384,0,4430,42.95,40.0,778,21
17:54:51.802,1791276891.8028631,16384,0,4417,42.95,40.0,781,20
17:54:51.825,1791276891.8252523,16384,0,4417,42.95,40.0,781,20
17:54:51.850,1791276891.8502548,16384,0,4410,42.95,40.0,783,20
17:54:51.879,1791276891.8790915,16384,0,4397,42.95,40.0,784,20
17:54:51.907,1791276891.907444,16384,0,4387,42.95,40.0,784,21
17:54:51.927,1791276891.9274733,16384,0,4388,42.95,40.0,784,21
17:54:51.980,1791276891.980418,16384,0,4373,42.95,40.0,792,21
17:54:52.008,1791276892.0086455,16384,0,4356,42.95,40.0,795,20
17:54:52.037,1791276892.0371423,16384,0,4350,42.95,40.0,800,20
17:54:52.111,1791276892.1116507,16384,0,4338,42.95,40.0,814,21
17:54:52.144,1791276892.1443362,16384,0,4317,42.95,40.0,818,20
17:54:52.164,1791276892.1648374,16384,0,4314,42.95,40.0,823,21
17:54:52.215,1791276892.2155511,16384,0,4305,42.95,40.0,828,21
17:54:52.247,1791276892.2472756,16384,0,4294,42.95,40.0,844,20
17:54:52.267,1791276892.267939,16384,0,4290,42.95,40.0,858,21
17:54:52.295,1791276892.2958682,16384,0,4281,42.95,40.0,880,21
17:54:52.325,1791276892.325019,16384,0,4283,42.95,40.0,881,21
17:54:52.350,1791276892.3500104,16384,0,4272,42.95,40.0,916,21
17:54:52.421,1791276892.4213662,16384,0,4258,42.95,40.0,992,21
17:54:52.426,1791276892.4269707,16384,0,4247,42.95,40.0,1025,21
17:54:52.452,1791276892.4520311,16384,0,4247,42.95,40.0,1025,21
17:54:52.478,1791276892.478112,16384,0,4244,42.95,40.0,1061,21
17:54:52.506,1791276892.506855,16384,0,4235,42.95,40.0,1095,19
17:54:52.532,1791276892.532969,16384,0,4219,42.95,40.0,1139,18
17:54:52.558,1791276892.5581052,16384,0,4196,42.95,40.0,1165,16
17:54:52.583,1791276892.583417,16384,0,4198,42.95,40.0,1166,16
17:54:52.637,1791276892.637299,16384,0,4152,42.95,40.0,1239,13
17:54:52.663,1791276892.663678,16384,0,4122,42.95,40.0,1265,12
17:54:52.685,1791276892.6856306,16384,0,4123,42.95,40.0,1265,12
17:54:52.711,1791276892.7113836,16384,0,4089,42.95,40.0,1300,11
17:54:52.741,1791276892.7410233,16384,0,4052,42.95,40.0,1324,9
17:54:52.768,1791276892.7689805,16384,0,4018,42.95,40.0,1349,8
17:54:52.798,1791276892.7988732,16384,0,4019,42.95,40.0,1349,8
17:54:52.822,1791276892.822571,16384,0,3990,42.95,40.0,1372,7
17:54:52.846,1791276892.8467422,16384,0,3951,42.95,40.0,1397,6
17:54:52.872,1791276892.8729048,16384,0,3926,42.95,40.0,1418,6
17:54:52.900,1791276892.9003491,16384,0,3901,42.95,40.0,1436,5
17:54:52.923,1791276892.923637,16384,0,3902,42.95,40.0,1436,5
17:54:52.952,1791276892.9526124,16384,0,3877,42.95,40.0,1459,4
17:54:53.028,1791276893.0284986,16384,0,3855,42.95,40.0,1473,4
17:54:53.028,1791276893.028754,16384,0,3838,42.95,40.0,1497,3
17:54:53.037,1791276893.0374355,16384,0,3825,42.95,40.0,1508,3
17:54:53.066,1791276893.0667803,16384,0,3825,42.95,40.0,1507,3
17:54:53.092,1791276893.0926416,16384,0,3826,42.95,40.0,1524,3
17:54:53.147,1791276893.1477485,16384,0,3822,42.95,40.0,1552,4
17:54:53.173,1791276893.1738691,16384,0,3827,42.95,40.0,1560,4
17:54:53.202,1791276893.2020352,16384,0,3829,42.95,40.0,1572,5
17:54:53.228,1791276893.2282076,16384,0,3829,42.95,40.0,1572,5
17:54:53.253,1791276893.2534537,16384,0,3846,42.95,40.0,1585,6
17:54:53.278,1791276893.2786005,16384,0,3859,42.95,40.0,1593,6
17:54:53.306,1791276893.3062816,16384,0,3859,42.95,40.0,1607,7
17:54:53.330,1791276893.3307552,16384,0,3898,42.95,40.0,1615,8
17:54:53.364,1791276893.3645904,16384,0,3898,42.95,40.0,1615,8
17:54:53.381,1791276893.381474,16384,0,3924,42.95,40.0,1627,9
17:54:53.409,1791276893.4095035,16384,0,3940,42.95,40.0,1633,11
17:54:53.436,1791276893.4361076,16384,0,3958,42.95,40.0,1643,12
17:54:53.468,1791276893.4680386,16384,0,3979,42.95,40.0,1652,13
17:54:53.485,1791276893.4858265,16384,0,3980,42.95,40.0,1652,13
17:54:53.511,1791276893.5115466,16384,0,3996,42.95,40.0,1659,15
17:54:53.538,1791276893.538539,16384,0,4016,42.95,40.0,1674,17
17:54:53.566,1791276893.5660913,16384,0,4019,42.95,40.0,1678,18
17:54:53.652,1791276893.6523929,16384,0,4017,42.95,40.0,1696,20
17:54:53.736,1791276893.7362425,16384,0,4007,42.95,40.0,1710,19
17:54:53.736,1791276893.7365193,16384,0,4000,42.95,40.0,1723,20
17:54:53.749,1791276893.7499802,16384,0,4001,42.95,40.0,1723,20
17:54:53.786,1791276893.7861621,16384,0,4006,42.95,40.0,1732,19
17:54:53.803,1791276893.8032236,16384,0,4003,42.95,40.0,1736,20
17:54:53.833,1791276893.8339365,16384,0,3995,42.95,40.0,1746,20
17:54:53.851,1791276893.8512287,16384,0,3995,42.95,40.0,1746,20
17:54:53.886,1791276893.8868415,16384,0,3996,42.95,40.0,1753,19
17:54:53.984,1791276893.9843829,16384,0,3985,42.95,40.0,1773,19
17:54:53.984,1791276893.9845042,16384,0,3987,42.95,40.0,1773,19
17:54:53.986,1791276893.986099,16384,0,3984,42.95,40.0,1776,19
17:54:54.007,1791276894.007198,16384,0,3987,42.95,40.0,1785,19
17:54:54.078,1791276894.0785935,16384,0,3983,42.95,40.0,1794,19
17:54:54.095,1791276894.0950427,16384,0,3983,42.95,40.0,1800,19
17:54:54.113,1791276894.1131742,16384,0,3983,42.95,40.0,1804,18
17:54:54.178,1791276894.178027,16384,0,3984,42.95,40.0,1818,19
17:54:54.180,1791276894.1803994,16384,0,3984,42.95,40.0,1826,18
17:54:54.193,1791276894.193812,16384,0,3989,42.95,40.0,1840,19
17:54:54.229,1791276894.2296848,16384,0,3995,42.95,40.0,1843,19
17:54:54.276,1791276894.2763512,16384,0,4006,42.95,40.0,1844,19
17:54:54.309,1791276894.309556,16384,0,4021,42.95,40.0,1854,19
17:54:54.408,1791276894.4085784,16384,0,4031,42.95,40.0,1866,19
17:54:54.409,1791276894.4091158,16384,0,4073,42.95,40.0,1872,19
17:54:54.430,1791276894.4308007,16384,0,4087,42.95,40.0,1892,19
17:54:54.597,1791276894.5971825,16384,0,3917,42.95,40.0,1861,19
17:54:54.613,1791276894.6136444,16384,0,3917,42.95,40.0,1861,19
17:54:54.641,1791276894.6414034,16384,0,3819,42.95,40.0,1783,19
17:54:54.683,1791276894.6836526,16384,0,3728,42.95,40.0,1699,18
17:54:54.772,1791276894.7724118,16384,0,3632,42.95,40.0,1614,19
17:54:54.772,1791276894.7726328,16384,0,3533,42.95,40.0,1519,18
17:54:54.780,1791276894.78029,16384,0,3446,42.95,40.0,1439,19
17:54:54.826,1791276894.8260357,16384,0,3363,42.95,40.0,1354,19
17:54:54.878,1791276894.878023,16384,0,3091,42.95,40.0,1084,19
17:54:54.924,1791276894.9241521,16384,0,2808,42.95,40.0,799,19
17:54:54.975,1791276894.9754481,16384,0,2346,42.95,40.0,358,19
17:54:55.019,1791276895.0191748,16384,0,2179,42.95,40.0,205,19
17:54:55.037,1791276895.0379155,16384,0,2076,42.95,40.0,103,19
17:54:55.054,1791276895.05443,16384,0,2054,42.95,40.0,91,19
17:54:55.075,1791276895.075683,16384,0,2055,42.95,40.0,91,19
17:54:55.119,1791276895.1191204,16384,0,2041,42.95,40.0,78,19
17:54:55.186,1791276895.1864681,16384,0,2067,42.95,40.0,92,19
17:54:55.218,1791276895.2184396,16384,0,2092,42.95,40.0,107,20
17:54:55.231,1791276895.2316825,16384,0,2109,42.95,40.0,119,19
17:54:55.268,1791276895.2687273,16384,0,2129,42.95,40.0,134,19
17:54:55.283,1791276895.2832916,16384,0,2153,42.95,40.0,153,18
17:54:55.319,1791276895.3191268,16384,0,2152,42.95,40.0,153,18
17:54:55.333,1791276895.3336751,16384,0,2193,42.95,40.0,184,18
17:54:55.416,1791276895.4160092,16384,0,2229,42.95,40.0,213,18
17:54:55.417,1791276895.4172473,16384,0,2228,42.95,40.0,213,18
17:54:55.443,1791276895.4439433,16384,0,2257,42.95,40.0,244,18
17:54:55.461,1791276895.4613404,16384,0,2303,42.95,40.0,292,18
17:54:55.494,1791276895.4948764,16384,0,2337,42.95,40.0,329,19
17:54:55.524,1791276895.5241938,16384,0,2377,42.95,40.0,372,19
17:54:55.537,1791276895.5374722,16384,0,2410,42.95,40.0,407,19
17:54:55.576,1791276895.5766425,16384,0,2431,42.95,40.0,439,19
17:54:55.591,1791276895.5914419,16384,0,2461,42.95,40.0,471,19
17:54:55.625,1791276895.6258876,16384,0,2461,42.95,40.0,471,19
17:54:55.640,1791276895.640958,16384,0,2489,42.95,40.0,506,19
17:54:55.678,1791276895.6784978,16384,0,2508,42.95,40.0,531,19
17:54:55.693,1791276895.6931229,16384,0,2525,42.95,40.0,555,18
17:54:55.718,1791276895.7187457,16384,0,2526,42.95,40.0,555,18
17:54:55.746,1791276895.7466335,16384,0,2540,42.95,40.0,575,18
17:54:55.771,1791276895.7713134,16384,0,2553,42.95,40.0,589,19
17:54:55.796,1791276895.7967799,16384,0,2553,42.95,40.0,602,18
17:54:55.867,1791276895.8676388,16384,0,2553,42.95,40.0,602,18
17:54:55.881,1791276895.8817377,16384,0,2573,42.95,40.0,627,18
17:54:55.897,1791276895.8977115,16384,0,2571,42.95,40.0,628,18
17:54:56.009,1791276896.0094128,16384,0,2560,42.95,40.0,630,18
17:54:56.009,1791276896.009728,16384,0,2557,42.95,40.0,632,18
17:54:56.011,1791276896.0111344,16384,0,2557,42.95,40.0,632,18
17:54:56.061,1791276896.0618424,16384,0,2548,42.95,40.0,627,18
17:54:56.095,1791276896.0958383,16384,0,2523,42.95,40.0,612,18
17:54:56.113,1791276896.1138341,16384,0,2524,42.95,40.0,612,18
17:54:56.158,1791276896.1585965,16384,0,2509,42.95,40.0,600,17
17:54:56.190,1791276896.190391,16384,0,2489,42.95,40.0,588,18
17:54:56.212,1791276896.2127483,16384,0,2489,42.95,40.0,588,18
17:54:56.279,1791276896.2794158,16384,0,2474,42.95,40.0,576,18
17:54:56.290,1791276896.2909482,16384,0,2471,42.95,40.0,574,18
17:54:56.316,1791276896.3164623,16384,0,2472,42.95,40.0,574,18
17:54:56.353,1791276896.353581,16384,0,2462,42.95,40.0,572,18
17:54:56.369,1791276896.369887,16384,0,2458,42.95,40.0,571,17
17:54:56.396,1791276896.396892,16384,0,2465,42.95,40.0,578,18
17:54:56.422,1791276896.4224362,16384,0,2465,42.95,40.0,578,18
17:54:56.448,1791276896.4484894,16384,0,2437,42.95,40.0,560,18
17:54:56.474,1791276896.4744568,16384,0,2451,42.95,40.0,560,18
17:54:56.501,1791276896.5015676,16384,0,2481,42.95,40.0,580,18
17:54:56.528,1791276896.528909,16384,0,2447,42.95,40.0,566,18
17:54:56.551,1791276896.551929,16384,0,2445,42.95,40.0,566,18
17:54:56.579,1791276896.5799825,16384,0,2452,42.95,40.0,567,18
17:54:56.609,1791276896.6092908,16384,0,2447,42.95,40.0,568,17
17:54:56.634,1791276896.634382,16384,0,2449,42.95,40.0,569,18
17:54:56.656,1791276896.6563675,16384,0,2449,42.95,40.0,569,18
17:54:56.685,1791276896.6859274,16384,0,2451,42.95,40.0,571,17
17:54:56.745,1791276896.7450025,16384,0,2449,42.95,40.0,570,18
17:54:56.764,1791276896.7641544,16384,0,2452,42.95,40.0,569,18
17:54:56.813,1791276896.8132985,16384,0,2449,42.95,40.0,570,17
17:54:56.841,1791276896.8410885,16384,0,2448,42.95,40.0,571,18
17:54:56.871,1791276896.8712635,16384,0,2443,42.95,40.0,570,18
17:54:56.894,1791276896.8946738,16384,0,2451,42.95,40.0,570,18
17:54:56.920,1791276896.920258,16384,0,2450,42.95,40.0,570,18
17:54:56.992,1791276896.992396,16384,0,2448,42.95,40.0,568,18
17:54:56.992,1791276896.9926512,16384,0,2448,42.95,40.0,568,17
17:54:56.999,1791276896.99937,16384,0,2445,42.95,40.0,570,17
17:54:57.023,1791276897.023639,16384,0,2446,42.95,40.0,570,17
17:54:57.050,1791276897.0503232,16384,0,2453,42.95,40.0,571,18
17:54:57.076,1791276897.0763612,16384,0,2453,42.95,40.0,571,18
17:54:57.106,1791276897.1068661,16384,0,2453,42.95,40.0,571,18
17:54:57.128,1791276897.1280386,16384,0,2453,42.95,40.0,571,18
17:54:57.161,1791276897.1618524,16384,0,2453,42.95,40.0,571,18
17:54:57.210,1791276897.2105896,16384,0,2451,42.95,40.0,570,18
17:54:57.236,1791276897.2369552,16384,0,2455,42.95,40.0,574,18
17:54:57.264,1791276897.264853,16384,0,2454,42.95,40.0,572,18
17:54:57.287,1791276897.2872376,16384,0,2454,42.95,40.0,572,18
17:54:57.314,1791276897.3141732,16384,0,2453,42.95,40.0,572,18
17:54:57.343,1791276897.343873,16384,0,2457,42.95,40.0,573,18
17:54:57.416,1791276897.4163723,16384,0,2457,42.95,40.0,573,17
17:54:57.416,1791276897.4166646,16384,0,2453,42.95,40.0,572,18
17:54:57.419,1791276897.4198887,16384,0,2453,42.95,40.0,572,18
17:54:57.444,1791276897.4445999,16384,0,2455,42.95,40.0,572,18
17:54:57.472,1791276897.4721968,16384,0,2454,42.95,40.0,572,17
17:54:57.498,1791276897.4988568,16384,0,2452,42.95,40.0,572,18
17:54:57.524,1791276897.5246506,16384,0,2450,42.95,40.0,572,18
17:54:57.550,1791276897.5503223,16384,0,2453,42.95,40.0,573,17
17:54:57.579,1791276897.579753,16384,0,2452,42.95,40.0,572,18
17:54:57.607,1791276897.6076875,16384,0,2453,42.95,40.0,570,17
17:54:57.627,1791276897.6270506,16384,0,2455,42.95,40.0,571,17
17:54:57.656,1791276897.6560507,16384,0,2450,42.95,40.0,573,18
17:54:57.680,1791276897.6805248,16384,0,2453,42.95,40.0,571,18
17:54:57.712,1791276897.7126622,16384,0,2448,42.95,40.0,571,18
17:54:57.784,1791276897.784376,16384,0,2445,42.95,40.0,569,17
17:54:57.784,1791276897.7846334,16384,0,2444,42.95,40.0,569,17
17:54:57.788,1791276897.7886999,16384,0,2444,42.95,40.0,569,17
17:54:57.816,1791276897.8161316,16384,0,2445,42.95,40.0,570,16
17:54:57.841,1791276897.841186,16384,0,2436,42.95,40.0,569,13
17:54:57.893,1791276897.8939855,16384,0,2416,42.95,40.0,568,10
17:54:57.918,1791276897.918804,16384,0,2416,42.95,40.0,568,10
17:54:57.946,1791276897.9461634,16384,0,2411,42.95,40.0,567,8
17:54:57.971,1791276897.971768,16384,0,2400,42.95,40.0,565,7
17:54:57.998,1791276897.998691,16384,0,2387,42.95,40.0,565,5
17:54:58.024,1791276898.0243666,16384,0,2388,42.95,40.0,566,5
17:54:58.051,1791276898.051148,16384,0,2375,42.95,40.0,565,3
17:54:58.083,1791276898.0831463,16384,0,2369,42.95,40.0,564,2
17:54:58.103,1791276898.103638,16384,0,2348,42.95,39.6875,561,0
17:54:58.131,1791276898.1318338,16384,0,2330,42.95,39.375,559,0
17:54:58.157,1791276898.1574054,16384,0,2331,42.95,39.375,559,0
17:54:58.186,1791276898.1867242,16384,0,2324,42.95,39.375,560,0
17:54:58.244,1791276898.2443142,16384,0,2295,42.95,39.0625,559,0
17:54:58.276,1791276898.2768445,16384,0,2284,42.95,38.75,558,0
17:54:58.293,1791276898.2938602,16384,0,2284,42.95,38.75,558,0
17:54:58.324,1791276898.324023,16384,0,2271,42.95,38.75,556,0
17:54:58.350,1791276898.3504245,16384,0,2258,42.95,38.4375,559,0
17:54:58.424,1791276898.4243855,16384,0,2245,42.95,38.125,556,0
17:54:58.424,1791276898.4246593,16384,0,2232,42.95,38.125,556,0
17:54:58.430,1791276898.4305465,16384,0,2232,42.95,38.125,556,0
17:54:58.456,1791276898.4566562,16384,0,2213,42.95,37.8125,553,0
17:54:58.505,1791276898.505301,16384,0,2202,42.95,37.5,551,0
17:54:58.516,1791276898.5165079,16384,0,2191,42.95,37.5,550,0
17:54:58.535,1791276898.5358922,16384,0,2176,42.95,37.1875,550,0
17:54:58.559,1791276898.5598042,16384,0,2176,42.95,37.1875,550,0
17:54:58.643,1791276898.6436126,16384,0,2139,42.95,36.5625,548,0
17:54:58.709,1791276898.7094955,16384,0,2114,42.95,36.25,546,0
17:54:58.868,1791276898.868583,16384,0,2062,42.95,35.625,543,0
17:54:58.885,1791276898.8859713,16384,0,2049,42.95,35.3125,542,0
17:54:58.907,1791276898.907812,16384,0,2036,42.95,35.3125,542,0
17:54:59.028,1791276899.0283036,16384,0,1997,42.95,34.6875,540,0
17:54:59.062,1791276899.0621827,16384,0,1984,42.95,34.375,540,0
17:54:59.093,1791276899.093281,16384,0,1970,42.95,34.0625,538,0
17:54:59.253,1791276899.253764,16384,0,1922,42.95,33.4375,539,0
17:54:59.318,1791276899.3180687,16384,0,1897,42.95,32.8125,538,0
17:54:59.365,1791276899.3650353,16384,0,1885,42.95,32.8125,539,0
17:54:59.424,1791276899.4247446,16384,0,1842,42.95,32.1875,534,0
17:54:59.455,1791276899.4553761,16384,0,1833,42.95,31.875,531,0
17:54:59.476,1791276899.4762688,16384,0,1818,42.95,31.5625,526,0
17:54:59.529,1791276899.5298958,16384,0,1800,42.95,31.25,532,0
17:54:59.608,1791276899.608711,16384,0,1780,42.95,30.9375,536,0
17:54:59.638,1791276899.6388738,16384,0,1759,42.95,30.625,537,0
17:54:59.765,1791276899.765807,16384,0,1699,42.95,29.6875,517,0
17:54:59.788,1791276899.788267,16384,0,1700,42.95,29.6875,517,0
17:54:59.826,1791276899.8260117,16384,0,1673,42.95,29.6875,519,0
17:54:59.840,1791276899.840356,16384,0,1655,42.95,29.375,521,0
17:54:59.868,1791276899.8682115,16384,0,1647,42.95,29.0625,522,0
17:54:59.896,1791276899.8960576,16384,0,1642,42.95,29.0625,524,0
17:54:59.926,1791276899.9265943,16384,0,1642,42.95,29.0625,524,0
17:54:59.980,1791276899.9803472,16384,0,1632,42.95,28.75,525,0
17:54:59.980,1791276899.9806302,16384,0,1622,42.95,28.75,525,0
17:55:00.006,1791276900.0065856,16384,0,1613,42.95,28.4375,525,0
17:55:00.030,1791276900.0305626,16384,0,1612,42.95,28.4375,525,0
17:55:00.080,1791276900.0809503,16384,0,1589,42.95,28.125,526,0
17:55:00.142,1791276900.1427157,16384,0,1569,42.95,27.5,527,0
17:55:00.193,1791276900.1930082,16384,0,1569,42.95,27.5,527,0
17:55:00.202,1791276900.2020044,16384,0,1559,42.95,27.5,527,0
17:55:00.223,1791276900.2236075,16384,0,1544,42.95,27.1875,526,0
17:55:00.249,1791276900.2498803,16384,0,1530,42.95,26.875,526,0
17:55:00.293,1791276900.2935843,16384,0,1521,42.95,26.875,526,0
17:55:00.408,1791276900.4083533,16384,0,1489,42.95,26.25,524,0
17:55:00.442,1791276900.4425933,16384,0,1489,42.95,26.25,524,0
17:55:00.467,1791276900.467512,16384,0,1478,42.95,26.25,523,0
17:55:00.492,1791276900.4927971,16384,0,1463,42.95,25.9375,522,0
17:55:00.521,1791276900.521116,16384,0,1458,42.95,25.9375,522,0
17:55:00.548,1791276900.5483985,16384,0,1450,42.95,25.625,521,0
17:55:00.577,1791276900.577716,16384,0,1439,42.95,25.625,521,0
17:55:00.600,1791276900.6003256,16384,0,1426,42.95,25.3125,520,0
17:55:00.625,1791276900.6259315,16384,0,1413,42.95,25.0,519,0
17:55:00.683,1791276900.6838427,16384,0,1391,42.95,24.6875,518,0
17:55:00.708,1791276900.7086873,16384,0,1379,42.95,24.375,517,0
17:55:00.780,1791276900.7804875,16384,0,1363,42.95,24.0625,516,0
17:55:00.780,1791276900.7807112,16384,0,1355,42.95,24.0625,515,0
17:55:00.786,1791276900.7864454,16384,0,1343,42.95,23.75,515,0
17:55:00.810,1791276900.8108494,16384,0,1334,42.95,23.75,514,0
17:55:00.838,1791276900.83867,16384,0,1321,42.95,23.4375,513,0
17:55:00.865,1791276900.8652396,16384,0,1311,42.95,23.4375,514,0
17:55:00.892,1791276900.8921313,16384,0,1298,42.95,23.125,513,0
17:55:00.915,1791276900.9158826,16384,0,1298,42.95,23.125,513,0
17:55:00.950,1791276900.9508457,16384,0,1283,42.95,22.8125,512,0
17:55:00.977,1791276900.9779613,16384,0,1274,42.95,22.8125,513,0
17:55:01.000,1791276901.0002635,16384,0,1258,42.95,22.5,511,0
17:55:01.020,1791276901.0207446,16384,0,1258,42.95,22.5,511,0
17:55:01.051,1791276901.0515509,16384,0,1247,42.95,22.1875,511,0
17:55:01.072,1791276901.0726871,16384,0,1237,42.95,22.1875,511,0
17:55:01.101,1791276901.1010318,16384,0,1227,42.95,21.875,511,0
17:55:01.122,1791276901.122659,16384,0,1227,42.95,21.875,511,0
17:55:01.177,1791276901.1778464,16384,0,1198,42.95,21.5625,509,0
17:55:01.206,1791276901.2064612,16384,0,1187,42.95,21.25,508,0
17:55:01.236,1791276901.236514,16384,0,1188,42.95,21.25,509,0
17:55:01.262,1791276901.2622569,16384,0,1175,42.95,20.9375,509,0
17:55:01.280,1791276901.2805574,16384,0,1165,42.95,20.9375,508,0
17:55:01.308,1791276901.308572,16384,0,1151,42.95,20.625,508,0
17:55:01.334,1791276901.3343859,16384,0,1139,42.95,20.625,507,0
17:55:01.442,1791276901.442374,16384,0,1129,42.95,20.3125,507,0
17:55:01.442,1791276901.4427125,16384,0,1121,42.95,20.3125,507,0
17:55:01.442,1791276901.4427927,16384,0,1103,42.95,20.0,506,0
17:55:01.463,1791276901.46307,16384,0,1103,42.95,20.0,506,0
17:55:01.488,1791276901.4884439,16384,0,1094,42.95,19.6875,506,0
17:55:01.514,1791276901.5147088,16384,0,1082,42.95,19.6875,505,0
17:55:01.543,1791276901.543623,16384,0,1069,42.95,19.375,505,0
17:55:01.592,1791276901.592246,16384,0,1060,42.95,19.0625,504,0
17:55:01.617,1791276901.61766,16384,0,1044,42.95,18.75,504,0
17:55:01.647,1791276901.6476736,16384,0,1033,42.95,18.75,504,0
17:55:01.674,1791276901.674032,16384,0,1021,42.95,18.4375,504,0
17:55:01.700,1791276901.700327,16384,0,1011,42.95,18.4375,504,0
17:55:01.760,1791276901.7600434,16384,0,998,42.95,18.125,503,0
17:55:01.873,1791276901.873948,16384,0,964,42.95,17.5,502,0
17:55:01.922,1791276901.9224367,16384,0,941,42.95,17.1875,502,0
17:55:01.947,1791276901.9478536,16384,0,929,42.95,16.875,500,0
17:55:02.024,1791276902.0247838,16384,0,919,42.95,16.875,500,0
17:55:02.025,1791276902.0250642,16384,0,910,42.95,16.5625,500,0
17:55:02.025,1791276902.0251572,16384,0,912,42.95,16.5625,501,0
17:55:02.056,1791276902.056164,16384,0,896,42.95,16.25,501,0
17:55:02.078,1791276902.0782175,16384,0,887,42.95,16.25,501,0
17:55:02.102,1791276902.1021357,16384,0,878,42.95,15.9375,500,0
17:55:02.132,1791276902.1321805,16384,0,864,42.95,15.625,500,0
17:55:02.152,1791276902.152715,16384,0,864,42.95,15.625,500,0
17:55:02.179,1791276902.1799352,16384,0,853,42.95,15.625,498,0
17:55:02.207,1791276902.2070367,16384,0,841,42.95,15.3125,499,0
17:55:02.231,1791276902.2314432,16384,0,829,42.95,15.3125,498,0
17:55:02.310,1791276902.3101525,16384,0,812,42.95,15.0,498,0
17:55:02.335,1791276902.335931,16384,0,798,42.95,14.6875,498,0
17:55:02.362,1791276902.3625848,16384,0,788,42.95,14.375,496,0
17:55:02.385,1791276902.3857932,16384,0,789,42.95,14.375,496,0
17:55:02.410,1791276902.410874,16384,0,777,42.95,14.375,496,0
17:55:02.437,1791276902.437751,16384,0,765,42.95,14.0625,496,0
17:55:02.464,1791276902.464576,16384,0,754,42.95,13.75,495,0
17:55:02.490,1791276902.490775,16384,0,754,42.95,13.75,495,0
17:55:02.513,1791276902.513967,16384,0,742,42.95,13.75,495,0
17:55:02.539,1791276902.5397496,16384,0,732,42.95,13.4375,495,0
17:55:02.592,1791276902.5921497,16384,0,711,42.95,13.125,494,0
17:55:02.615,1791276902.6157691,16384,0,711,42.95,13.125,494,0
17:55:02.642,1791276902.64247,16384,0,699,42.95,12.8125,493,0
17:55:02.669,1791276902.669619,16384,0,690,42.95,12.8125,493,0
17:55:02.744,1791276902.7444625,16384,0,681,42.95,12.5,493,0
17:55:02.744,1791276902.7447326,16384,0,681,42.95,12.5,493,0
17:55:02.745,1791276902.7457864,16384,0,670,42.95,12.5,493,0
17:55:02.796,1791276902.796325,16384,0,646,42.95,11.875,492,0
17:55:02.820,1791276902.820346,16384,0,646,42.95,11.875,492,0
17:55:02.849,1791276902.8493526,16384,0,638,42.95,11.875,492,0
17:55:02.873,1791276902.8739042,16384,0,627,42.95,11.5625,492,0
17:55:02.899,1791276902.8998451,16384,0,618,42.95,11.5625,492,0
17:55:02.925,1791276902.92543,16384,0,618,42.95,11.5625,492,0
17:55:03.000,1791276903.0008748,16384,0,606,42.95,11.25,491,0
17:55:03.001,1791276903.001276,16384,0,597,42.95,11.25,491,0
17:55:03.025,1791276903.0259163,16384,0,577,42.95,10.625,491,0
17:55:03.051,1791276903.0515633,16384,0,577,42.95,10.625,491,0
17:55:03.076,1791276903.0760636,16384,0,567,42.95,10.625,489,0
17:55:03.104,1791276903.1043358,16384,0,555,42.95,10.3125,489,0
17:55:03.129,1791276903.1296594,16384,0,547,42.95,10.3125,489,0
17:55:03.183,1791276903.1830783,16384,0,538,42.95,10.0,489,0
17:55:03.208,1791276903.2083242,16384,0,532,42.95,10.0,490,0
17:55:03.259,1791276903.2591565,16384,0,510,42.95,9.6875,489,0
17:55:03.310,1791276903.310337,16384,0,502,42.95,9.375,488,0
17:55:03.344,1791276903.3440995,16384,0,489,42.95,9.0625,483,0
17:55:03.412,1791276903.412308,16384,0,480,42.95,9.0625,477,0
17:55:03.413,1791276903.4133399,16384,0,470,42.95,8.75,470,0
17:55:03.446,1791276903.4463181,16384,0,461,42.95,8.75,461,0
17:55:03.490,1791276903.490442,16384,0,451,42.95,8.4375,451,0
17:55:03.516,1791276903.5161562,16384,0,443,42.95,8.4375,443,0
17:55:03.543,1791276903.5436804,16384,0,432,42.95,8.125,432,0
17:55:03.570,1791276903.570547,16384,0,424,42.95,8.125,424,0
17:55:03.595,1791276903.5951617,16384,0,415,42.95,7.8125,415,0
17:55:03.618,1791276903.6187665,16384,0,415,42.95,7.8125,415,0
17:55:03.651,1791276903.6512418,16384,0,404,42.95,7.8125,404,0
17:55:03.671,1791276903.67186,16384,0,395,42.95,7.5,395,0
17:55:03.698,1791276903.698501,16384,0,384,42.95,7.5,384,0
17:55:03.768,1791276903.7685893,16384,0,385,42.95,7.5,385,0
17:55:03.782,1791276903.7825491,16384,0,368,42.95,7.1875,368,0
17:55:03.804,1791276903.8044293,16384,0,359,42.95,6.875,359,0
17:55:03.837,1791276903.8374755,16384,0,350,42.95,6.875,350,0
17:55:03.871,1791276903.8716145,16384,0,341,42.95,6.5625,341,0
17:55:03.925,1791276903.9256244,16384,0,340,42.95,6.5625,340,0
17:55:03.983,1791276903.9835618,16384,0,332,42.95,6.5625,332,0
17:55:04.039,1791276904.0395763,16384,0,324,42.95,6.25,324,0
17:55:04.095,1791276904.095249,16384,0,314,42.95,6.25,314,0
17:55:04.163,1791276904.1635766,16384,0,304,42.95,5.9375,304,0
17:55:04.229,1791276904.229172,16384,0,289,42.95,5.625,289,0
17:55:04.275,1791276904.2757254,16384,0,280,42.95,5.625,280,0
17:55:04.332,1791276904.3328657,16384,0,271,42.95,5.3125,271,0
17:55:04.419,1791276904.4196858,16384,0,260,42.95,5.3125,260,0
17:55:04.445,1791276904.4456658,16384,0,251,42.95,5.0,251,0
17:55:04.499,1791276904.4990342,16384,0,231,42.95,5.0,231,0
17:55:04.558,1791276904.558536,16384,0,214,42.95,4.6875,214,0
17:55:04.616,1791276904.6160827,16384,0,197,42.95,4.6875,197,0
17:55:04.676,1791276904.6766279,16384,0,182,42.95,4.375,182,0
17:55:04.726,1791276904.7269504,16384,0,172,42.95,4.375,172,0
17:55:04.784,1791276904.7844515,16384,0,171,42.95,40.0,0,2
17:55:04.892,1791276904.8926952,16384,0,170,42.95,40.0,0,2
17:55:04.948,1791276904.9484031,16384,0,165,42.95,39.375,0,0
17:55:05.007,1791276905.007872,16384,0,166,42.95,39.375,0,0
17:55:05.111,1791276905.1114185,16384,0,158,42.95,38.4375,0,0
17:55:05.161,1791276905.161889,16384,0,199,42.95,35.0,0,0
17:55:05.215,1791276905.215035,16384,0,342,42.95,34.375,0,0
17:55:05.241,1791276905.2414663,16384,0,340,42.95,34.375,0,0
17:55:05.268,1791276905.2684953,16384,0,345,42.95,34.0625,0,0
17:55:05.312,1791276905.3122582,16384,0,339,42.95,34.0625,0,0
17:55:05.364,1791276905.3648489,16384,0,346,42.95,33.75,0,0
17:55:05.413,1791276905.4139764,16384,0,338,42.95,33.75,0,0
17:55:05.467,1791276905.4677043,16384,0,345,42.95,33.75,0,0
17:55:05.521,1791276905.521346,16384,0,342,42.95,33.4375,0,0
17:55:05.577,1791276905.5770404,16384,0,345,42.95,33.4375,0,0
17:55:05.648,1791276905.6487732,16384,0,350,42.95,33.125,0,0
17:55:05.768,1791276905.7689342,16384,0,343,42.95,32.8125,0,0
17:55:05.782,1791276905.7821987,16384,0,342,42.95,32.8125,0,0
17:55:05.811,1791276905.811962,16384,0,342,42.95,32.5,0,0
17:55:05.837,1791276905.8372612,16384,0,347,42.95,32.1875,0,0
17:55:05.894,1791276905.894027,16384,0,338,42.95,31.5625,0,0
17:55:05.992,1791276905.992119,16384,0,346,42.95,31.5625,0,0
17:55:06.031,1791276906.031532,16384,0,338,42.95,31.25,0,0
17:55:06.087,1791276906.0879972,16384,0,336,42.95,31.25,0,0
17:55:06.143,1791276906.1431725,16384,0,338,42.95,30.9375,0,0
17:55:06.195,1791276906.195012,16384,0,338,42.95,30.9375,0,0
17:55:06.248,1791276906.248029,16384,0,334,42.95,30.625,0,0
17:55:06.298,1791276906.2985919,16384,0,333,42.95,30.3125,0,0
17:55:06.356,1791276906.3560717,16384,0,339,42.95,30.3125,0,0
17:55:06.416,1791276906.4163678,16384,0,338,42.95,30.0,0,0
17:55:06.466,1791276906.466987,16384,0,329,42.95,30.0,0,0
17:55:06.522,1791276906.5224335,16384,0,335,42.95,29.6875,0,0
17:55:06.571,1791276906.5715415,16384,0,337,42.95,29.375,0,0
17:55:06.685,1791276906.6853383,16384,0,332,42.95,29.0625,0,0
17:55:06.768,1791276906.7683506,16384,0,328,42.95,29.0625,0,0
17:55:06.788,1791276906.7883062,16384,0,326,42.95,28.75,0,0
17:55:06.840,1791276906.8401604,16384,0,328,42.95,28.4375,0,0
17:55:06.895,1791276906.895383,16384,0,315,42.95,28.4375,0,0
17:55:06.948,1791276906.9489653,16384,0,314,42.95,28.125,0,0
17:55:07.007,1791276907.0076194,16384,0,311,42.95,27.8125,0,0
17:55:07.062,1791276907.0623796,16384,0,307,42.95,27.8125,0,0
17:55:07.110,1791276907.110531,16384,0,302,42.95,27.5,0,0
17:55:07.167,1791276907.1672578,16384,0,303,42.95,27.5,0,0
17:55:07.219,1791276907.2192738,16384,0,301,42.95,27.1875,0,0
17:55:07.271,1791276907.2717803,16384,0,294,42.95,26.875,0,0
17:55:07.323,1791276907.3231993,16384,0,297,42.95,26.875,0,0
17:55:07.427,1791276907.4278572,16384,0,296,42.95,26.5625,0,0
17:55:07.487,1791276907.4875276,16384,0,284,42.95,26.25,0,0
17:55:07.545,1791276907.545407,16384,0,276,42.95,26.25,0,0
17:55:07.650,1791276907.6504571,16384,0,248,42.95,23.4375,0,0
17:55:07.709,1791276907.709455,16384,0,237,42.95,23.125,0,0
17:55:07.755,1791276907.755053,16384,0,239,42.95,23.125,0,0
17:55:07.811,1791276907.8118742,16384,0,231,42.95,22.5,0,0
17:55:07.863,1791276907.863338,16384,0,233,42.95,22.5,0,0
17:55:07.915,1791276907.915406,16384,0,229,42.95,22.1875,0,0
17:55:08.007,1791276908.007628,16384,0,230,42.95,21.875,0,0
17:55:08.075,1791276908.0755754,16384,0,227,42.95,21.5625,0,0
17:55:08.127,1791276908.1273,16384,0,225,42.95,21.5625,0,0
17:55:08.177,1791276908.177543,16384,0,219,42.95,21.25,0,0
17:55:08.343,1791276908.3434489,16384,0,216,42.95,20.625,0,0
17:55:08.396,1791276908.3963146,16384,0,212,42.95,20.625,0,0
17:55:08.452,1791276908.452425,16384,0,210,42.95,20.3125,0,0
17:55:08.556,1791276908.5561771,16384,0,206,42.95,20.0,0,0
17:55:08.612,1791276908.6128602,16384,0,202,42.95,19.6875,0,0
17:55:08.668,1791276908.668949,16384,0,201,42.95,19.6875,0,0
17:55:08.744,1791276908.744759,16384,0,194,42.95,19.375,0,0
17:55:08.771,1791276908.7719288,16384,0,195,42.95,19.375,0,0
17:55:08.831,1791276908.831573,16384,0,193,42.95,19.0625,0,0
17:55:08.876,1791276908.876023,16384,0,188,42.95,19.0625,0,0
17:55:08.928,1791276908.928868,16384,0,188,42.95,19.0625,0,0
17:55:09.041,1791276909.0411422,16384,0,181,42.95,18.4375,0,0
17:55:09.089,1791276909.0893908,16384,0,180,42.95,18.4375,0,0
17:55:09.143,1791276909.1437721,16384,0,177,42.95,18.125,0,0
17:55:09.198,1791276909.1984138,16384,0,176,42.95,18.125,0,0
17:55:09.249,1791276909.249679,16384,0,170,42.95,17.8125,0,0
17:55:09.307,1791276909.307423,16384,0,164,42.95,17.8125,0,0
17:55:09.358,1791276909.3580267,16384,0,163,42.95,17.5,0,0
17:55:09.417,1791276909.4175353,16384,0,161,42.95,17.5,0,0
17:55:09.475,1791276909.4755137,16384,0,157,42.95,17.1875,0,0
17:55:09.517,1791276909.517776,16384,0,158,42.95,17.1875,0,0
17:55:09.573,1791276909.5731564,16384,0,154,42.95,17.1875,0,0
17:55:09.624,1791276909.6244879,16384,0,153,42.95,16.875,0,0
17:55:09.674,1791276909.6744912,16384,0,145,42.95,16.875,0,0
17:55:09.775,1791276909.775916,16384,0,142,42.95,16.5625,0,0
17:55:09.894,1791276909.894729,16384,0,136,42.95,16.25,0,0
17:55:09.943,1791276909.9435709,16384,0,132,42.95,15.9375,0,0
17:55:10.065,1791276910.065744,16384,0,128,42.95,15.625,0,0
17:55:10.105,1791276910.1058166,16384,0,134,42.95,29.0625,0,0
17:55:10.169,1791276910.1691113,16384,0,131,42.95,28.75,0,0
17:55:10.235,1791276910.235969,16384,0,137,42.95,28.75,0,0
17:55:10.269,1791276910.2699766,16384,0,135,42.95,28.4375,0,0
17:55:10.424,1791276910.4241977,16384,0,135,42.95,28.125,0,0
17:55:10.425,1791276910.4256153,16384,0,138,42.95,28.125,0,0
17:55:10.478,1791276910.478983,16384,0,137,42.95,28.125,0,0
17:55:10.584,1791276910.5846267,16384,0,134,42.95,27.8125,0,0
17:55:10.747,1791276910.747403,16384,0,137,42.95,27.5,0,0
17:55:10.800,1791276910.800463,16384,0,137,42.95,27.1875,0,0
17:55:10.854,1791276910.8541512,16384,0,135,42.95,27.1875,0,0
17:55:10.907,1791276910.9070055,16384,0,138,42.95,26.875,0,0
17:55:11.008,1791276911.0083833,16384,0,138,42.95,26.875,0,0
17:55:11.015,1791276911.0150948,16384,0,140,42.95,26.875,0,0
17:55:11.068,1791276911.0682094,16384,0,140,42.95,26.5625,0,0
17:55:11.123,1791276911.1236513,16384,0,143,42.95,26.5625,0,0
17:55:11.172,1791276911.1727371,16384,0,147,42.95,26.25,0,0
17:55:11.294,1791276911.294277,16384,0,150,42.95,26.25,0,0
17:55:11.333,1791276911.3337445,16384,0,151,42.95,25.9375,0,0
17:55:11.445,1791276911.4456985,16384,0,155,42.95,25.625,0,0
17:55:11.497,1791276911.4977686,16384,0,159,42.95,25.625,0,0
17:55:11.600,1791276911.6000566,16384,0,159,42.95,25.3125,0,0
17:55:11.744,1791276911.744493,16384,0,156,42.95,25.3125,0,0
17:55:11.759,1791276911.7596316,16384,0,162,42.95,25.0,0,0
17:55:11.814,1791276911.814334,16384,0,164,42.95,25.0,0,0
17:55:11.920,1791276911.9202602,16384,0,164,42.95,24.6875,0,0
17:55:12.000,1791276912.0004256,16384,0,166,42.95,24.6875,0,0
17:55:12.035,1791276912.0356526,16384,0,162,42.95,24.6875,0,0
17:55:12.085,1791276912.085506,16384,0,172,42.95,24.375,0,0
17:55:12.134,1791276912.1342285,16384,0,167,42.95,24.375,0,0
17:55:12.191,1791276912.1918073,16384,0,166,42.95,24.375,0,0
17:55:12.242,1791276912.242378,16384,0,174,42.95,24.0625,0,0
17:55:12.295,1791276912.2950556,16384,0,168,42.95,24.0625,0,0
17:55:12.354,1791276912.3547378,16384,0,168,42.95,24.0625,0,0
17:55:12.412,1791276912.412641,16384,0,174,42.95,23.75,0,0
17:55:12.457,1791276912.457653,16384,0,171,42.95,23.75,0,0
17:55:12.624,1791276912.6244295,16384,0,169,42.95,23.4375,0,0
17:55:12.667,1791276912.667767,16384,0,174,42.95,23.4375,0,0
17:55:12.776,1791276912.7768736,16384,0,174,42.95,23.4375,0,0
17:55:12.778,1791276912.77811,16384,0,171,42.95,23.125,0,0
17:55:12.830,1791276912.8302033,16384,0,169,42.95,23.125,0,0
17:55:12.936,1791276912.9363916,16384,0,174,42.95,22.8125,0,0
17:55:12.991,1791276912.9917338,16384,0,173,42.95,22.8125,0,0
17:55:13.050,1791276913.0502417,16384,0,176,42.95,22.5,0,0
17:55:13.100,1791276913.1004472,16384,0,178,42.95,22.5,0,0
17:55:13.201,1791276913.2018826,16384,0,177,42.95,22.1875,0,0
17:55:13.255,1791276913.2555323,16384,0,178,42.95,22.1875,0,0
17:55:13.310,1791276913.3109446,16384,0,178,42.95,22.1875,0,0
17:55:13.367,1791276913.3676548,16384,0,261,42.95,22.1875,0,0
17:55:13.444,1791276913.44415,16384,0,260,42.95,21.875,0,0
17:55:13.472,1791276913.4727888,16384,0,259,42.95,21.875,0,0
17:55:13.528,1791276913.5280542,16384,0,258,42.95,21.875,0,0
17:55:13.584,1791276913.5843153,16384,0,263,42.95,21.5625,0,0
17:55:13.637,1791276913.637809,16384,0,266,42.95,21.5625,0,0
17:55:13.691,1791276913.691146,16384,0,262,42.95,21.5625,0,0
17:55:13.741,1791276913.7411945,16384,0,268,42.95,21.25,0,0
17:55:13.794,1791276913.794011,16384,0,271,42.95,21.25,0,0
17:55:13.906,1791276913.9060419,16384,0,274,42.95,21.25,0,0
17:55:14.004,1791276914.004422,16384,0,393,42.95,20.9375,0,0
17:55:14.117,1791276914.117048,16384,0,405,42.95,20.9375,0,0
17:55:14.173,1791276914.1739113,16384,0,419,42.95,20.625,0,0
17:55:14.334,1791276914.3349328,16384,0,418,42.95,20.625,0,0
17:55:14.391,1791276914.3911712,16384,0,418,42.95,20.3125,0,0
17:55:14.447,1791276914.4479327,16384,0,413,42.95,20.3125,0,0
17:55:14.550,1791276914.5504906,16384,0,422,42.95,20.3125,0,0
17:55:14.610,1791276914.6106439,16384,0,428,42.95,20.0,0,0
17:55:14.740,1791276914.7403607,16384,0,436,42.95,20.0,0,0
17:55:14.764,1791276914.7640433,16384,0,440,42.95,20.0,0,0
17:55:14.818,1791276914.8181872,16384,0,440,42.95,19.6875,0,0
17:55:14.874,1791276914.8747892,16384,0,436,42.95,19.6875,0,0
17:55:14.924,1791276914.9248223,16384,0,441,42.95,19.6875,0,0
17:55:15.085,1791276915.0850856,16384,0,445,42.95,19.375,0,0
17:55:15.136,1791276915.136897,16384,0,442,42.95,19.375,0,0
17:55:15.205,1791276915.205244,16384,0,446,42.95,19.375,0,0
17:55:15.245,1791276915.2458456,16384,0,452,42.95,19.0625,0,0
17:55:15.301,1791276915.3010352,16384,0,467,42.95,19.0625,0,0
17:55:15.354,1791276915.3546727,16384,0,452,42.95,19.0625,0,0
17:55:15.470,1791276915.4707456,16384,0,458,42.95,19.0625,0,0
17:55:15.567,1791276915.5672534,16384,0,464,42.95,18.75,0,0
17:55:15.621,1791276915.62185,16384,0,459,42.95,18.75,0,0
17:55:15.673,1791276915.673758,16384,0,468,42.95,18.75,0,0
17:55:15.779,1791276915.7799225,16384,0,462,42.95,18.4375,0,0
17:55:15.837,1791276915.837628,16384,0,463,42.95,18.4375,0,0
17:55:15.885,1791276915.885584,16384,0,471,42.95,18.4375,1,0
17:55:15.940,1791276915.9403212,16384,0,470,42.95,18.4375,0,0
17:55:16.046,1791276916.0460885,16384,0,468,42.95,18.125,0,0
17:55:16.203,1791276916.203747,16384,0,477,42.95,18.125,3,0
17:55:16.210,1791276916.2100165,16384,0,478,42.95,17.8125,3,0
17:55:16.265,1791276916.265772,16384,0,475,42.95,17.8125,0,0
17:55:16.318,1791276916.3183994,16384,0,475,42.95,17.8125,0,0
17:55:16.423,1791276916.4233835,16384,0,486,42.95,17.8125,5,0
17:55:16.424,1791276916.4246702,16384,0,484,42.95,17.8125,6,0
17:55:16.479,1791276916.479,16384,0,486,42.95,17.5,8,0
17:55:16.534,1791276916.5340254,16384,0,497,42.95,17.5,12,0
17:55:16.587,1791276916.587379,16384,0,492,42.95,17.5,12,0
17:55:16.695,1791276916.6954205,16384,0,487,42.95,17.5,14,0
17:55:16.748,1791276916.7481506,16384,0,492,42.95,17.1875,18,0
17:55:16.802,1791276916.802536,16384,0,497,42.95,17.1875,23,0
17:55:16.908,1791276916.908362,16384,0,498,42.95,17.1875,27,0
17:55:17.015,1791276917.01595,16384,0,506,42.95,17.1875,33,0
17:55:17.069,1791276917.0698178,16384,0,500,42.95,16.875,32,0
17:55:17.129,1791276917.1297593,16384,0,505,42.95,16.875,40,0
17:55:17.179,1791276917.1792521,16384,0,505,42.95,16.875,41,0
17:55:17.233,1791276917.233508,16384,0,511,42.95,16.875,45,0
17:55:17.289,1791276917.2890635,16384,0,498,42.95,16.5625,41,0
17:55:17.343,1791276917.3435438,16384,0,503,42.95,16.5625,50,0
17:55:17.395,1791276917.3952813,16384,0,500,42.95,16.5625,48,0
17:55:17.448,1791276917.4489987,16384,0,503,42.95,16.25,58,0
17:55:17.502,1791276917.5022974,16384,0,501,42.95,16.25,67,0
17:55:17.556,1791276917.5565798,16384,0,507,42.95,16.25,71,0
17:55:17.666,1791276917.6667328,16384,0,508,42.95,16.25,76,0
17:55:17.764,1791276917.7640173,16384,0,515,42.95,16.25,85,0
17:55:17.768,1791276917.7681315,16384,0,512,42.95,15.9375,91,0
17:55:17.819,1791276917.8193114,16384,0,512,42.95,15.9375,99,0
17:55:17.874,1791276917.8745744,16384,0,508,42.95,15.9375,108,0
17:55:17.930,1791276917.9307735,16384,0,513,42.95,15.9375,112,0
17:55:18.009,1791276918.0092587,16384,0,512,42.95,15.9375,116,0
17:55:18.091,1791276918.0910568,16384,0,520,42.95,15.625,131,0
17:55:18.142,1791276918.1425066,16384,0,523,42.95,15.625,137,0
