route,token,outcome,duration_sec,progress_ratio,best_progress_ratio,cross_track_m,goal_distance_m,detail,stop_status,stop_x,stop_y,stop_goal_distance_m
scenario3,273af99685:0:scenario3,completed,37.801,0.9525,0.9525,1.0569,7.9467,,stationary,298.3193,199.6958,34.3502
scenario3,273af99685:1:scenario3,completed,37.791,0.9533,0.9533,0.4506,7.7668,,stationary,297.9446,200.1459,34.4961
scenario3,273af99685:2:scenario3,completed,37.501,0.9543,0.9543,0.6728,7.6193,,stationary,294.0906,200.2611,32.5207
scenario3,273af99685:3:scenario3,completed,36.997,0.9522,0.9522,0.6708,7.9622,,stationary,299.0129,198.4621,33.7903
scenario3,273af99685:4:scenario3,off_route,37.36,0.763,0.763,30.9833,47.8365,,stationary,326.6651,110.1921,78.6671
scenario3,273af99685:5:scenario3,completed,36.395,0.9547,0.9547,0.542,7.5363,,stationary,297.8517,200.8411,35.0128
scenario3,273af99685:6:scenario3,completed,38.599,0.9523,0.9523,0.9714,7.9802,,stationary,295.8839,196.9109,30.6657
scenario3,273af99685:7:scenario3,completed,37.196,0.9539,0.9539,0.4511,7.6541,,stationary,295.2556,198.9307,31.9847
scenario3,273af99685:8:scenario3,completed,37.796,0.954,0.954,0.5588,7.6571,,stationary,297.3694,200.5265,34.4809
scenario3,273af99685:9:scenario3,completed,37.094,0.9541,0.9541,0.8364,7.6634,,stationary,298.973,199.4769,34.5666
