file,bytes,sha256
BIAS_AND_MISSING_KO.txt,4688,6932fa540bf176d9dd28e3f940db4bebb252913b90826ef87b38644646d66ea5
CONFIGURATION_KO.txt,8715,2aa7309e8204e91dd36eed73b6ee9804f90d8a22123eb996bfc54a2b785c1df4
HIL_validation_figures.pdf,1809454,0ba36b8f7efddd067c5bca9bde5799f15ac4ca0939d270083e7a252d88e36d9f
INDEX.html,7403,73c8576797f05d120c2141e453da828a2ea77ad41d7a1ca78065289e0d79ba03
REPORT_KO.txt,17071,86887cbae155b322932659552a2b6bdc9bb254bdb08d9e93d19af4c1cd8e7b56
build_evidence.py,25567,8228e77432b04b35650a529edeeb76602024bad8df5a47af6be218e4ba759678
configs/current_host_inventory.json,4601,a76ca12a93642d47f36ee85fe279055c20dd1d0ea2cca6a60f18b0c450efb618
configs/s1_effective_config.yaml,9104,31fa63f2dd8299f8770af335ed0758634156f03f075bb703dce07f000bc64b69
configs/s1_manifest.json,2215,25e984c3eea918762e3bdf2aaa92e3aaeac99c42f28b20512dcdfdc234e55280
configs/s1_recorded_parameter_events.json,16574,7ab31c1b70d624476f27eb478a510311c15f07b2f554fb62de5cdca15d75b7cb
configs/s1_session_result.json,821,7ef88c97c7ab468cfcd630cf17512ea77490d3e3420876a676a61d95e61bbc9f
configs/s2_effective_config.yaml,9104,e6f036ffbaf5e6e84d589ead9b999581e8bc1dcc2aa4757b91bb45711876b2ff
configs/s2_manifest.json,2215,178b3cefec3e6758c036fb5a1500a3238768c87072ba7896a7e4d211bc9e5210
configs/s2_recorded_parameter_events.json,14143,4406d98af8fdacf5385287d90e329bef043396551bf797e4596867a830b5d2b6
configs/s2_session_result.json,827,c2023f04fa60fa835b61c7edf8bbe0e40357201995f95955da503fd9780c1a9e
configs/s3_effective_config.yaml,9104,b46aa1695f18bcb40d4eb96cb6978068c9687dcaa39d6a0efb7e9c43f0a18bdc
configs/s3_manifest.json,2215,c0570ca2a03c0f5ca5f67c6aaedcfc55b048f3eadf727c9eaa14f169ab60e473
configs/s3_recorded_parameter_events.json,17586,542fe8d2bec60f64af9b2c58ad94d556d1765bc57e913df9a939d927cf6b8f8f
configs/s3_session_result.json,825,1709eb8411a48d858487c2a016f6bede305fe2a79e7ffff3a695489630b02e41
figures/00_HIL_configuration.pdf,17351,b6e18f8366cec8e385a182569816528676b19405b9c2dca754f31c59086ce09d
figures/00_HIL_configuration.png,356261,ae8bbad9487482c4d7f1f1645953cbd9f6911536771c2a5dae26626bd0c8d315
figures/00_evidence_tables.pdf,64051,8d8245fc32b91249347d4fc5695addbbdb70057f0b0742d3de436212359f4ed9
figures/01_all_routes.pdf,83424,57f268147d0a74a2411b0bdc306fd6e3201f12f87658d6a693104d14318ae451
figures/01_all_routes.png,691839,76a29c431523c7d7df249ed467bf774fafa0256e5cd82ff160db542d936df4a1
figures/02_s1_all_10_attempts.pdf,247977,c8c959070edef4d8e8b867aabd83654bf211535718018d4d670c409e7e00d23d
figures/02_s1_all_10_routes.pdf,64556,93440e9f245747ff447b480f7bc866eef9a2297a34412ad428863ad5140311fd
figures/02_s1_all_10_routes.png,556574,7ef0c1d881b94d907d8ece5f7249051d5f6afb944c6a7c94f30c6f56fcd704a0
figures/02_s2_all_10_attempts.pdf,250799,421b7270c16405645935d639ac694871e0c59ce5c19df8699080df9d2a101bd1
figures/02_s2_all_10_routes.pdf,72799,8b79d4f79494d5e0c277bf245439fa6307eef689b117e18ef8d5daf7db15abea
figures/02_s2_all_10_routes.png,539012,786680810893d59e6507dc995be0cf419b7c8f7c706054895b058e429ba55132
figures/02_s3_all_10_attempts.pdf,225750,ac669693267fcf14a62f8aaf54e02365c6c8e96dcb0f5296ecb8b73c298c8316
figures/02_s3_all_10_routes.pdf,71666,7f9e129ea63c3ef631b27744d7cdffb68c2c8f68bc8821865251cacb501d9105
figures/02_s3_all_10_routes.png,724756,bb6148b68cc7d8b22a6d5cdb5d4cd081a6f43de3bfc6520d954f3ff025ee8ac8
figures/03_s1_a01_failure_full.pdf,94914,99fc801ce7ba63a8729c12f7c7cdbe9640f21230a750c9c59712b3be25cc4d82
figures/03_s1_a01_failure_full.png,568503,58b6c17c66c9d696f6055794738fc424c8f36c957ad4d8843fefaf61fe35079a
figures/03_s1_a01_failure_zoom.pdf,90589,25821557eca5a890152465613183ff3d96f4d28f33a5c96dcf061f59e43429ba
figures/03_s1_a01_failure_zoom.png,575330,00823b05aa31a03379a6ebdf4688bbe4147b740a158247219d21645a6328568c
figures/03_s1_a01_sway_full.pdf,114951,ad88449cc5246245f15769d0ecd3e044f96a2b76697aa5519242b3e4cd4c5b29
figures/03_s1_a01_sway_full.png,695240,75b289f074934ddf47f6b17c2b84071f83409757eb5a648559969aa7ef2ee345
figures/03_s1_a01_sway_zoom.pdf,99120,0b479ba167fea6cea2acd91d0a28a571fd92c774f07a7f7476c1e38e5ef34ddd
figures/03_s1_a01_sway_zoom.png,724789,de7fbfadcb0ec049dbaba48aa87018f49be0b358f8a96a048327a7d5b4ea390c
figures/03_s1_a06_branch_full.pdf,111098,82b4184860390336cad0f8986ba9db8ff8dd697db27489b292f5743b40725585
figures/03_s1_a06_branch_full.png,653161,394788c8bceab39f134ea2dbc740d08cdaf15488c8187072d3c4725758b8220b
figures/03_s1_a06_branch_zoom.pdf,96189,3dbe193cc928a8eadfa27155caf81088273b7f819dcb6ee0daab04365e648041
figures/03_s1_a06_branch_zoom.png,670969,ec93e6dc6df6e19c702272b00011e1e048ea4ddec8bd4c36013ab4cb3e538f80
figures/03_s1_a09_wrong_exit_full.pdf,119100,9838e3995a6186f536289c1cb187379271f443c1179e39b158f4ed346cfa3450
figures/03_s1_a09_wrong_exit_full.png,658255,6a143d74b7770842ea04d86d0f238ee977418dd2b1407433f5f45df18950c8cb
figures/03_s1_a09_wrong_exit_zoom.pdf,89523,c728dcd4315a17ba5989294005818f81f1271596a2f262faa3f7948f48c97d2b
figures/03_s1_a09_wrong_exit_zoom.png,671372,52360137e490e46441bfaaad3a76fb2e6fd3e84369bb240d5765e1bde9ed199b
figures/03_s2_a01_branch_full.pdf,103039,bce17f332da7ff4384e9526babd2aff152a67939fca8af8873342ebc13b86787
figures/03_s2_a01_branch_full.png,679102,5c58d92fd8efdef1a900e2b59a8c413bc32d9f04590dafba7999706a4878d879
figures/03_s2_a01_branch_zoom.pdf,92429,c355917ee88f3ab1a2c63c31a9bdd261b585edeed799b3f8240c4dcd49a059da
figures/03_s2_a01_branch_zoom.png,696031,af0e820a4e2b4d32e4535d9712e0f4ae208d495cb19f057a782dbcc4997ec037
figures/03_s2_a01_failure_full.pdf,83464,f856df5e254bf42634ead354b1c6b6dd4b058c0aba0f0e52e52d09d83aef8c47
figures/03_s2_a01_failure_full.png,513828,6e69604d8e102a2d8d35b2beacda9f3a25bc0e602a4a56572642748ed822f999
figures/03_s2_a01_failure_zoom.pdf,77334,238e5c4fac7393127bb0200f3324cbb661467c17c4da9d8c376e3450a1f35750
figures/03_s2_a01_failure_zoom.png,502142,68d66f046fc6262c53d6c37bfbd8b28fd75fb842a9adb3b57f421e3c3d926f27
figures/03_s3_a01_branch_full.pdf,123150,8c9b2cea34409c215b685a76d491bad9e2ea31b493afce33f62708bef3014ed5
figures/03_s3_a01_branch_full.png,680411,d3e3b56f046505f66bae18cdfdbbdbd60930f608ede3660bc477637e7269a597
figures/03_s3_a01_branch_zoom.pdf,110706,00a2f466ca9f5832e1a6ecbb7e1197dc28f64290bacb1a76e29bdc53ef6f22d2
figures/03_s3_a01_branch_zoom.png,695006,71035d661eb077ed263ffe8fbb6cebda75351d5f7294b17b19fbb1b3dcbf07d6
figures/03_s3_a01_curve_full.pdf,79567,4d0fab41aaf55c44299b75e54c1bd5b56b17f61634f410bd13943a4cf9502c50
figures/03_s3_a01_curve_full.png,557087,5609b35c97e0d9ccf02700b63df393cffad94c49ad50bce3bfe904a09da39738
figures/03_s3_a01_curve_zoom.pdf,75194,e480ac05fc58d876883cfa1690bcce43246082c2f26f32566fc6230733bcf162
figures/03_s3_a01_curve_zoom.png,573956,f789c470e3e9e1e97841ff2f4025216ea220492daaace91aaaa2558acfd43d6b
figures/03_s3_a04_failure_full.pdf,87028,359e4541b415ed08c8f0362a602dc26014ba9ec4590237adee26f739139fa0bf
figures/03_s3_a04_failure_full.png,605966,9f63ec834c790369fc04f428e7341006d5dd7c3bea7a486464551cc94080ac94
figures/03_s3_a04_failure_zoom.pdf,77433,4dd0b462b3fb87f641ff11c715d228a78b9a1b432f8c2ddd621406a0aba97d8a
figures/03_s3_a04_failure_zoom.png,644105,d26548f7d261ca8dba03ea1472ddb3456b5710aff7df4be92ca3133aed4a75f9
figures/04_s1_a01_histories.pdf,36953,dac57ca16c33b07cadd23c380666880ee83f99d916fad8b0338ff113cd368d9c
figures/04_s1_a01_histories.png,610284,55a75d1af400d3ea8d65d03a10bef505a01447cc101d048ff0fc1556e3af6b84
figures/04_s1_a06_histories.pdf,37925,f38f13af97c999acf978b6fce81c3d53f361909cc970933cbdd78076745d20fd
figures/04_s1_a06_histories.png,620413,01d5c56b52a70fd3a3fd14e7d326ead99b6917af6d418a890c340cfd32d53112
figures/04_s1_a09_histories.pdf,35234,1e97110c921245ed81908445bfc0d679171f9a3a629a324b5bdbfd86568542b6
figures/04_s1_a09_histories.png,603966,603589687a3cc4916c62b488a90b6ca8622c760598e24655a39a8241f8b9c2a8
figures/04_s2_a01_histories.pdf,41712,de11dbfad51bb6169aded6d2791cb26acbfa950ed03236c1d6c2a2b02d50ac02
figures/04_s2_a01_histories.png,655509,e2c11f956e2ff4236367de285576443dc078d9fad18486480651dbb280017439
figures/04_s2_a03_histories.pdf,41747,d1a827fa77e3fc28cc291f725307e1f775e58fc72901fa941b215ad293162f31
figures/04_s2_a03_histories.png,690579,61cc5f786194278c8d03ebe3dc5de18efbaddd8b0e7b2ee231105d4dd2b09190
figures/04_s3_a01_histories.pdf,36378,407137539317b7b1cb7b3923af0b34681432120a12250efab4d889533df7a060
figures/04_s3_a01_histories.png,655926,04a07901f3de7df252e7ac78d149ab8f9daeba550f9772d2823fce31c5c3a3eb
figures/04_s3_a04_histories.pdf,35021,cd4b9e112e2eda7dd6df176d96b5ea879011db7e42eeb8a94405ae8f8b0b9f06
figures/04_s3_a04_histories.png,616318,6c242e49dd95b560214408fa2fa1bc09c96ea97b300e5e625d25b60a48acdb8b
figures/05_runtime_distributions.pdf,48003,15e32613ce8e2911eed6c411436dcce62f94f04b28c91c1215212fc2c9bc5da9
figures/05_runtime_distributions.png,400399,b354d29b8f14cca0085e920ae78ce945be92a89183172726e2314b7a3b9778d5
figures/06_failures_all_trials.pdf,40787,195f8b9568095ba3564809165b7dd061e83ebe0c6f380b302539f9938a16174d
figures/06_failures_all_trials.png,413052,2c461a791cbac0fea1a8632ad56ceb7347ad886b6a8c090e6aabeea200619538
figures/07_upper_deadline_overrun.pdf,19301,dc2f1483b624edffcb330d2bb68e63e4daaaa83580ff74e280b9edb0cabbdaac
figures/07_upper_deadline_overrun.png,271217,fb601f922fbd96ea5f48e93fcc0c40d35a58ca695914c00df02f05f9ad48767c
figures/08_historical_input_loss.pdf,20319,e15ceadd436e73282b3e522d056c6b5cd43bb24b46f640333a4507d33b72576c
figures/08_historical_input_loss.png,363529,ace2a98a9d8684ffc51cfd3b7acc5ea3a1cfe686ee4c34f3e8b9d21b62a3680b
finalize.py,22587,71b93cde98f7b4b4311f5b3c9399cf7092fd33cd0c9e2426026ba08fb40cd18e
make_figures.py,22239,294df01c2182d07a92903033d9d9f07170da76844aeb9e852d558b0bfccbbc54
scenes/s1_a01_failure_1_grid.npz,429,b79ed7d27f3186881c6381a33d1d6c191a90bd944b7674a536934d6a7dec5259
scenes/s1_a01_failure_2_grid.npz,629,8a3c7e0c9b97545527febd6bab34d13113f8b703404d0e999186646fd452f62d
scenes/s1_a01_failure_3_grid.npz,369,e33dab493b1666d283d24ff86d2c387915183e51ceba297884fdf8dc2dcdb109
scenes/s1_a01_failure_4_grid.npz,396,0fa9b61db3673e5341f3356208f8d2a90f975c730953c01a4017c3715908d11d
scenes/s1_a01_sway_1_grid.npz,595,149df292e52074e40079f841ecda2acbfd8fcaae6a1dbfb88f0e22f591170c0f
scenes/s1_a01_sway_2_grid.npz,495,2f5565d6a1387b03127703ff300f80a690ca95e0f332c74f2fb8bce0a7980c56
scenes/s1_a01_sway_3_grid.npz,480,ce551ae7dd224db85442fb0b34305e95e8dcad61154e8494f189f19cdfa12ed6
scenes/s1_a01_sway_4_grid.npz,521,94fb72d5e03cda514fcd090ef03c6bc61b6eb327ac72db13e6d31a2f1020c6af
scenes/s1_a06_branch_1_grid.npz,588,d6ac7ee94312b23208a3ed91099096cbbe200a80e1432943d4b1271bdc404c56
scenes/s1_a06_branch_2_grid.npz,541,342b7844e0a078076fdba9184e28d1a9858ecf844b39cae7e3c64c46c0566391
scenes/s1_a06_branch_3_grid.npz,594,5744a39efb06b3a6f4cc2aee35cbf1fd3488d7b39b814cdb04368a2fc4911072
scenes/s1_a06_branch_4_grid.npz,427,652d54c82ac358ffe04a0497aab82c3196729343209b98b33cd6b12ebb1f7756
scenes/s1_a09_wrong_exit_1_grid.npz,598,39f4fee0940b2adad5b48417fbcee5f10a05b532fc75546ac2735bc5a0145733
scenes/s1_a09_wrong_exit_2_grid.npz,453,0f64e62fc191be75d85447855277c31f9161c4c4d9fbc17ce91f2232e3a44dfc
scenes/s1_a09_wrong_exit_3_grid.npz,328,d3b7ad97b9c0e6145b85c72e4ad930641622c9a0a9ea05520ab63b141c910b60
scenes/s1_a09_wrong_exit_4_grid.npz,340,5c969484121851779ad390cd19a7f9f7278c53f64915ec802dac9a86ba41381f
scenes/s1_road_mosaic.npz,97617,18b513bd07ab758d50c0c5a1985568119a0096b8be2b785b265a091f03178f27
scenes/s2_a01_branch_1_grid.npz,514,e66121d07369471de21cfa69d5c45d71a062ecf34faf19fc000e120696de3016
scenes/s2_a01_branch_2_grid.npz,391,f37a83207f7d836a57add08e069e27ada52be1f89528b73af7d58a5ec54f37ae
scenes/s2_a01_branch_3_grid.npz,452,8785a7cecdd319f17cee570d189500b86be08a74710d29a4ec8769de570d017f
scenes/s2_a01_branch_4_grid.npz,355,77999d680fae5b9ac8ac35add68dee441dddf4103819604dc8a8ceb1c2bbe9f7
scenes/s2_a01_failure_1_grid.npz,303,9b5ee0f7f9a0b9f5365af334a7cb0bdc97f775ca100e221229d381ea2e0f27e9
scenes/s2_a01_failure_2_grid.npz,353,14411def476cd637f5cf649beb1183bf27c8dcae2f2cdbb236dd4e56c544c8db
scenes/s2_a01_failure_3_grid.npz,340,a0b97907926fa38454472cdaa2547848b8200978251bcf803f2ba2aa53b74774
scenes/s2_a01_failure_4_grid.npz,316,b070aeee3b6fc492f697d78c9e19e4ec33240e6cff1290c7458442d8333042a4
scenes/s2_road_mosaic.npz,121553,960d6e824b85c86f14fab2aa3757be7b981a261dbef7909d6f0c7822f569afb1
scenes/s3_a01_branch_1_grid.npz,579,22192f071238cf4fe0845b3a05717747077976b472e7f779bbd58ada12d558e2
scenes/s3_a01_branch_2_grid.npz,486,e382fc592083d8d066cac015fd6d90b1ee3b2646f2cd17c282cb2450dd7e2957
scenes/s3_a01_branch_3_grid.npz,425,f98630361ca21265c17e05e2856eddbe3a2d91a86ed3ad68b5c0114e88012900
scenes/s3_a01_branch_4_grid.npz,407,a1afa51a06647f53cf9dd8fa6d226fe76787b815e576620774c398362c9b049e
scenes/s3_a01_curve_1_grid.npz,603,3ca838511a2eb729530cfd7ef866f6354c2e40382c458618068783f86b8b2e6c
scenes/s3_a01_curve_2_grid.npz,603,5362aaaf38a83aa71b92f4f4c464b1c8a85c97367ee8bc736622d17e40b8184f
scenes/s3_a01_curve_3_grid.npz,654,7922d86bce7187793b4b9ef7ef44a82b3e4c51f7ad625386ba0a3a19a48d8902
scenes/s3_a04_failure_1_grid.npz,482,44003ae9f0dceebe585b19771cf67ba3c97fb7eb952f6edef78256505df12010
scenes/s3_a04_failure_2_grid.npz,397,b55d8a341d2773a206b3e715364d17d969c0c71b172646001192cc17506d2da0
scenes/s3_a04_failure_3_grid.npz,421,a7f79d78b8097b6a8ffc28f544259edc52dfc168a7028fffe8b0ec7e56ee9af5
scenes/s3_a04_failure_4_grid.npz,336,894c3c50b51c29c40ad48ef2708b55a5de3ad54040efb419fbea17ff92d6ad02
scenes/s3_road_mosaic.npz,77760,71bac592cd78d125d98b167763279e04d17bd7ebc8e18638d91a0275f9348fcb
scenes/scene_manifest.json,336398,2307e6db3483144fd1585a350de148383e52fbd1f55350829ae09a0767761b4a
signals/historical_s1_a05_lower.csv,20408,9ce5841389bdc9d3e9b5dde4150e33eae9e2541bdfea5449dd52026fbd110ccc
signals/historical_s1_a05_odom.csv,11512,49c3d2c1b86356f50d279c574531d345e3da42b837f1c3393efca507c6e60abe
signals/historical_s1_a05_rosout.csv,13552,8f3998f80b4379f7895431be6398aa9da1c74b54443e13e8a0ee46681f756ec9
signals/s1_B.csv.gz,19945,a91d72314cf57935f89c1e916df91564389520d18da16012b3c7d86007f7298c
signals/s1_batch_status.jsonl.gz,14362,9e0dd1a57d9d4cf44c8a3696520bdcf018ac664eff98d30c30adfd5533870102
signals/s1_grid_times.csv.gz,124154,1dad6726f9fdb3b2e2d0356e8d8e778cb5a5e74a48faf5e3fc65b51dd741a797
signals/s1_lower_paths.jsonl.gz,814852,e5169f982ec0c459bca5165d66b9dee264b59d3fbf34536c6730ef5ff202bee2
signals/s1_lower_trace.csv.gz,801822,771ac5e145c1a11456bc0e035271f2f65965b315bf0536c577119c6ef9ed40f8
signals/s1_odometry.csv.gz,1225235,92eec5c652a39a95510350d5c472eb718b6591da97ea85c38b80600ef4a6d066
signals/s1_rosout.csv.gz,19575,6b2f8480d20fdd0f272a690e7c9b891b195e1e0f5ae8c9fbaa0af15782951194
signals/s1_upper_events.jsonl.gz,758011,d42ac48a3deab138d66b5b53e8f62ee34d5b7e06ff94b7b126029153c7e96f28
signals/s1_upper_stage_timing.jsonl.gz,418637,b504662a281f58faf2d905e897682d1efe71db964702325ef3a22ef725e843fd
signals/s1_waypoints.csv,114,a78e67e79c1995282a6d0597b0f7bf7f1858d2b4f243a07d14f3ee5f7593c6f0
signals/s2_B.csv.gz,22094,9dee4afcf2ff04cf2ef47da35d1a17044a6b6b844bb4dac3cf62294aed9c7ee9
signals/s2_batch_status.jsonl.gz,15579,76b60b2f637ff7c682c325b36265c2c750524f52864cf6c53e852a01991d4c3f
signals/s2_grid_times.csv.gz,141757,b8391c485dd6165170f98f98fbe415f7e0e31e590ef36da8817fd5179738fca7
signals/s2_lower_paths.jsonl.gz,740180,22e62e6a41f6505fe6d687d80e17246119827fc4824c23c8169cc20dbafe057d
signals/s2_lower_trace.csv.gz,878657,b7dcfcd9aaf47052d3c402ea9dbdd4fe670b86c85018794efec83a89605db171
signals/s2_odometry.csv.gz,1380075,2b70aff397e7aab27ace4011c53d06b3681f9dba99750050b07a86da55d9dbfb
signals/s2_rosout.csv.gz,51149,f192b410e5cf5e24a3930f8bc7fa34fbd809fcf2b7e3c4b14134bffd41d396aa
signals/s2_upper_events.jsonl.gz,649642,d912f3508dce1e6d3b233ff74cfbdadc8c8d43754be54fe64ac2f3079bee1c52
signals/s2_upper_stage_timing.jsonl.gz,443997,e6e4f2d45a2cdea2825547b8fa9d736f4bcb54544c74934d0afb71884fabb122
signals/s2_waypoints.csv,125,184363fdd9cd7d48185a6c8e7c19d24ff3f8f6c9e95f020508482c3c685f6d16
signals/s3_B.csv.gz,17578,7b5f5cb1e9a0a981deb885e38487de6d5c32b543da00a787c6f044dcf1eee080
signals/s3_batch_status.jsonl.gz,13133,cb7ba59456b5ee0cd4ec68d40bc86f12193e70368d35c962c2a391a48ed98f61
signals/s3_grid_times.csv.gz,109368,58bb0b2095b4b1bebb577ad0d3d46af18ec968b2e96156d1ce84b6565c26a196
signals/s3_lower_paths.jsonl.gz,590084,1f6ecc0678563215f7f001037f68bb91c3ae0d17840aedc829c93149921c6aba
signals/s3_lower_trace.csv.gz,679528,3295065cdfbe895857ea07a55ecf7fd8e26f66afa0cf42d7960a48b7bf1b2122
signals/s3_odometry.csv.gz,1089768,3d58cc84a63a0c2ce7cba6d3d78ec9c658dd475bceabd954cbba6216880f7a37
signals/s3_rosout.csv.gz,22750,672535a770a68acbdad390a40221b19e046fbbf465beef5b2eb10658b27f534a
signals/s3_upper_events.jsonl.gz,655084,e94dcbe66225cc481ab66d1faa3537251304b3222fb59b42531120942e592671
signals/s3_upper_stage_timing.jsonl.gz,367319,91af8cdb8b381a7d37180e3ecdb7a2be4387868955db49619d00e336e3690648
signals/s3_waypoints.csv,143,cccec46955d394cffbc39adaae51d63479c9c0d65a3b02df6c9d7c0127f3cc9a
sources/archive_info.json,321,998884457d297f6fc357b9de74742902a73367c4d50c40d694191e91ead95238
sources/code_and_prior_config/README_HILS.md,3682,b727a6dae997548a51abc217ad64e0b4de8eb33713e6e3a604d43c8b17359821
sources/code_and_prior_config/followup_20261006/HANDOFF_20261006_branch_steering.txt,12199,ebbee3f6b98a44e9f181efdf0e84f5adba86e5b13a92b9292da952c663466d06
sources/code_and_prior_config/followup_20261006/interval_consistency/bev_source/DIAGNOSTICS_README.txt,4414,e6917edc52e46e3204b67bcc50acf8a47343038164e099a0d07ff5630f64c3f1
sources/code_and_prior_config/followup_20261006/interval_consistency/bev_source/rgb_to_occupancy.original.cpp,35695,a31714ef7945631cd04662d9b9284e01ebf82b63015879064c7286486982e775
sources/code_and_prior_config/px4_followup_20261003/identity_shell.txt,2205,549555f71904ab283a77a3cd21bad6ec28a918083cdc1588bf62b4bef03637ba
sources/code_and_prior_config/px4_rest_audit_20261002/usb_identity_shell.txt,1708,41bce0fd31b5a3be38c998e7be4bf39d6249b52c14abfd626ded8c2616abf304
sources/code_and_prior_config/src/imac_interfaces/msg/PathWithArcLength.msg,184,55c0a0479c84c4801208085fd6702e03db590efc1f7240fe4e3211935b1bb5d4
sources/code_and_prior_config/src/mpclib_vendor/mpclib_vendor/third_party/miqplib/src/daqp/CMakeLists.txt,3120,5f07b429a316f66623c068c84459851bd26a0aa22618956a38975316c4fa51e5
sources/code_and_prior_config/src/virtual_control/docs/upper_stage_timing.md,2834,cb1831bc6f92460ce08130bc5f2acba92ccf9a2a009f99270665acabce1b9f8c
sources/code_and_prior_config/src/virtual_control/include/virtual_control/planner_stage_timer.hpp,1666,6c54434ab6250f291d7a9464b430e427d2e7fa6e48fb7f631a262f5a1250515d
sources/code_and_prior_config/src/virtual_control/scripts/knu_batch_monitor.py,5428,89f84d1aeeeaa2c182133b940ae467775181d6ecb9a08aed3fe2f3929d7366db
sources/code_and_prior_config/src/virtual_control/scripts/knu_batch_runner.py,21223,4ad229ea0ee689e32cb636a6d44550f653b899a257e7d62fdf0cdd9381770cbc
sources/code_and_prior_config/src/virtual_control/scripts/px4_ekf_bridge.py,52427,adbf5d3b471ebe8350b2772ae6f0a5ab1a15757c11d9e3dc2764fcd6a02e9993
sources/code_and_prior_config/src/virtual_control/src/lower_tracking_mpc_node.cpp,82570,427384bfa92c947b4fb1f2d3f46cd8569db541ba76c0b1a5868444e9d290ac39
sources/code_and_prior_config/src/virtual_control/src/px4_odom_map_bridge_node.cpp,16167,98c515d2eed8494912b1e6ec7f194328ba84cceff926b76bbcff05ab7407d90b
sources/code_and_prior_config/src/virtual_control/src/tracking_control.cpp,142886,eac9ac542ebd83e72ade2d5eacfb93b6d9449d16945b34d76b4e2d2162e939e7
sources/code_source_inventory.csv,4670,929e3fe38d794ae4a71b606b5a4240f0ad5f56976c36532c2d03a301aad61491
sources/combined_pdf_contents.csv,770,a51f5de4ea5917e07b1115cdbacfa0b9db809fdc12da5bae1cc21570d1fc7163
sources/figure_provenance.csv,19909,99791c42e618fe07cdc1f1db422ba9b5c588bb5d6d2a3538f9e38211afcfe0ba
sources/final_validation.json,16579,7fad96fa64d45b51b8dbaa72a5864b33649a1a062675a2eca2fc94560be320a5
sources/historical_input_originals.csv,3208,d1a828f15074d0abbc54350d6d8df110f39321484e8bb5c7ff11d9d68002348a
sources/metric_provenance.csv,1878,8ecec33693fa8a9ff82c7281f38fb7fcfb7be89e0354147adba5d8c12f8bc7a3
sources/operating_files_before.json,13934,8b3a75a90fbe99b1dc900d5515ff6823ea69618a85d4405c92956602e628baf4
sources/original_files.csv,9719,02e84bce6814be283f923a875ced5c72c2adcec60e2867acbee97c4e3538007e
sources/raw_archive_inventory.csv,31103,0e48b457c3200294f96116962e980b8db6cc60b34a1dff21b6dd8b2ac1402669
sources/run_hash_vs_current.csv,2136,0a719b520a7e56cce59be38de5ab63262c160a4a882cab6e02c7b35adc4e22f6
sources/signal_dictionary.csv,6191,c66f4c43e543bf1688cb1d02c77239efaf751496b6be6d2ef855ebd242a2808c
supplement.py,19872,97b1ea08f31f5977b1b502daf4102b8c323dfc376625fdbc5ebd8fd093310eba
tables/all_recorded_batch_result_rows.csv,10402,66fa3dece0e0eb1b94011370c2e3da0042d77a329d53a3c9c1b6c09429228c89
tables/all_recorded_batches_inventory.csv,2157,d929d902c187eac55b5e4f9a2086c335dbd55667c6579f51298a922e02c1e7c0
tables/applied_settings.csv,78352,43a7b9ca6466cc35ddf120a8f957b6f867af1f7e7e3bc929bd7e9c32afb02ce3
tables/config_crosschecks.json,34531,5b71d4ee081bb687942bd750079cca7c9deacf710f3af4d82fd5e7ed6cace88c
tables/event_counts_by_scope.csv,1073,8c0199e80d1cb6ec0717f1fe62f37af1a573cd92f60d460d93fd95ffbc128a2d
tables/exit_and_road_results.csv,7090,684d64bd5c19caa59d0e88daf9e755864dc25d3dee52603c32e21cc22a46abda
tables/extraction_validation.json,576,583fa01e054e15127d3c0d586f75a4677e040ebad0c8f6a0add743da5c0a8453
tables/failure_and_mode_events.csv,348435,cb79641d21a345749a70f4e34e655f911059d145a0296e27c9f064832055316a
tables/grid_and_state_rates.csv,2188,677dc465da541e50efdc3a4be713b7b96eb1d8340d055aefd3e8daf72bf6ffaa
tables/historical_input_loss.json,572,36b415065d632e8f05e8ba6d3db076ef632ee88a797fde805af05784c8a89266
tables/missing_data.csv,3113,a602f250fe324f77c5be75cb318c1e63e87ce0dc7de48fc5a5108d57f705aa85
tables/output_rate_exceedances.csv,40070,917e0c5284cf88b38b26ae88edc575076160860310850159e3e634f5e234d8ef
tables/plan_interval_checks.csv.gz,196209,2177e89b34591c77d3b97c6895ca1314200c88cdc3cd5bc393e3baceeb1d8a3a
tables/plan_interval_summary.json,672,64f83453c4a22e00318e4710f18e8f5d0b7a90281f93a3a5c46cfea082e7f7bd
tables/runtime_statistics.csv,13570,d3dbdb983033059d2b5ae5bd9b5939bb38eb5fb2b716ee203addda702e6ce2ee
tables/s1_cycle_times.csv.gz,62731,5c452fdeb4bb1afaacf63df05a13b5df205534b95b32588b443119dd7eb4f499
tables/s1_input_inventory.json,1376,c51369163cda598170cac3820be7d0824f27f17c32d1bb3d748bad4ac33b8553
tables/s2_cycle_times.csv.gz,69663,c0cfb98356c26ffb3e8de53cfaf041218e5a4b0e7257ab36fe52fe68d0e7c7f0
tables/s2_input_inventory.json,1377,46349ed3a2417250c20fc7c3f68cef482e7e028244eb2e2b07f8113a12519261
tables/s3_cycle_times.csv.gz,56272,4ee28c6dc182df086b858acc9b653e1f00db6bf285232b5fe727470f4027dfb0
tables/s3_input_inventory.json,1377,6c4165886665a31d3c5fea0a6f5210eb0d6a0ce9b1ffa20e5f45f3c6da3b9c31
tables/scenario_summary.csv,777,5343931f08813d50494214793c03c8c6735f527cd393f4ecfff4a9e763761e91
tables/trials.csv,19740,4239eebb3a3f42d35ec00d0df69c0163dc1e950bb9411bf226c2e1a74df336cf
tables/upper_deadline_overrun_record.json,2389,91440821cb6f990495cb2cbbdb744c0a779e4251459922e242f4bbd4a898e4d6
