original,copy,sha256,scope
/home/imac/ros2_ws/README_HILS.md,sources/code_and_prior_config/README_HILS.md,b727a6dae997548a51abc217ad64e0b4de8eb33713e6e3a604d43c8b17359821,current source or dated prior evidence; not all are per-run snapshots
/home/imac/ros2_ws/src/virtual_control/src/tracking_control.cpp,sources/code_and_prior_config/src/virtual_control/src/tracking_control.cpp,eac9ac542ebd83e72ade2d5eacfb93b6d9449d16945b34d76b4e2d2162e939e7,current source or dated prior evidence; not all are per-run snapshots
/home/imac/ros2_ws/src/virtual_control/src/lower_tracking_mpc_node.cpp,sources/code_and_prior_config/src/virtual_control/src/lower_tracking_mpc_node.cpp,427384bfa92c947b4fb1f2d3f46cd8569db541ba76c0b1a5868444e9d290ac39,current source or dated prior evidence; not all are per-run snapshots
/home/imac/ros2_ws/src/virtual_control/src/px4_odom_map_bridge_node.cpp,sources/code_and_prior_config/src/virtual_control/src/px4_odom_map_bridge_node.cpp,98c515d2eed8494912b1e6ec7f194328ba84cceff926b76bbcff05ab7407d90b,current source or dated prior evidence; not all are per-run snapshots
/home/imac/ros2_ws/src/virtual_control/scripts/px4_ekf_bridge.py,sources/code_and_prior_config/src/virtual_control/scripts/px4_ekf_bridge.py,adbf5d3b471ebe8350b2772ae6f0a5ab1a15757c11d9e3dc2764fcd6a02e9993,current source or dated prior evidence; not all are per-run snapshots
/home/imac/ros2_ws/src/virtual_control/scripts/knu_batch_monitor.py,sources/code_and_prior_config/src/virtual_control/scripts/knu_batch_monitor.py,89f84d1aeeeaa2c182133b940ae467775181d6ecb9a08aed3fe2f3929d7366db,current source or dated prior evidence; not all are per-run snapshots
/home/imac/ros2_ws/src/virtual_control/scripts/knu_batch_runner.py,sources/code_and_prior_config/src/virtual_control/scripts/knu_batch_runner.py,4ad229ea0ee689e32cb636a6d44550f653b899a257e7d62fdf0cdd9381770cbc,current source or dated prior evidence; not all are per-run snapshots
/home/imac/ros2_ws/src/virtual_control/include/virtual_control/planner_stage_timer.hpp,sources/code_and_prior_config/src/virtual_control/include/virtual_control/planner_stage_timer.hpp,6c54434ab6250f291d7a9464b430e427d2e7fa6e48fb7f631a262f5a1250515d,current source or dated prior evidence; not all are per-run snapshots
/home/imac/ros2_ws/src/virtual_control/docs/upper_stage_timing.md,sources/code_and_prior_config/src/virtual_control/docs/upper_stage_timing.md,cb1831bc6f92460ce08130bc5f2acba92ccf9a2a009f99270665acabce1b9f8c,current source or dated prior evidence; not all are per-run snapshots
/home/imac/ros2_ws/src/imac_interfaces/msg/PathWithArcLength.msg,sources/code_and_prior_config/src/imac_interfaces/msg/PathWithArcLength.msg,55c0a0479c84c4801208085fd6702e03db590efc1f7240fe4e3211935b1bb5d4,current source or dated prior evidence; not all are per-run snapshots
/home/imac/ros2_ws/src/mpclib_vendor/mpclib_vendor/third_party/miqplib/src/daqp/CMakeLists.txt,sources/code_and_prior_config/src/mpclib_vendor/mpclib_vendor/third_party/miqplib/src/daqp/CMakeLists.txt,5f07b429a316f66623c068c84459851bd26a0aa22618956a38975316c4fa51e5,current source or dated prior evidence; not all are per-run snapshots
/home/imac/ros2_ws/followup_20261006/interval_consistency/bev_source/rgb_to_occupancy.original.cpp,sources/code_and_prior_config/followup_20261006/interval_consistency/bev_source/rgb_to_occupancy.original.cpp,a31714ef7945631cd04662d9b9284e01ebf82b63015879064c7286486982e775,current source or dated prior evidence; not all are per-run snapshots
/home/imac/ros2_ws/followup_20261006/interval_consistency/bev_source/DIAGNOSTICS_README.txt,sources/code_and_prior_config/followup_20261006/interval_consistency/bev_source/DIAGNOSTICS_README.txt,e6917edc52e46e3204b67bcc50acf8a47343038164e099a0d07ff5630f64c3f1,current source or dated prior evidence; not all are per-run snapshots
/home/imac/ros2_ws/px4_rest_audit_20261002/usb_identity_shell.txt,sources/code_and_prior_config/px4_rest_audit_20261002/usb_identity_shell.txt,41bce0fd31b5a3be38c998e7be4bf39d6249b52c14abfd626ded8c2616abf304,current source or dated prior evidence; not all are per-run snapshots
/home/imac/ros2_ws/px4_followup_20261003/identity_shell.txt,sources/code_and_prior_config/px4_followup_20261003/identity_shell.txt,549555f71904ab283a77a3cd21bad6ec28a918083cdc1588bf62b4bef03637ba,current source or dated prior evidence; not all are per-run snapshots
/home/imac/ros2_ws/followup_20261006/HANDOFF_20261006_branch_steering.txt,sources/code_and_prior_config/followup_20261006/HANDOFF_20261006_branch_steering.txt,ebbee3f6b98a44e9f181efdf0e84f5adba86e5b13a92b9292da952c663466d06,current source or dated prior evidence; not all are per-run snapshots
