order,source_pdf
1,figures/00_evidence_tables.pdf
2,figures/00_HIL_configuration.pdf
3,figures/01_all_routes.pdf
4,figures/03_s1_a06_branch_zoom.pdf
5,figures/03_s2_a01_branch_zoom.pdf
6,figures/03_s3_a01_branch_zoom.pdf
7,figures/03_s3_a01_curve_zoom.pdf
8,figures/04_s3_a01_histories.pdf
9,figures/03_s1_a09_wrong_exit_zoom.pdf
10,figures/03_s1_a01_failure_zoom.pdf
11,figures/03_s2_a01_failure_zoom.pdf
12,figures/03_s3_a04_failure_zoom.pdf
13,figures/04_s2_a01_histories.pdf
14,figures/05_runtime_distributions.pdf
15,figures/06_failures_all_trials.pdf
16,figures/07_upper_deadline_overrun.pdf
17,figures/08_historical_input_loss.pdf
18,figures/02_s1_all_10_attempts.pdf
19,figures/02_s2_all_10_attempts.pdf
20,figures/02_s3_all_10_attempts.pdf
