figure,scope,timestamps_ros_s,signals,method
figures/01_all_routes.pdf,latest 30 attempts,,odom_map; global_path; upper_branch_event; batch status; occupancy_grid,running solid; coasting dotted; grid mosaic 0.5m; >=50% drivable vote; each run own frame alignment
figures/01_all_routes.png,latest 30 attempts,,odom_map; global_path; upper_branch_event; batch status; occupancy_grid,running solid; coasting dotted; grid mosaic 0.5m; >=50% drivable vote; each run own frame alignment
figures/02_s1_all_10_attempts.pdf,"scenario1, attempts 1–10",,"odom_map; lower_mpc_trace[0,4,6,7,10,12,26,27]; batch phases",all error-valid running samples; neutral missing errors shown as gaps; output command rad to deg
figures/02_s1_all_10_routes.pdf,"scenario1, all10",,odom_map; grid; upper events; route,per-attempt full trajectory including coast
figures/02_s1_all_10_routes.png,"scenario1, all10",,odom_map; grid; upper events; route,per-attempt full trajectory including coast
figures/02_s2_all_10_attempts.pdf,"scenario2, attempts 1–10",,"odom_map; lower_mpc_trace[0,4,6,7,10,12,26,27]; batch phases",all error-valid running samples; neutral missing errors shown as gaps; output command rad to deg
figures/02_s2_all_10_routes.pdf,"scenario2, all10",,odom_map; grid; upper events; route,per-attempt full trajectory including coast
figures/02_s2_all_10_routes.png,"scenario2, all10",,odom_map; grid; upper events; route,per-attempt full trajectory including coast
figures/02_s3_all_10_attempts.pdf,"scenario3, attempts 1–10",,"odom_map; lower_mpc_trace[0,4,6,7,10,12,26,27]; batch phases",all error-valid running samples; neutral missing errors shown as gaps; output command rad to deg
figures/02_s3_all_10_routes.pdf,"scenario3, all10",,odom_map; grid; upper events; route,per-attempt full trajectory including coast
figures/02_s3_all_10_routes.png,"scenario3, all10",,odom_map; grid; upper events; route,per-attempt full trajectory including coast
figures/03_s1_a06_branch_zoom.pdf,20261008_182344_scenario1_0cefb5 A06,"1791451780.1281807,1791451783.12835,1791451786.6284285,1791451791.1284997",occupancy_grid; upper_branch_event; global_path; lower_reference_path/with_arclength; odom_map,all times and raw grid/path association in scenes/scene_manifest.json; candidate IDs local to cycle
figures/03_s1_a06_branch_zoom.png,20261008_182344_scenario1_0cefb5 A06,"1791451780.1281807,1791451783.12835,1791451786.6284285,1791451791.1284997",occupancy_grid; upper_branch_event; global_path; lower_reference_path/with_arclength; odom_map,all times and raw grid/path association in scenes/scene_manifest.json; candidate IDs local to cycle
figures/03_s1_a06_branch_full.pdf,20261008_182344_scenario1_0cefb5 A06,"1791451780.1281807,1791451783.12835,1791451786.6284285,1791451791.1284997",occupancy_grid; upper_branch_event; global_path; lower_reference_path/with_arclength; odom_map,all times and raw grid/path association in scenes/scene_manifest.json; candidate IDs local to cycle
figures/03_s1_a06_branch_full.png,20261008_182344_scenario1_0cefb5 A06,"1791451780.1281807,1791451783.12835,1791451786.6284285,1791451791.1284997",occupancy_grid; upper_branch_event; global_path; lower_reference_path/with_arclength; odom_map,all times and raw grid/path association in scenes/scene_manifest.json; candidate IDs local to cycle
figures/03_s1_a09_wrong_exit_zoom.pdf,20261008_182344_scenario1_0cefb5 A09,"1791451976.1334834,1791451978.13365,1791451981.6336753,1791451984.633588",occupancy_grid; upper_branch_event; global_path; lower_reference_path/with_arclength; odom_map,all times and raw grid/path association in scenes/scene_manifest.json; candidate IDs local to cycle
figures/03_s1_a09_wrong_exit_zoom.png,20261008_182344_scenario1_0cefb5 A09,"1791451976.1334834,1791451978.13365,1791451981.6336753,1791451984.633588",occupancy_grid; upper_branch_event; global_path; lower_reference_path/with_arclength; odom_map,all times and raw grid/path association in scenes/scene_manifest.json; candidate IDs local to cycle
figures/03_s1_a09_wrong_exit_full.pdf,20261008_182344_scenario1_0cefb5 A09,"1791451976.1334834,1791451978.13365,1791451981.6336753,1791451984.633588",occupancy_grid; upper_branch_event; global_path; lower_reference_path/with_arclength; odom_map,all times and raw grid/path association in scenes/scene_manifest.json; candidate IDs local to cycle
figures/03_s1_a09_wrong_exit_full.png,20261008_182344_scenario1_0cefb5 A09,"1791451976.1334834,1791451978.13365,1791451981.6336753,1791451984.633588",occupancy_grid; upper_branch_event; global_path; lower_reference_path/with_arclength; odom_map,all times and raw grid/path association in scenes/scene_manifest.json; candidate IDs local to cycle
figures/03_s1_a01_sway_zoom.pdf,20261008_182344_scenario1_0cefb5 A01,"1791451457.1196997,1791451459.6196973,1791451460.619597,1791451462.1198308",occupancy_grid; upper_branch_event; global_path; lower_reference_path/with_arclength; odom_map,all times and raw grid/path association in scenes/scene_manifest.json; candidate IDs local to cycle
figures/03_s1_a01_sway_zoom.png,20261008_182344_scenario1_0cefb5 A01,"1791451457.1196997,1791451459.6196973,1791451460.619597,1791451462.1198308",occupancy_grid; upper_branch_event; global_path; lower_reference_path/with_arclength; odom_map,all times and raw grid/path association in scenes/scene_manifest.json; candidate IDs local to cycle
figures/03_s1_a01_sway_full.pdf,20261008_182344_scenario1_0cefb5 A01,"1791451457.1196997,1791451459.6196973,1791451460.619597,1791451462.1198308",occupancy_grid; upper_branch_event; global_path; lower_reference_path/with_arclength; odom_map,all times and raw grid/path association in scenes/scene_manifest.json; candidate IDs local to cycle
figures/03_s1_a01_sway_full.png,20261008_182344_scenario1_0cefb5 A01,"1791451457.1196997,1791451459.6196973,1791451460.619597,1791451462.1198308",occupancy_grid; upper_branch_event; global_path; lower_reference_path/with_arclength; odom_map,all times and raw grid/path association in scenes/scene_manifest.json; candidate IDs local to cycle
figures/03_s1_a01_failure_zoom.pdf,20261008_182344_scenario1_0cefb5 A01,"1791451463.1198356,1791451464.1197977,1791451465.1198504,1791451467.1199315",occupancy_grid; upper_branch_event; global_path; lower_reference_path/with_arclength; odom_map,all times and raw grid/path association in scenes/scene_manifest.json; candidate IDs local to cycle
figures/03_s1_a01_failure_zoom.png,20261008_182344_scenario1_0cefb5 A01,"1791451463.1198356,1791451464.1197977,1791451465.1198504,1791451467.1199315",occupancy_grid; upper_branch_event; global_path; lower_reference_path/with_arclength; odom_map,all times and raw grid/path association in scenes/scene_manifest.json; candidate IDs local to cycle
figures/03_s1_a01_failure_full.pdf,20261008_182344_scenario1_0cefb5 A01,"1791451463.1198356,1791451464.1197977,1791451465.1198504,1791451467.1199315",occupancy_grid; upper_branch_event; global_path; lower_reference_path/with_arclength; odom_map,all times and raw grid/path association in scenes/scene_manifest.json; candidate IDs local to cycle
figures/03_s1_a01_failure_full.png,20261008_182344_scenario1_0cefb5 A01,"1791451463.1198356,1791451464.1197977,1791451465.1198504,1791451467.1199315",occupancy_grid; upper_branch_event; global_path; lower_reference_path/with_arclength; odom_map,all times and raw grid/path association in scenes/scene_manifest.json; candidate IDs local to cycle
figures/03_s2_a01_branch_zoom.pdf,20261008_183952_scenario2_5524df A01,"1791452409.7293375,1791452413.2294157,1791452415.7294714,1791452419.2295916",occupancy_grid; upper_branch_event; global_path; lower_reference_path/with_arclength; odom_map,all times and raw grid/path association in scenes/scene_manifest.json; candidate IDs local to cycle
figures/03_s2_a01_branch_zoom.png,20261008_183952_scenario2_5524df A01,"1791452409.7293375,1791452413.2294157,1791452415.7294714,1791452419.2295916",occupancy_grid; upper_branch_event; global_path; lower_reference_path/with_arclength; odom_map,all times and raw grid/path association in scenes/scene_manifest.json; candidate IDs local to cycle
figures/03_s2_a01_branch_full.pdf,20261008_183952_scenario2_5524df A01,"1791452409.7293375,1791452413.2294157,1791452415.7294714,1791452419.2295916",occupancy_grid; upper_branch_event; global_path; lower_reference_path/with_arclength; odom_map,all times and raw grid/path association in scenes/scene_manifest.json; candidate IDs local to cycle
figures/03_s2_a01_branch_full.png,20261008_183952_scenario2_5524df A01,"1791452409.7293375,1791452413.2294157,1791452415.7294714,1791452419.2295916",occupancy_grid; upper_branch_event; global_path; lower_reference_path/with_arclength; odom_map,all times and raw grid/path association in scenes/scene_manifest.json; candidate IDs local to cycle
figures/03_s2_a01_failure_zoom.pdf,20261008_183952_scenario2_5524df A01,"1791452440.230187,1791452441.2302518,1791452443.230322,1791452474.2313375",occupancy_grid; upper_branch_event; global_path; lower_reference_path/with_arclength; odom_map,all times and raw grid/path association in scenes/scene_manifest.json; candidate IDs local to cycle
figures/03_s2_a01_failure_zoom.png,20261008_183952_scenario2_5524df A01,"1791452440.230187,1791452441.2302518,1791452443.230322,1791452474.2313375",occupancy_grid; upper_branch_event; global_path; lower_reference_path/with_arclength; odom_map,all times and raw grid/path association in scenes/scene_manifest.json; candidate IDs local to cycle
figures/03_s2_a01_failure_full.pdf,20261008_183952_scenario2_5524df A01,"1791452440.230187,1791452441.2302518,1791452443.230322,1791452474.2313375",occupancy_grid; upper_branch_event; global_path; lower_reference_path/with_arclength; odom_map,all times and raw grid/path association in scenes/scene_manifest.json; candidate IDs local to cycle
figures/03_s2_a01_failure_full.png,20261008_183952_scenario2_5524df A01,"1791452440.230187,1791452441.2302518,1791452443.230322,1791452474.2313375",occupancy_grid; upper_branch_event; global_path; lower_reference_path/with_arclength; odom_map,all times and raw grid/path association in scenes/scene_manifest.json; candidate IDs local to cycle
figures/03_s3_a01_branch_zoom.pdf,20261008_185426_scenario3_72c4df A01,"1791453295.5213943,1791453299.0214832,1791453302.021666,1791453305.5215948",occupancy_grid; upper_branch_event; global_path; lower_reference_path/with_arclength; odom_map,all times and raw grid/path association in scenes/scene_manifest.json; candidate IDs local to cycle
figures/03_s3_a01_branch_zoom.png,20261008_185426_scenario3_72c4df A01,"1791453295.5213943,1791453299.0214832,1791453302.021666,1791453305.5215948",occupancy_grid; upper_branch_event; global_path; lower_reference_path/with_arclength; odom_map,all times and raw grid/path association in scenes/scene_manifest.json; candidate IDs local to cycle
figures/03_s3_a01_branch_full.pdf,20261008_185426_scenario3_72c4df A01,"1791453295.5213943,1791453299.0214832,1791453302.021666,1791453305.5215948",occupancy_grid; upper_branch_event; global_path; lower_reference_path/with_arclength; odom_map,all times and raw grid/path association in scenes/scene_manifest.json; candidate IDs local to cycle
figures/03_s3_a01_branch_full.png,20261008_185426_scenario3_72c4df A01,"1791453295.5213943,1791453299.0214832,1791453302.021666,1791453305.5215948",occupancy_grid; upper_branch_event; global_path; lower_reference_path/with_arclength; odom_map,all times and raw grid/path association in scenes/scene_manifest.json; candidate IDs local to cycle
figures/03_s3_a01_curve_zoom.pdf,20261008_185426_scenario3_72c4df A01,"1791453282.5213053,1791453286.0212176,1791453289.5211546",occupancy_grid; upper_branch_event; global_path; lower_reference_path/with_arclength; odom_map,all times and raw grid/path association in scenes/scene_manifest.json; candidate IDs local to cycle
figures/03_s3_a01_curve_zoom.png,20261008_185426_scenario3_72c4df A01,"1791453282.5213053,1791453286.0212176,1791453289.5211546",occupancy_grid; upper_branch_event; global_path; lower_reference_path/with_arclength; odom_map,all times and raw grid/path association in scenes/scene_manifest.json; candidate IDs local to cycle
figures/03_s3_a01_curve_full.pdf,20261008_185426_scenario3_72c4df A01,"1791453282.5213053,1791453286.0212176,1791453289.5211546",occupancy_grid; upper_branch_event; global_path; lower_reference_path/with_arclength; odom_map,all times and raw grid/path association in scenes/scene_manifest.json; candidate IDs local to cycle
figures/03_s3_a01_curve_full.png,20261008_185426_scenario3_72c4df A01,"1791453282.5213053,1791453286.0212176,1791453289.5211546",occupancy_grid; upper_branch_event; global_path; lower_reference_path/with_arclength; odom_map,all times and raw grid/path association in scenes/scene_manifest.json; candidate IDs local to cycle
figures/03_s3_a04_failure_zoom.pdf,20261008_185426_scenario3_72c4df A04,"1791453473.526703,1791453474.5268059,1791453475.526873,1791453477.5268276",occupancy_grid; upper_branch_event; global_path; lower_reference_path/with_arclength; odom_map,all times and raw grid/path association in scenes/scene_manifest.json; candidate IDs local to cycle
figures/03_s3_a04_failure_zoom.png,20261008_185426_scenario3_72c4df A04,"1791453473.526703,1791453474.5268059,1791453475.526873,1791453477.5268276",occupancy_grid; upper_branch_event; global_path; lower_reference_path/with_arclength; odom_map,all times and raw grid/path association in scenes/scene_manifest.json; candidate IDs local to cycle
figures/03_s3_a04_failure_full.pdf,20261008_185426_scenario3_72c4df A04,"1791453473.526703,1791453474.5268059,1791453475.526873,1791453477.5268276",occupancy_grid; upper_branch_event; global_path; lower_reference_path/with_arclength; odom_map,all times and raw grid/path association in scenes/scene_manifest.json; candidate IDs local to cycle
figures/03_s3_a04_failure_full.png,20261008_185426_scenario3_72c4df A04,"1791453473.526703,1791453474.5268059,1791453475.526873,1791453477.5268276",occupancy_grid; upper_branch_event; global_path; lower_reference_path/with_arclength; odom_map,all times and raw grid/path association in scenes/scene_manifest.json; candidate IDs local to cycle
figures/04_s1_a01_histories.pdf,20261008_182344_scenario1_0cefb5 A1,1791451433.0415125..1791451493.949985,lower_mpc_trace; upper events; batch phases,recorded values; valid errors only; radians converted to degrees for plots
figures/04_s1_a01_histories.png,20261008_182344_scenario1_0cefb5 A1,1791451433.0415125..1791451493.949985,lower_mpc_trace; upper events; batch phases,recorded values; valid errors only; radians converted to degrees for plots
figures/04_s1_a06_histories.pdf,20261008_182344_scenario1_0cefb5 A6,1791451755.4402409..1791451816.8454175,lower_mpc_trace; upper events; batch phases,recorded values; valid errors only; radians converted to degrees for plots
figures/04_s1_a06_histories.png,20261008_182344_scenario1_0cefb5 A6,1791451755.4402409..1791451816.8454175,lower_mpc_trace; upper events; batch phases,recorded values; valid errors only; radians converted to degrees for plots
figures/04_s1_a09_histories.pdf,20261008_182344_scenario1_0cefb5 A9,1791451950.4425724..1791452006.4449894,lower_mpc_trace; upper events; batch phases,recorded values; valid errors only; radians converted to degrees for plots
figures/04_s1_a09_histories.png,20261008_182344_scenario1_0cefb5 A9,1791451950.4425724..1791452006.4449894,lower_mpc_trace; upper events; batch phases,recorded values; valid errors only; radians converted to degrees for plots
figures/04_s2_a01_histories.pdf,20261008_183952_scenario2_5524df A1,1791452401.1279013..1791452475.830763,lower_mpc_trace; upper events; batch phases,recorded values; valid errors only; radians converted to degrees for plots
figures/04_s2_a01_histories.png,20261008_183952_scenario2_5524df A1,1791452401.1279013..1791452475.830763,lower_mpc_trace; upper events; batch phases,recorded values; valid errors only; radians converted to degrees for plots
figures/04_s2_a03_histories.pdf,20261008_183952_scenario2_5524df A3,1791452554.9282131..1791452622.832517,lower_mpc_trace; upper events; batch phases,recorded values; valid errors only; radians converted to degrees for plots
figures/04_s2_a03_histories.png,20261008_183952_scenario2_5524df A3,1791452554.9282131..1791452622.832517,lower_mpc_trace; upper events; batch phases,recorded values; valid errors only; radians converted to degrees for plots
figures/04_s3_a01_histories.pdf,20261008_185426_scenario3_72c4df A1,1791453275.369991..1791453329.4719765,lower_mpc_trace; upper events; batch phases,recorded values; valid errors only; radians converted to degrees for plots
figures/04_s3_a01_histories.png,20261008_185426_scenario3_72c4df A1,1791453275.369991..1791453329.4719765,lower_mpc_trace; upper events; batch phases,recorded values; valid errors only; radians converted to degrees for plots
figures/04_s3_a04_histories.pdf,20261008_185426_scenario3_72c4df A4,1791453448.168023..1791453501.6766624,lower_mpc_trace; upper events; batch phases,recorded values; valid errors only; radians converted to degrees for plots
figures/04_s3_a04_histories.png,20261008_185426_scenario3_72c4df A4,1791453448.168023..1791453501.6766624,lower_mpc_trace; upper events; batch phases,recorded values; valid errors only; radians converted to degrees for plots
figures/05_runtime_distributions.pdf,"latest30, running only",,"upper_stage_timing; lower_mpc_trace[11,24]",CDF uses all measured calls including failed solves; report overhead matched from next cycle_seq
figures/05_runtime_distributions.png,"latest30, running only",,"upper_stage_timing; lower_mpc_trace[11,24]",CDF uses all measured calls including failed solves; report overhead matched from next cycle_seq
figures/06_failures_all_trials.pdf,"latest30, running only",,upper_branch_event; lower_trace fallback_mode; batch phase,"all failed upper cycles shown, including no-solver candidate failures; neutral mode shown separately"
figures/06_failures_all_trials.png,"latest30, running only",,upper_branch_event; lower_trace fallback_mode; batch phase,"all failed upper cycles shown, including no-solver candidate failures; neutral mode shown separately"
figures/00_HIL_configuration.pdf,latest applied configs + historical board capture,,effective_config; controllers.log; px4_ekf_bridge source; prior board identity,functional diagram; Isaac host and exact scene/version require additional capture
figures/00_HIL_configuration.png,latest applied configs + historical board capture,,effective_config; controllers.log; px4_ekf_bridge source; prior board identity,functional diagram; Isaac host and exact scene/version require additional capture
figures/00_evidence_tables.pdf,latest30; configuration evidence,latest30; configuration evidence,tables/scenario_summary.csv; runtime_statistics.csv; configs,display of recomputable tables
figures/07_upper_deadline_overrun.pdf,S2 A02; plan254; t=1791452526.7327998,S2 A02; plan254; t=1791452526.7327998,signals/s2_upper_stage_timing.jsonl.gz,wall vs CPU by stage; no root-cause attribution
figures/07_upper_deadline_overrun.png,S2 A02; plan254; t=1791452526.7327998,S2 A02; plan254; t=1791452526.7327998,signals/s2_upper_stage_timing.jsonl.gz,wall vs CPU by stage; no root-cause attribution
figures/08_historical_input_loss.pdf,20261008_173306_scenario1_756dad A05; last1791448677.6254458,20261008_173306_scenario1_756dad A05; last1791448677.6254458,historical input bag; signals/historical_s1_a05_*,break pose across gap; stale lower state annotated
figures/08_historical_input_loss.png,20261008_173306_scenario1_756dad A05; last1791448677.6254458,20261008_173306_scenario1_756dad A05; last1791448677.6254458,historical input bag; signals/historical_s1_a05_*,break pose across gap; stale lower state annotated
