file,sha256,scope,run_id
/home/imac/ros2_ws/drive_batches/20261008_173306_scenario1_756dad/bag/bag_3.mcap,f74f7455866bb48a5a8e26bf501a59a15aebcdd9725eeb63bb9772a1312476f4,historical input loss appendix,20261008_173306_scenario1_756dad
/home/imac/ros2_ws/drive_batches/20261008_173306_scenario1_756dad/bag/bag_5.mcap,0925bf2e2d24f90952305fa54f72e8293e9c6ed4a51a6664b36d7dad0297a4f1,historical input loss appendix,20261008_173306_scenario1_756dad
/home/imac/ros2_ws/drive_batches/20261008_173306_scenario1_756dad/bag/bag_0.mcap,d60b08e0e3cffefd83ccfd52ed5e1b71bc8252078f7b940d05cdc46d180fc922,historical input loss appendix,20261008_173306_scenario1_756dad
/home/imac/ros2_ws/drive_batches/20261008_173306_scenario1_756dad/bag/bag_10.mcap,0a996f2bf7955029c8eda9996b10048732ca892e54c588806dd89a1a23d3812e,historical input loss appendix,20261008_173306_scenario1_756dad
/home/imac/ros2_ws/drive_batches/20261008_173306_scenario1_756dad/bag/bag_9.mcap,114f3e5c770b9e74c467801ec23b5f82131616356ac63405b88c41208c3bc7ca,historical input loss appendix,20261008_173306_scenario1_756dad
/home/imac/ros2_ws/drive_batches/20261008_173306_scenario1_756dad/bag/bag_1.mcap,23518ca8661f2c3d3620aab25d4fa710e77dda5e0e08fd157aaf025258940c44,historical input loss appendix,20261008_173306_scenario1_756dad
/home/imac/ros2_ws/drive_batches/20261008_173306_scenario1_756dad/bag/metadata.yaml,c897017ee412ba7c52fb915d0942c9ea23ddba0aaca405df45657f8b4af2d2f8,historical input loss appendix,20261008_173306_scenario1_756dad
/home/imac/ros2_ws/drive_batches/20261008_173306_scenario1_756dad/bag/bag_7.mcap,261c202806d1063063ed92f69436cf6bf25c6f182e1f021c270ade1751e78a9c,historical input loss appendix,20261008_173306_scenario1_756dad
/home/imac/ros2_ws/drive_batches/20261008_173306_scenario1_756dad/bag/bag_8.mcap,f4ac054d38c047b25fc74e27e6dec3233f76e07fbf9105971586aecb9ad4edb1,historical input loss appendix,20261008_173306_scenario1_756dad
/home/imac/ros2_ws/drive_batches/20261008_173306_scenario1_756dad/bag/bag_2.mcap,0889108fbed0a92ae6e53a7160f1bb4fedaa7c3e57493eaafbc2b7150f87b94c,historical input loss appendix,20261008_173306_scenario1_756dad
/home/imac/ros2_ws/drive_batches/20261008_173306_scenario1_756dad/bag/bag_4.mcap,1a4f4c0d6c42a468e2465de2ee9cfd3126bdf1fb17fdec643d288153dfc56116,historical input loss appendix,20261008_173306_scenario1_756dad
/home/imac/ros2_ws/drive_batches/20261008_173306_scenario1_756dad/bag/bag_6.mcap,439dc8644f25a072c835e5ebfe4d5181d11ab0d2b47ceba933ffd42740696778,historical input loss appendix,20261008_173306_scenario1_756dad
/home/imac/ros2_ws/drive_batches/20261008_173306_scenario1_756dad/effective_config.yaml,4fa658e87c7aacaafd6222dc7e8a74b46b498070712509e61aa08f523550efcc,historical input loss appendix,20261008_173306_scenario1_756dad
/home/imac/ros2_ws/drive_batches/20261008_173306_scenario1_756dad/controllers.log,15c9c30e7df9900b98c4cf84faa746f38ca8f595c8ae514b2378c81fdaa5f1fd,historical input loss appendix,20261008_173306_scenario1_756dad
/home/imac/ros2_ws/drive_batches/20261008_173306_scenario1_756dad/session_result.json,33563dfa4f1d44b90fdfeca3ca9e50f960db06fb820e6156700de5b6045d13ff,historical input loss appendix,20261008_173306_scenario1_756dad
