scenario,run_id,file,bytes,sha256,role
1,20261008_182344_scenario1_0cefb5,/home/imac/ros2_ws/drive_batches/20261008_182344_scenario1_0cefb5/bag/bag_3.mcap,1192256,513bacf00f2741eb734a6a8d3c628474c60cc07bab3e3f697a23097d75cfe9d9,original log/config
1,20261008_182344_scenario1_0cefb5,/home/imac/ros2_ws/drive_batches/20261008_182344_scenario1_0cefb5/bag/bag_5.mcap,1162051,4ea2b1ec4712148fb51aa3ba66818b0ba71b953159d351f381794d77e44b0341,original log/config
1,20261008_182344_scenario1_0cefb5,/home/imac/ros2_ws/drive_batches/20261008_182344_scenario1_0cefb5/bag/bag_0.mcap,1178517,3aa50b3cc848c5bcf8ee2b4b90bb2dcdf34eeb75f8dcf6f196f7e9a8f71e75b1,original log/config
1,20261008_182344_scenario1_0cefb5,/home/imac/ros2_ws/drive_batches/20261008_182344_scenario1_0cefb5/bag/bag_10.mcap,986795,28e2f1db3dec8b1604395f163eee303fe9517f3b49d4201ca766706ac9486664,original log/config
1,20261008_182344_scenario1_0cefb5,/home/imac/ros2_ws/drive_batches/20261008_182344_scenario1_0cefb5/bag/bag_9.mcap,1249802,c038acf006d2f4c5e5410563c4bec8c97ce916aadb00284b0332de73c0940de5,original log/config
1,20261008_182344_scenario1_0cefb5,/home/imac/ros2_ws/drive_batches/20261008_182344_scenario1_0cefb5/bag/bag_1.mcap,1199527,c0e90c4504b77f72e6371a311a7f1c5b828ed7fd696ccf22cbf477d66996d0f6,original log/config
1,20261008_182344_scenario1_0cefb5,/home/imac/ros2_ws/drive_batches/20261008_182344_scenario1_0cefb5/bag/metadata.yaml,10529,2b50f5243b02e6b128df3b7b5ee019511f87ba04cc88ff014db8c7be2210f42e,original log/config
1,20261008_182344_scenario1_0cefb5,/home/imac/ros2_ws/drive_batches/20261008_182344_scenario1_0cefb5/bag/bag_7.mcap,1144403,0b7b103e2dcd443754f059b5fcc62f5975c13d11c6544c381cfd6344699a1c86,original log/config
1,20261008_182344_scenario1_0cefb5,/home/imac/ros2_ws/drive_batches/20261008_182344_scenario1_0cefb5/bag/bag_8.mcap,1247861,a0f60d3bf9dd80b8653e93e0a9278c60d961439da5ce749668e97a44a56973af,original log/config
1,20261008_182344_scenario1_0cefb5,/home/imac/ros2_ws/drive_batches/20261008_182344_scenario1_0cefb5/bag/bag_2.mcap,1241094,37b87e57ed6241a964536e9c58526c1e16b9f6c9575e0e30de7722e3bfcb9238,original log/config
1,20261008_182344_scenario1_0cefb5,/home/imac/ros2_ws/drive_batches/20261008_182344_scenario1_0cefb5/bag/bag_4.mcap,1186920,c8cc9c023e4853c0380e29f0bfd6bcbc21033b829c6d744687d240f6b1c6d2cc,original log/config
1,20261008_182344_scenario1_0cefb5,/home/imac/ros2_ws/drive_batches/20261008_182344_scenario1_0cefb5/bag/bag_6.mcap,1140247,7f8b83a43f89e553ba83c8d312282306b373407165896e2a151eca0ce97fbac5,original log/config
1,20261008_182344_scenario1_0cefb5,/home/imac/ros2_ws/drive_batches/20261008_182344_scenario1_0cefb5/effective_config.yaml,9104,31fa63f2dd8299f8770af335ed0758634156f03f075bb703dce07f000bc64b69,original log/config
1,20261008_182344_scenario1_0cefb5,/home/imac/ros2_ws/drive_batches/20261008_182344_scenario1_0cefb5/controllers.log,242368,0dd3ac00984119a398c742cfa020d4063babe5363fb066c1aa001138bddec350,original log/config
1,20261008_182344_scenario1_0cefb5,/home/imac/ros2_ws/drive_batches/20261008_182344_scenario1_0cefb5/session_result.json,821,7ef88c97c7ab468cfcd630cf17512ea77490d3e3420876a676a61d95e61bbc9f,original log/config
2,20261008_183952_scenario2_5524df,/home/imac/ros2_ws/drive_batches/20261008_183952_scenario2_5524df/bag/bag_3.mcap,1228391,21fb680959a5d733bdbbe499a5955a8659e33827958b65aa61119b1cfbf26d23,original log/config
2,20261008_183952_scenario2_5524df,/home/imac/ros2_ws/drive_batches/20261008_183952_scenario2_5524df/bag/bag_5.mcap,1304597,23ed47eed8df722753154b9e7496b192b000781475330a0046d77ec9e66727c8,original log/config
2,20261008_183952_scenario2_5524df,/home/imac/ros2_ws/drive_batches/20261008_183952_scenario2_5524df/bag/bag_0.mcap,1293161,ad602600c30f1c3f526b3eadfeacfa5daebd2df14eaba6e72cff1ea5410a6b06,original log/config
2,20261008_183952_scenario2_5524df,/home/imac/ros2_ws/drive_batches/20261008_183952_scenario2_5524df/bag/bag_10.mcap,1262249,280dfdb825896de2e20400a7ded674adaf7e4a4d0f61723a18187a5ce085d3ea,original log/config
2,20261008_183952_scenario2_5524df,/home/imac/ros2_ws/drive_batches/20261008_183952_scenario2_5524df/bag/bag_9.mcap,1101198,741534312d2e49413f1a82ecd01e987633d008b1f6d6886c1b8784d04ba7d05c,original log/config
2,20261008_183952_scenario2_5524df,/home/imac/ros2_ws/drive_batches/20261008_183952_scenario2_5524df/bag/bag_12.mcap,187523,8c550c2c46f4452b9ed37da6480716d53a9902b814fad891d43333f4332dbc59,original log/config
2,20261008_183952_scenario2_5524df,/home/imac/ros2_ws/drive_batches/20261008_183952_scenario2_5524df/bag/bag_11.mcap,1370339,b4ce5cbc58243e3e61c361e7a3869cadb4a302be22df0c3a51a906b2d3495bb8,original log/config
2,20261008_183952_scenario2_5524df,/home/imac/ros2_ws/drive_batches/20261008_183952_scenario2_5524df/bag/bag_1.mcap,1185847,c54ae94b7d733790aac088076d0d4d449a1c083f1dd84a26b9eb0937aa28fe1c,original log/config
2,20261008_183952_scenario2_5524df,/home/imac/ros2_ws/drive_batches/20261008_183952_scenario2_5524df/bag/metadata.yaml,10625,6fecabd63af521b82edb0c608d00ad5e265802b91a32476aec0f17845eac21d8,original log/config
2,20261008_183952_scenario2_5524df,/home/imac/ros2_ws/drive_batches/20261008_183952_scenario2_5524df/bag/bag_7.mcap,1057593,194f5e8918f5f1655b5eea4c6ec43fb581f8bb404efbbb9b0fe71b789ed210ed,original log/config
2,20261008_183952_scenario2_5524df,/home/imac/ros2_ws/drive_batches/20261008_183952_scenario2_5524df/bag/bag_8.mcap,1397993,992103238c45919f1950f3c25cfae9107c764db2179afc4526c7f1d3db6a2a57,original log/config
2,20261008_183952_scenario2_5524df,/home/imac/ros2_ws/drive_batches/20261008_183952_scenario2_5524df/bag/bag_2.mcap,1010687,dcdbca61984528d635404cdd72f0c1ab9fc79f5adac9b4acc5ebd2e82d120e54,original log/config
2,20261008_183952_scenario2_5524df,/home/imac/ros2_ws/drive_batches/20261008_183952_scenario2_5524df/bag/bag_4.mcap,1151881,9ed478ff1f040ce65125dd4bd8707811545208c492543c584fbd69d93cc6dbde,original log/config
2,20261008_183952_scenario2_5524df,/home/imac/ros2_ws/drive_batches/20261008_183952_scenario2_5524df/bag/bag_6.mcap,1269534,d9b93c04d90a73ba5a0aaec1e62c1bc89d3284c71f35db430cf347409518271a,original log/config
2,20261008_183952_scenario2_5524df,/home/imac/ros2_ws/drive_batches/20261008_183952_scenario2_5524df/effective_config.yaml,9104,e6f036ffbaf5e6e84d589ead9b999581e8bc1dcc2aa4757b91bb45711876b2ff,original log/config
2,20261008_183952_scenario2_5524df,/home/imac/ros2_ws/drive_batches/20261008_183952_scenario2_5524df/controllers.log,739761,5c487f2b8f12bd28feea7bc407a768fb66ce0e6f893c25de74ab61a0d7f92cd8,original log/config
2,20261008_183952_scenario2_5524df,/home/imac/ros2_ws/drive_batches/20261008_183952_scenario2_5524df/session_result.json,827,c2023f04fa60fa835b61c7edf8bbe0e40357201995f95955da503fd9780c1a9e,original log/config
3,20261008_185426_scenario3_72c4df,/home/imac/ros2_ws/drive_batches/20261008_185426_scenario3_72c4df/bag/bag_3.mcap,1294231,9115e35b2af060c49338a0bf778601614d9a2afdd46a5b2f34a8193fb9ca444d,original log/config
3,20261008_185426_scenario3_72c4df,/home/imac/ros2_ws/drive_batches/20261008_185426_scenario3_72c4df/bag/bag_5.mcap,1307880,f18661344e95e2c946f5bc28543faf5d5d3de237ba695ae0eb74efce9d55125f,original log/config
3,20261008_185426_scenario3_72c4df,/home/imac/ros2_ws/drive_batches/20261008_185426_scenario3_72c4df/bag/bag_0.mcap,1229976,053d4fb3ae346ca5854412ca783df9fa4e6c5b48728056e73d0775f263aa2c20,original log/config
3,20261008_185426_scenario3_72c4df,/home/imac/ros2_ws/drive_batches/20261008_185426_scenario3_72c4df/bag/bag_9.mcap,784436,3bbac8e7201d59725505ef71eebdcaa0528f22bc276aaaadc2260f8850338cc8,original log/config
3,20261008_185426_scenario3_72c4df,/home/imac/ros2_ws/drive_batches/20261008_185426_scenario3_72c4df/bag/bag_1.mcap,1307822,2395b51dc769d08c92dad3d350b1662260aafa8b2f7b82b120ade3db388c38db,original log/config
3,20261008_185426_scenario3_72c4df,/home/imac/ros2_ws/drive_batches/20261008_185426_scenario3_72c4df/bag/metadata.yaml,10338,0c9bd19bbb7999d585a497ce5e07d870e2e4724fa2038540b71df4d2b88f74c5,original log/config
3,20261008_185426_scenario3_72c4df,/home/imac/ros2_ws/drive_batches/20261008_185426_scenario3_72c4df/bag/bag_7.mcap,1290943,fc4b454e0aed524d16fd61d105ac50b02e42a95c5d53e4351909e1fb35e97891,original log/config
3,20261008_185426_scenario3_72c4df,/home/imac/ros2_ws/drive_batches/20261008_185426_scenario3_72c4df/bag/bag_8.mcap,1311739,5a34dc5a51adfb698fa1b0f540f3e6b3d7686f1b7e2abe7f9d219f5ff297f2d1,original log/config
3,20261008_185426_scenario3_72c4df,/home/imac/ros2_ws/drive_batches/20261008_185426_scenario3_72c4df/bag/bag_2.mcap,1297607,2c19942864a01cffa7dafccad73882371056aae1df22bcf48e5215558f3ad2a4,original log/config
3,20261008_185426_scenario3_72c4df,/home/imac/ros2_ws/drive_batches/20261008_185426_scenario3_72c4df/bag/bag_4.mcap,1295465,43a7314bfba595f4af34a0e35c3b868b70535cc0f8c84e3ee55f10ecb0c29861,original log/config
3,20261008_185426_scenario3_72c4df,/home/imac/ros2_ws/drive_batches/20261008_185426_scenario3_72c4df/bag/bag_6.mcap,1278691,c51004fa8de0e10cfca8deb03ebf6e2107ac3eddbd6f496137cb8fdfcc9db113,original log/config
3,20261008_185426_scenario3_72c4df,/home/imac/ros2_ws/drive_batches/20261008_185426_scenario3_72c4df/effective_config.yaml,9104,b46aa1695f18bcb40d4eb96cb6978068c9687dcaa39d6a0efb7e9c43f0a18bdc,original log/config
3,20261008_185426_scenario3_72c4df,/home/imac/ros2_ws/drive_batches/20261008_185426_scenario3_72c4df/controllers.log,309517,d40e6f04b956e0190468be60d216636324f2a0f051d7f94d98a105b3085e7fba,original log/config
3,20261008_185426_scenario3_72c4df,/home/imac/ros2_ws/drive_batches/20261008_185426_scenario3_72c4df/session_result.json,825,1709eb8411a48d858487c2a016f6bede305fe2a79e7ffff3a695489630b02e41,original log/config
