file,archive_path,bytes,sha256
/home/imac/ros2_ws/drive_batches/20261008_055617_scenario3_73cb2c/bag/bag_3.mcap,drive_batches/20261008_055617_scenario3_73cb2c/bag/bag_3.mcap,746142,54e3c48a1755ec5a179c4e14d8207d86dc9aa0038335bcc8510bece3ba0fa1c3
/home/imac/ros2_ws/drive_batches/20261008_055617_scenario3_73cb2c/bag/bag_5.mcap,drive_batches/20261008_055617_scenario3_73cb2c/bag/bag_5.mcap,748766,5aa1a9115f9e641e33ea1d7c8ea7050919d3f980ca6728e95162e22142b7210a
/home/imac/ros2_ws/drive_batches/20261008_055617_scenario3_73cb2c/bag/bag_0.mcap,drive_batches/20261008_055617_scenario3_73cb2c/bag/bag_0.mcap,1190387,6977525b1a9bad89f68ad31f93df2e55a8af5645e10144dc12db1587670bd3ed
/home/imac/ros2_ws/drive_batches/20261008_055617_scenario3_73cb2c/bag/bag_1.mcap,drive_batches/20261008_055617_scenario3_73cb2c/bag/bag_1.mcap,742660,082d4931605eabdd04705e86076affd79e23321ccdf417040826c4f4ee0e4388
/home/imac/ros2_ws/drive_batches/20261008_055617_scenario3_73cb2c/bag/metadata.yaml,drive_batches/20261008_055617_scenario3_73cb2c/bag/metadata.yaml,9762,535fd1e38d50a1a11989bbbb475eef6c19903b23acbefa575691ed444c9fc904
/home/imac/ros2_ws/drive_batches/20261008_055617_scenario3_73cb2c/bag/bag_2.mcap,drive_batches/20261008_055617_scenario3_73cb2c/bag/bag_2.mcap,733113,436a8851c6300b33c595a03eb215071d50712eefb7ee470fef49537816e890f4
/home/imac/ros2_ws/drive_batches/20261008_055617_scenario3_73cb2c/bag/bag_4.mcap,drive_batches/20261008_055617_scenario3_73cb2c/bag/bag_4.mcap,752525,d608b445bac9426f329e057e1cd1be87475d287fbf91fa124005fe8cc46d8bf6
/home/imac/ros2_ws/drive_batches/20261008_055617_scenario3_73cb2c/bag/bag_6.mcap,drive_batches/20261008_055617_scenario3_73cb2c/bag/bag_6.mcap,150313,8dd74abf3044068beba04e7ceb9c152137220d74bc734478efc552693db65dce
/home/imac/ros2_ws/drive_batches/20261008_055617_scenario3_73cb2c/effective_config.yaml,drive_batches/20261008_055617_scenario3_73cb2c/effective_config.yaml,9032,93e3d8d5dfdb74d69c4bacfe9de5d82099412c33a950efeebacba6c8aa8ccc7d
/home/imac/ros2_ws/drive_batches/20261008_055617_scenario3_73cb2c/manifest.json,drive_batches/20261008_055617_scenario3_73cb2c/manifest.json,1757,8d2b165f89ce7eea75dbda3d7cc1aeadbb364d74bb9597981d6a94f2ab51f06a
/home/imac/ros2_ws/drive_batches/20261008_055617_scenario3_73cb2c/session_result.json,drive_batches/20261008_055617_scenario3_73cb2c/session_result.json,819,19dcd9a92d30e2525601ff8d308ee549c781ab579241bce9eee6819a739610f3
/home/imac/ros2_ws/drive_batches/20261008_055617_scenario3_73cb2c/controllers.log,drive_batches/20261008_055617_scenario3_73cb2c/controllers.log,173530,5491be5c8e36a56f7683950eb59ae1be85631d6b066e0b9a6c36d686d47a619b
/home/imac/ros2_ws/drive_batches/20261008_055617_scenario3_73cb2c/recorder.log,drive_batches/20261008_055617_scenario3_73cb2c/recorder.log,2796,473f3fd4d882ca1aaf8e8151e08664de0390f2e072600ab97efd4dd243a22be2
/home/imac/ros2_ws/drive_batches/20261008_055617_scenario3_73cb2c/results/20261008_055619_515fea9d78/summary.csv,drive_batches/20261008_055617_scenario3_73cb2c/results/20261008_055619_515fea9d78/summary.csv,1228,384e624d7cd481892f6487c8461aebde876b026b2d3e09e1eb04e905165e40a3
/home/imac/ros2_ws/drive_batches/20261008_055617_scenario3_73cb2c/results/20261008_055619_515fea9d78/settings.json,drive_batches/20261008_055617_scenario3_73cb2c/results/20261008_055619_515fea9d78/settings.json,903,427268bf73b7271f41179fc4f585c732dc30adf6fe5835bdbfd1af26861424c7
/home/imac/ros2_ws/drive_batches/20261008_062606_scenario3_5cea23/bag/bag_3.mcap,drive_batches/20261008_062606_scenario3_5cea23/bag/bag_3.mcap,1245449,433fec264da9bf83ea47197543b1744973203e9d2e9dc5bc6a6132f28bd3e111
/home/imac/ros2_ws/drive_batches/20261008_062606_scenario3_5cea23/bag/bag_5.mcap,drive_batches/20261008_062606_scenario3_5cea23/bag/bag_5.mcap,1222056,719318bab49d0bf8c92e1bb5f52fd0a43d595a802e157b47348d182e519c1130
/home/imac/ros2_ws/drive_batches/20261008_062606_scenario3_5cea23/bag/bag_0.mcap,drive_batches/20261008_062606_scenario3_5cea23/bag/bag_0.mcap,1244550,8e97796887a33b2c2880489c32273cfbd6fe87e84ecf9693975939b14d3b5015
/home/imac/ros2_ws/drive_batches/20261008_062606_scenario3_5cea23/bag/bag_9.mcap,drive_batches/20261008_062606_scenario3_5cea23/bag/bag_9.mcap,980704,6ec73bdd8307aef7c35b4a9a1a38ac8fafbf092c9e0dbfc72ce4986ba7362d63
/home/imac/ros2_ws/drive_batches/20261008_062606_scenario3_5cea23/bag/bag_1.mcap,drive_batches/20261008_062606_scenario3_5cea23/bag/bag_1.mcap,1245729,ca0aabdd90f050f630c47751cb883e6d52f3a534c07773edd778d94b2bd0ff22
/home/imac/ros2_ws/drive_batches/20261008_062606_scenario3_5cea23/bag/metadata.yaml,drive_batches/20261008_062606_scenario3_5cea23/bag/metadata.yaml,10338,e89c7c95bb868c4ff24bd37e7064fbed26d8a641bd6085622fba54afe01e4ace
/home/imac/ros2_ws/drive_batches/20261008_062606_scenario3_5cea23/bag/bag_7.mcap,drive_batches/20261008_062606_scenario3_5cea23/bag/bag_7.mcap,1274665,bacc6b605b7bcfa6bc81f7c3886467352fa4ccc3d28a7ecdad7c604ba4e41a92
/home/imac/ros2_ws/drive_batches/20261008_062606_scenario3_5cea23/bag/bag_8.mcap,drive_batches/20261008_062606_scenario3_5cea23/bag/bag_8.mcap,1244499,d0f465f6d89a576096d9eb34dc2faee7e150e596510699b20ec3b34f6b68d45e
/home/imac/ros2_ws/drive_batches/20261008_062606_scenario3_5cea23/bag/bag_2.mcap,drive_batches/20261008_062606_scenario3_5cea23/bag/bag_2.mcap,1230510,49674165fb7dacae499923d41b1f15e4a3e10d23b3414d9e6ec341b2ce0d9285
/home/imac/ros2_ws/drive_batches/20261008_062606_scenario3_5cea23/bag/bag_4.mcap,drive_batches/20261008_062606_scenario3_5cea23/bag/bag_4.mcap,1235530,9422921689b6beef353f6cc3f35a1f46b4f0109b30589ef4b05b5cb6f3925064
/home/imac/ros2_ws/drive_batches/20261008_062606_scenario3_5cea23/bag/bag_6.mcap,drive_batches/20261008_062606_scenario3_5cea23/bag/bag_6.mcap,1245619,1423d7dea10d0ea61ba481b3cead6ec2c888cce32a3a4061cd3a7fa538986d30
/home/imac/ros2_ws/drive_batches/20261008_062606_scenario3_5cea23/effective_config.yaml,drive_batches/20261008_062606_scenario3_5cea23/effective_config.yaml,9104,62d0fa35458b9a29022eac40db3dc6658be32fedc9a80f135079e77f33c03f9d
/home/imac/ros2_ws/drive_batches/20261008_062606_scenario3_5cea23/manifest.json,drive_batches/20261008_062606_scenario3_5cea23/manifest.json,1757,ab6a766cdc06e25dcefbbbc782dbf1a06864635512108cccf5a36a5cd51a2a7e
/home/imac/ros2_ws/drive_batches/20261008_062606_scenario3_5cea23/session_result.json,drive_batches/20261008_062606_scenario3_5cea23/session_result.json,823,099b5c5a5c60c445e0bfdef1112dd61e4d4aa2c14f5eb47007d4fd1b6350fcc4
/home/imac/ros2_ws/drive_batches/20261008_062606_scenario3_5cea23/controllers.log,drive_batches/20261008_062606_scenario3_5cea23/controllers.log,306126,2fe4ff2d7fa1bfe80f3a44516302e21295f068cc82cdfadce52036dd3e5f2555
/home/imac/ros2_ws/drive_batches/20261008_062606_scenario3_5cea23/recorder.log,drive_batches/20261008_062606_scenario3_5cea23/recorder.log,3141,75ddca150c6c7b0e5bf74d6d98129c511295410569e178c29d08c02d3118b84e
/home/imac/ros2_ws/drive_batches/20261008_062606_scenario3_5cea23/results/20261008_062609_273af99685/summary.csv,drive_batches/20261008_062606_scenario3_5cea23/results/20261008_062609_273af99685/summary.csv,1318,a95b68d3582240d356aeccf8a115f1a7032e8806e9c0f2d21e0c1466dbd7c238
/home/imac/ros2_ws/drive_batches/20261008_062606_scenario3_5cea23/results/20261008_062609_273af99685/settings.json,drive_batches/20261008_062606_scenario3_5cea23/results/20261008_062609_273af99685/settings.json,939,4a6a15b63d40e950d43936d4a25c862307e3bd72163a00b8de1532ce1a0602ea
/home/imac/ros2_ws/drive_batches/20261008_171225_scenario2_214e7e/bag/bag_0.mcap,drive_batches/20261008_171225_scenario2_214e7e/bag/bag_0.mcap,1321146,d21ba86f715c922edde0268dc185eb072864423f0bbc28b44469a78355e6985b
/home/imac/ros2_ws/drive_batches/20261008_171225_scenario2_214e7e/bag/bag_1.mcap,drive_batches/20261008_171225_scenario2_214e7e/bag/bag_1.mcap,275386,bd91c5ae1397ea07ac0f5cbe1154ec4ee540a084a4a02e4593d1d0844cd7b598
/home/imac/ros2_ws/drive_batches/20261008_171225_scenario2_214e7e/bag/metadata.yaml,drive_batches/20261008_171225_scenario2_214e7e/bag/metadata.yaml,8809,1f2a855ea7ebae5d5ef015fdc90589b171a22697585436e5dc140f14b20bfd6a
/home/imac/ros2_ws/drive_batches/20261008_171225_scenario2_214e7e/effective_config.yaml,drive_batches/20261008_171225_scenario2_214e7e/effective_config.yaml,9103,801a112cc0282c4df0527d0ed8a62302ccf65aee98f18c2555762ba24a3d56e9
/home/imac/ros2_ws/drive_batches/20261008_171225_scenario2_214e7e/manifest.json,drive_batches/20261008_171225_scenario2_214e7e/manifest.json,2214,d50313dac2be55ff8ed46ba5e1e2d00bab255adb6d98706c0480bb46717cfffe
/home/imac/ros2_ws/drive_batches/20261008_171225_scenario2_214e7e/session_result.json,drive_batches/20261008_171225_scenario2_214e7e/session_result.json,820,893bdb1f3c5b77280e556996536e88ac6bed75bdc70a845bfc202246aed131c2
/home/imac/ros2_ws/drive_batches/20261008_171225_scenario2_214e7e/controllers.log,drive_batches/20261008_171225_scenario2_214e7e/controllers.log,88500,40e3f9d4375b2a9e5fd602b8f27a130652bbe383f6b0a761c947c0b54be00e0e
/home/imac/ros2_ws/drive_batches/20261008_171225_scenario2_214e7e/recorder.log,drive_batches/20261008_171225_scenario2_214e7e/recorder.log,2221,5ceab2e20005b10e53ef66fd2195856207290e0aaf565d6d5e6f6576d55fd2e8
/home/imac/ros2_ws/drive_batches/20261008_171225_scenario2_214e7e/results/20261008_171228_5a534980c2/summary.csv,drive_batches/20261008_171225_scenario2_214e7e/results/20261008_171228_5a534980c2/summary.csv,270,4000aea47c48a31a80042ae8eb519069645b44eaf18f48223a0dbb84644cc305
/home/imac/ros2_ws/drive_batches/20261008_171225_scenario2_214e7e/results/20261008_171228_5a534980c2/settings.json,drive_batches/20261008_171225_scenario2_214e7e/results/20261008_171228_5a534980c2/settings.json,938,e99f034e0090d627d3a73790f4fea54ff46d2ce8efbd94b3aac751b9cbe02bb4
/home/imac/ros2_ws/drive_batches/20261008_171715_scenario2_592ff2/bag/bag_3.mcap,drive_batches/20261008_171715_scenario2_592ff2/bag/bag_3.mcap,1237036,c90c13c480aa3ca824f35869668d8d71b641a8440fdae837835d41738ddec7e0
/home/imac/ros2_ws/drive_batches/20261008_171715_scenario2_592ff2/bag/bag_5.mcap,drive_batches/20261008_171715_scenario2_592ff2/bag/bag_5.mcap,1187838,a575b960afb46fdd7a996248755d3c43955c2cebf6704e1ea19468b99bdc7911
/home/imac/ros2_ws/drive_batches/20261008_171715_scenario2_592ff2/bag/bag_0.mcap,drive_batches/20261008_171715_scenario2_592ff2/bag/bag_0.mcap,1310667,345febb47ef32e377cc41c4eea374841e215ffe42081b4883a00dddf98ab6bc3
/home/imac/ros2_ws/drive_batches/20261008_171715_scenario2_592ff2/bag/bag_1.mcap,drive_batches/20261008_171715_scenario2_592ff2/bag/bag_1.mcap,1244306,93b320f2e9623320f7f092f4f4285ab1ecb247c60094d815678f2be6836baa22
/home/imac/ros2_ws/drive_batches/20261008_171715_scenario2_592ff2/bag/metadata.yaml,drive_batches/20261008_171715_scenario2_592ff2/bag/metadata.yaml,10142,7f9b5ef2948d9398a44dee6d0a5d11269928566689c34f93b79ebcef923e1719
/home/imac/ros2_ws/drive_batches/20261008_171715_scenario2_592ff2/bag/bag_7.mcap,drive_batches/20261008_171715_scenario2_592ff2/bag/bag_7.mcap,1243064,ffa535ab5d0f27c41647a96a584f6a7690ea967dc30cb3cadea9036a46e54fe7
/home/imac/ros2_ws/drive_batches/20261008_171715_scenario2_592ff2/bag/bag_8.mcap,drive_batches/20261008_171715_scenario2_592ff2/bag/bag_8.mcap,346880,1b882f2f4c07577182741ad96532e9a5c96ea70b94783fe86abdb0635fbc503c
/home/imac/ros2_ws/drive_batches/20261008_171715_scenario2_592ff2/bag/bag_2.mcap,drive_batches/20261008_171715_scenario2_592ff2/bag/bag_2.mcap,1283189,f85255ca24b497bd19c04bab005a671abfa6feb4c423e20298ce154bb84c256a
/home/imac/ros2_ws/drive_batches/20261008_171715_scenario2_592ff2/bag/bag_4.mcap,drive_batches/20261008_171715_scenario2_592ff2/bag/bag_4.mcap,1115566,c9a75561e6c23783057a42712034d9180e8f07e0b6ce740690bf76a8aa201010
/home/imac/ros2_ws/drive_batches/20261008_171715_scenario2_592ff2/bag/bag_6.mcap,drive_batches/20261008_171715_scenario2_592ff2/bag/bag_6.mcap,1339172,12a015ec405efa38060dfa42233a855f1e55e1014e87c4ca2f06e881cc6a38ca
/home/imac/ros2_ws/drive_batches/20261008_171715_scenario2_592ff2/effective_config.yaml,drive_batches/20261008_171715_scenario2_592ff2/effective_config.yaml,9104,7f4f28feb4ba96f02f2a352caf982c5d01c056ac117ab35b68f13092a6f187ba
/home/imac/ros2_ws/drive_batches/20261008_171715_scenario2_592ff2/manifest.json,drive_batches/20261008_171715_scenario2_592ff2/manifest.json,2215,178b3cefec3e6758c036fb5a1500a3238768c87072ba7896a7e4d211bc9e5210
/home/imac/ros2_ws/drive_batches/20261008_171715_scenario2_592ff2/session_result.json,drive_batches/20261008_171715_scenario2_592ff2/session_result.json,826,39618d7ef591874b9415738753793fbaa0b66c12d658d7bfcb56a95dc14bfee3
/home/imac/ros2_ws/drive_batches/20261008_171715_scenario2_592ff2/controllers.log,drive_batches/20261008_171715_scenario2_592ff2/controllers.log,489092,80665b501453ac820f921f78dcef23205213ceebef1118a221d68a254c5abc57
/home/imac/ros2_ws/drive_batches/20261008_171715_scenario2_592ff2/recorder.log,drive_batches/20261008_171715_scenario2_592ff2/recorder.log,3026,958ab7e82f3a6ce006d7c3de03a4a59ca666feb42c9b7722c57400358d712742
/home/imac/ros2_ws/drive_batches/20261008_171715_scenario2_592ff2/results/20261008_171716_f460c981d1/summary.csv,drive_batches/20261008_171715_scenario2_592ff2/results/20261008_171716_f460c981d1/summary.csv,978,8371f266abe252749e90b18b0d08de371f2f6672ce75eaa1c075100a5b2c6893
/home/imac/ros2_ws/drive_batches/20261008_171715_scenario2_592ff2/results/20261008_171716_f460c981d1/abort.json,drive_batches/20261008_171715_scenario2_592ff2/results/20261008_171716_f460c981d1/abort.json,135,af36fa7dd4e43ba2740279bb8f1828e977692fa8008f2e23724f8ffb3d52dc11
/home/imac/ros2_ws/drive_batches/20261008_171715_scenario2_592ff2/results/20261008_171716_f460c981d1/settings.json,drive_batches/20261008_171715_scenario2_592ff2/results/20261008_171716_f460c981d1/settings.json,939,228e345f3010be7b89b1239187e35fc25adcbf270f606d7ed65981d515138302
/home/imac/ros2_ws/drive_batches/20261008_173306_scenario1_756dad/bag/bag_3.mcap,drive_batches/20261008_173306_scenario1_756dad/bag/bag_3.mcap,1185022,f74f7455866bb48a5a8e26bf501a59a15aebcdd9725eeb63bb9772a1312476f4
/home/imac/ros2_ws/drive_batches/20261008_173306_scenario1_756dad/bag/bag_5.mcap,drive_batches/20261008_173306_scenario1_756dad/bag/bag_5.mcap,572272,0925bf2e2d24f90952305fa54f72e8293e9c6ed4a51a6664b36d7dad0297a4f1
/home/imac/ros2_ws/drive_batches/20261008_173306_scenario1_756dad/bag/bag_0.mcap,drive_batches/20261008_173306_scenario1_756dad/bag/bag_0.mcap,1172712,d60b08e0e3cffefd83ccfd52ed5e1b71bc8252078f7b940d05cdc46d180fc922
/home/imac/ros2_ws/drive_batches/20261008_173306_scenario1_756dad/bag/bag_10.mcap,drive_batches/20261008_173306_scenario1_756dad/bag/bag_10.mcap,396285,0a996f2bf7955029c8eda9996b10048732ca892e54c588806dd89a1a23d3812e
/home/imac/ros2_ws/drive_batches/20261008_173306_scenario1_756dad/bag/bag_9.mcap,drive_batches/20261008_173306_scenario1_756dad/bag/bag_9.mcap,1063715,114f3e5c770b9e74c467801ec23b5f82131616356ac63405b88c41208c3bc7ca
/home/imac/ros2_ws/drive_batches/20261008_173306_scenario1_756dad/bag/bag_1.mcap,drive_batches/20261008_173306_scenario1_756dad/bag/bag_1.mcap,1220577,23518ca8661f2c3d3620aab25d4fa710e77dda5e0e08fd157aaf025258940c44
/home/imac/ros2_ws/drive_batches/20261008_173306_scenario1_756dad/bag/metadata.yaml,drive_batches/20261008_173306_scenario1_756dad/bag/metadata.yaml,10524,c897017ee412ba7c52fb915d0942c9ea23ddba0aaca405df45657f8b4af2d2f8
/home/imac/ros2_ws/drive_batches/20261008_173306_scenario1_756dad/bag/bag_7.mcap,drive_batches/20261008_173306_scenario1_756dad/bag/bag_7.mcap,546886,261c202806d1063063ed92f69436cf6bf25c6f182e1f021c270ade1751e78a9c
/home/imac/ros2_ws/drive_batches/20261008_173306_scenario1_756dad/bag/bag_8.mcap,drive_batches/20261008_173306_scenario1_756dad/bag/bag_8.mcap,559903,f4ac054d38c047b25fc74e27e6dec3233f76e07fbf9105971586aecb9ad4edb1
/home/imac/ros2_ws/drive_batches/20261008_173306_scenario1_756dad/bag/bag_2.mcap,drive_batches/20261008_173306_scenario1_756dad/bag/bag_2.mcap,1228612,0889108fbed0a92ae6e53a7160f1bb4fedaa7c3e57493eaafbc2b7150f87b94c
/home/imac/ros2_ws/drive_batches/20261008_173306_scenario1_756dad/bag/bag_4.mcap,drive_batches/20261008_173306_scenario1_756dad/bag/bag_4.mcap,574239,1a4f4c0d6c42a468e2465de2ee9cfd3126bdf1fb17fdec643d288153dfc56116
/home/imac/ros2_ws/drive_batches/20261008_173306_scenario1_756dad/bag/bag_6.mcap,drive_batches/20261008_173306_scenario1_756dad/bag/bag_6.mcap,571383,439dc8644f25a072c835e5ebfe4d5181d11ab0d2b47ceba933ffd42740696778
/home/imac/ros2_ws/drive_batches/20261008_173306_scenario1_756dad/effective_config.yaml,drive_batches/20261008_173306_scenario1_756dad/effective_config.yaml,9104,4fa658e87c7aacaafd6222dc7e8a74b46b498070712509e61aa08f523550efcc
/home/imac/ros2_ws/drive_batches/20261008_173306_scenario1_756dad/manifest.json,drive_batches/20261008_173306_scenario1_756dad/manifest.json,2215,25e984c3eea918762e3bdf2aaa92e3aaeac99c42f28b20512dcdfdc234e55280
/home/imac/ros2_ws/drive_batches/20261008_173306_scenario1_756dad/session_result.json,drive_batches/20261008_173306_scenario1_756dad/session_result.json,823,33563dfa4f1d44b90fdfeca3ca9e50f960db06fb820e6156700de5b6045d13ff
/home/imac/ros2_ws/drive_batches/20261008_173306_scenario1_756dad/controllers.log,drive_batches/20261008_173306_scenario1_756dad/controllers.log,220345,15c9c30e7df9900b98c4cf84faa746f38ca8f595c8ae514b2378c81fdaa5f1fd
/home/imac/ros2_ws/drive_batches/20261008_173306_scenario1_756dad/recorder.log,drive_batches/20261008_173306_scenario1_756dad/recorder.log,3256,16d2ddfdfd57a49c478a133039b44b6bf79117ae3d1964f3476abf084116f0d1
/home/imac/ros2_ws/drive_batches/20261008_173306_scenario1_756dad/results/20261008_173308_20bccc8584/summary.csv,drive_batches/20261008_173306_scenario1_756dad/results/20261008_173308_20bccc8584/summary.csv,1333,61343e89c58b337eef6e5bccc8d470dfb90db0d5f5c67fed89805aae9da641aa
/home/imac/ros2_ws/drive_batches/20261008_173306_scenario1_756dad/results/20261008_173308_20bccc8584/settings.json,drive_batches/20261008_173306_scenario1_756dad/results/20261008_173308_20bccc8584/settings.json,939,a63baea6ed5c815b089ea52a36ac08e5b5deeeb5e9861d536634f6d51f51a7b2
/home/imac/ros2_ws/drive_batches/20261008_182344_scenario1_0cefb5/bag/bag_3.mcap,drive_batches/20261008_182344_scenario1_0cefb5/bag/bag_3.mcap,1192256,513bacf00f2741eb734a6a8d3c628474c60cc07bab3e3f697a23097d75cfe9d9
/home/imac/ros2_ws/drive_batches/20261008_182344_scenario1_0cefb5/bag/bag_5.mcap,drive_batches/20261008_182344_scenario1_0cefb5/bag/bag_5.mcap,1162051,4ea2b1ec4712148fb51aa3ba66818b0ba71b953159d351f381794d77e44b0341
/home/imac/ros2_ws/drive_batches/20261008_182344_scenario1_0cefb5/bag/bag_0.mcap,drive_batches/20261008_182344_scenario1_0cefb5/bag/bag_0.mcap,1178517,3aa50b3cc848c5bcf8ee2b4b90bb2dcdf34eeb75f8dcf6f196f7e9a8f71e75b1
/home/imac/ros2_ws/drive_batches/20261008_182344_scenario1_0cefb5/bag/bag_10.mcap,drive_batches/20261008_182344_scenario1_0cefb5/bag/bag_10.mcap,986795,28e2f1db3dec8b1604395f163eee303fe9517f3b49d4201ca766706ac9486664
/home/imac/ros2_ws/drive_batches/20261008_182344_scenario1_0cefb5/bag/bag_9.mcap,drive_batches/20261008_182344_scenario1_0cefb5/bag/bag_9.mcap,1249802,c038acf006d2f4c5e5410563c4bec8c97ce916aadb00284b0332de73c0940de5
/home/imac/ros2_ws/drive_batches/20261008_182344_scenario1_0cefb5/bag/bag_1.mcap,drive_batches/20261008_182344_scenario1_0cefb5/bag/bag_1.mcap,1199527,c0e90c4504b77f72e6371a311a7f1c5b828ed7fd696ccf22cbf477d66996d0f6
/home/imac/ros2_ws/drive_batches/20261008_182344_scenario1_0cefb5/bag/metadata.yaml,drive_batches/20261008_182344_scenario1_0cefb5/bag/metadata.yaml,10529,2b50f5243b02e6b128df3b7b5ee019511f87ba04cc88ff014db8c7be2210f42e
/home/imac/ros2_ws/drive_batches/20261008_182344_scenario1_0cefb5/bag/bag_7.mcap,drive_batches/20261008_182344_scenario1_0cefb5/bag/bag_7.mcap,1144403,0b7b103e2dcd443754f059b5fcc62f5975c13d11c6544c381cfd6344699a1c86
/home/imac/ros2_ws/drive_batches/20261008_182344_scenario1_0cefb5/bag/bag_8.mcap,drive_batches/20261008_182344_scenario1_0cefb5/bag/bag_8.mcap,1247861,a0f60d3bf9dd80b8653e93e0a9278c60d961439da5ce749668e97a44a56973af
/home/imac/ros2_ws/drive_batches/20261008_182344_scenario1_0cefb5/bag/bag_2.mcap,drive_batches/20261008_182344_scenario1_0cefb5/bag/bag_2.mcap,1241094,37b87e57ed6241a964536e9c58526c1e16b9f6c9575e0e30de7722e3bfcb9238
/home/imac/ros2_ws/drive_batches/20261008_182344_scenario1_0cefb5/bag/bag_4.mcap,drive_batches/20261008_182344_scenario1_0cefb5/bag/bag_4.mcap,1186920,c8cc9c023e4853c0380e29f0bfd6bcbc21033b829c6d744687d240f6b1c6d2cc
/home/imac/ros2_ws/drive_batches/20261008_182344_scenario1_0cefb5/bag/bag_6.mcap,drive_batches/20261008_182344_scenario1_0cefb5/bag/bag_6.mcap,1140247,7f8b83a43f89e553ba83c8d312282306b373407165896e2a151eca0ce97fbac5
/home/imac/ros2_ws/drive_batches/20261008_182344_scenario1_0cefb5/effective_config.yaml,drive_batches/20261008_182344_scenario1_0cefb5/effective_config.yaml,9104,31fa63f2dd8299f8770af335ed0758634156f03f075bb703dce07f000bc64b69
/home/imac/ros2_ws/drive_batches/20261008_182344_scenario1_0cefb5/manifest.json,drive_batches/20261008_182344_scenario1_0cefb5/manifest.json,2215,25e984c3eea918762e3bdf2aaa92e3aaeac99c42f28b20512dcdfdc234e55280
/home/imac/ros2_ws/drive_batches/20261008_182344_scenario1_0cefb5/session_result.json,drive_batches/20261008_182344_scenario1_0cefb5/session_result.json,821,7ef88c97c7ab468cfcd630cf17512ea77490d3e3420876a676a61d95e61bbc9f
/home/imac/ros2_ws/drive_batches/20261008_182344_scenario1_0cefb5/controllers.log,drive_batches/20261008_182344_scenario1_0cefb5/controllers.log,242368,0dd3ac00984119a398c742cfa020d4063babe5363fb066c1aa001138bddec350
/home/imac/ros2_ws/drive_batches/20261008_182344_scenario1_0cefb5/recorder.log,drive_batches/20261008_182344_scenario1_0cefb5/recorder.log,3256,7f53fc000de4fbe6e8825c42a28681be5bd0d321ea3fac2bef8615d8f06d52d1
/home/imac/ros2_ws/drive_batches/20261008_182344_scenario1_0cefb5/results/20261008_182346_bc277f9751/summary.csv,drive_batches/20261008_182344_scenario1_0cefb5/results/20261008_182346_bc277f9751/summary.csv,1300,98c341d43d5563ac19df3c1edcc0a939150cc3f49032aef44f67328c1e60db04
/home/imac/ros2_ws/drive_batches/20261008_182344_scenario1_0cefb5/results/20261008_182346_bc277f9751/settings.json,drive_batches/20261008_182344_scenario1_0cefb5/results/20261008_182346_bc277f9751/settings.json,939,9bb8d1c8edb87dd88a21f0c53e6c98e5d368ad04da30dee41aefb89f4c2f1b22
/home/imac/ros2_ws/drive_batches/20261008_183952_scenario2_5524df/bag/bag_3.mcap,drive_batches/20261008_183952_scenario2_5524df/bag/bag_3.mcap,1228391,21fb680959a5d733bdbbe499a5955a8659e33827958b65aa61119b1cfbf26d23
/home/imac/ros2_ws/drive_batches/20261008_183952_scenario2_5524df/bag/bag_5.mcap,drive_batches/20261008_183952_scenario2_5524df/bag/bag_5.mcap,1304597,23ed47eed8df722753154b9e7496b192b000781475330a0046d77ec9e66727c8
/home/imac/ros2_ws/drive_batches/20261008_183952_scenario2_5524df/bag/bag_0.mcap,drive_batches/20261008_183952_scenario2_5524df/bag/bag_0.mcap,1293161,ad602600c30f1c3f526b3eadfeacfa5daebd2df14eaba6e72cff1ea5410a6b06
/home/imac/ros2_ws/drive_batches/20261008_183952_scenario2_5524df/bag/bag_10.mcap,drive_batches/20261008_183952_scenario2_5524df/bag/bag_10.mcap,1262249,280dfdb825896de2e20400a7ded674adaf7e4a4d0f61723a18187a5ce085d3ea
/home/imac/ros2_ws/drive_batches/20261008_183952_scenario2_5524df/bag/bag_9.mcap,drive_batches/20261008_183952_scenario2_5524df/bag/bag_9.mcap,1101198,741534312d2e49413f1a82ecd01e987633d008b1f6d6886c1b8784d04ba7d05c
/home/imac/ros2_ws/drive_batches/20261008_183952_scenario2_5524df/bag/bag_12.mcap,drive_batches/20261008_183952_scenario2_5524df/bag/bag_12.mcap,187523,8c550c2c46f4452b9ed37da6480716d53a9902b814fad891d43333f4332dbc59
/home/imac/ros2_ws/drive_batches/20261008_183952_scenario2_5524df/bag/bag_11.mcap,drive_batches/20261008_183952_scenario2_5524df/bag/bag_11.mcap,1370339,b4ce5cbc58243e3e61c361e7a3869cadb4a302be22df0c3a51a906b2d3495bb8
/home/imac/ros2_ws/drive_batches/20261008_183952_scenario2_5524df/bag/bag_1.mcap,drive_batches/20261008_183952_scenario2_5524df/bag/bag_1.mcap,1185847,c54ae94b7d733790aac088076d0d4d449a1c083f1dd84a26b9eb0937aa28fe1c
/home/imac/ros2_ws/drive_batches/20261008_183952_scenario2_5524df/bag/metadata.yaml,drive_batches/20261008_183952_scenario2_5524df/bag/metadata.yaml,10625,6fecabd63af521b82edb0c608d00ad5e265802b91a32476aec0f17845eac21d8
/home/imac/ros2_ws/drive_batches/20261008_183952_scenario2_5524df/bag/bag_7.mcap,drive_batches/20261008_183952_scenario2_5524df/bag/bag_7.mcap,1057593,194f5e8918f5f1655b5eea4c6ec43fb581f8bb404efbbb9b0fe71b789ed210ed
/home/imac/ros2_ws/drive_batches/20261008_183952_scenario2_5524df/bag/bag_8.mcap,drive_batches/20261008_183952_scenario2_5524df/bag/bag_8.mcap,1397993,992103238c45919f1950f3c25cfae9107c764db2179afc4526c7f1d3db6a2a57
/home/imac/ros2_ws/drive_batches/20261008_183952_scenario2_5524df/bag/bag_2.mcap,drive_batches/20261008_183952_scenario2_5524df/bag/bag_2.mcap,1010687,dcdbca61984528d635404cdd72f0c1ab9fc79f5adac9b4acc5ebd2e82d120e54
/home/imac/ros2_ws/drive_batches/20261008_183952_scenario2_5524df/bag/bag_4.mcap,drive_batches/20261008_183952_scenario2_5524df/bag/bag_4.mcap,1151881,9ed478ff1f040ce65125dd4bd8707811545208c492543c584fbd69d93cc6dbde
/home/imac/ros2_ws/drive_batches/20261008_183952_scenario2_5524df/bag/bag_6.mcap,drive_batches/20261008_183952_scenario2_5524df/bag/bag_6.mcap,1269534,d9b93c04d90a73ba5a0aaec1e62c1bc89d3284c71f35db430cf347409518271a
/home/imac/ros2_ws/drive_batches/20261008_183952_scenario2_5524df/effective_config.yaml,drive_batches/20261008_183952_scenario2_5524df/effective_config.yaml,9104,e6f036ffbaf5e6e84d589ead9b999581e8bc1dcc2aa4757b91bb45711876b2ff
/home/imac/ros2_ws/drive_batches/20261008_183952_scenario2_5524df/manifest.json,drive_batches/20261008_183952_scenario2_5524df/manifest.json,2215,178b3cefec3e6758c036fb5a1500a3238768c87072ba7896a7e4d211bc9e5210
/home/imac/ros2_ws/drive_batches/20261008_183952_scenario2_5524df/session_result.json,drive_batches/20261008_183952_scenario2_5524df/session_result.json,827,c2023f04fa60fa835b61c7edf8bbe0e40357201995f95955da503fd9780c1a9e
/home/imac/ros2_ws/drive_batches/20261008_183952_scenario2_5524df/controllers.log,drive_batches/20261008_183952_scenario2_5524df/controllers.log,739761,5c487f2b8f12bd28feea7bc407a768fb66ce0e6f893c25de74ab61a0d7f92cd8
/home/imac/ros2_ws/drive_batches/20261008_183952_scenario2_5524df/recorder.log,drive_batches/20261008_183952_scenario2_5524df/recorder.log,3486,8ecc7f641f98667f8c9e9567777c6de396c2caa122b467da553672454c016daf
/home/imac/ros2_ws/drive_batches/20261008_183952_scenario2_5524df/results/20261008_183954_4993751b55/summary.csv,drive_batches/20261008_183952_scenario2_5524df/results/20261008_183954_4993751b55/summary.csv,1333,15983f0f55fcb6c0aa601553efb9351e714253271797d9e49de057743625a81a
/home/imac/ros2_ws/drive_batches/20261008_183952_scenario2_5524df/results/20261008_183954_4993751b55/settings.json,drive_batches/20261008_183952_scenario2_5524df/results/20261008_183954_4993751b55/settings.json,939,706df48b01abac969c19cf4726518aaf06a74b7b8388312071a236feaef71e87
/home/imac/ros2_ws/drive_batches/20261008_185426_scenario3_72c4df/bag/bag_3.mcap,drive_batches/20261008_185426_scenario3_72c4df/bag/bag_3.mcap,1294231,9115e35b2af060c49338a0bf778601614d9a2afdd46a5b2f34a8193fb9ca444d
/home/imac/ros2_ws/drive_batches/20261008_185426_scenario3_72c4df/bag/bag_5.mcap,drive_batches/20261008_185426_scenario3_72c4df/bag/bag_5.mcap,1307880,f18661344e95e2c946f5bc28543faf5d5d3de237ba695ae0eb74efce9d55125f
/home/imac/ros2_ws/drive_batches/20261008_185426_scenario3_72c4df/bag/bag_0.mcap,drive_batches/20261008_185426_scenario3_72c4df/bag/bag_0.mcap,1229976,053d4fb3ae346ca5854412ca783df9fa4e6c5b48728056e73d0775f263aa2c20
/home/imac/ros2_ws/drive_batches/20261008_185426_scenario3_72c4df/bag/bag_9.mcap,drive_batches/20261008_185426_scenario3_72c4df/bag/bag_9.mcap,784436,3bbac8e7201d59725505ef71eebdcaa0528f22bc276aaaadc2260f8850338cc8
/home/imac/ros2_ws/drive_batches/20261008_185426_scenario3_72c4df/bag/bag_1.mcap,drive_batches/20261008_185426_scenario3_72c4df/bag/bag_1.mcap,1307822,2395b51dc769d08c92dad3d350b1662260aafa8b2f7b82b120ade3db388c38db
/home/imac/ros2_ws/drive_batches/20261008_185426_scenario3_72c4df/bag/metadata.yaml,drive_batches/20261008_185426_scenario3_72c4df/bag/metadata.yaml,10338,0c9bd19bbb7999d585a497ce5e07d870e2e4724fa2038540b71df4d2b88f74c5
/home/imac/ros2_ws/drive_batches/20261008_185426_scenario3_72c4df/bag/bag_7.mcap,drive_batches/20261008_185426_scenario3_72c4df/bag/bag_7.mcap,1290943,fc4b454e0aed524d16fd61d105ac50b02e42a95c5d53e4351909e1fb35e97891
/home/imac/ros2_ws/drive_batches/20261008_185426_scenario3_72c4df/bag/bag_8.mcap,drive_batches/20261008_185426_scenario3_72c4df/bag/bag_8.mcap,1311739,5a34dc5a51adfb698fa1b0f540f3e6b3d7686f1b7e2abe7f9d219f5ff297f2d1
/home/imac/ros2_ws/drive_batches/20261008_185426_scenario3_72c4df/bag/bag_2.mcap,drive_batches/20261008_185426_scenario3_72c4df/bag/bag_2.mcap,1297607,2c19942864a01cffa7dafccad73882371056aae1df22bcf48e5215558f3ad2a4
/home/imac/ros2_ws/drive_batches/20261008_185426_scenario3_72c4df/bag/bag_4.mcap,drive_batches/20261008_185426_scenario3_72c4df/bag/bag_4.mcap,1295465,43a7314bfba595f4af34a0e35c3b868b70535cc0f8c84e3ee55f10ecb0c29861
/home/imac/ros2_ws/drive_batches/20261008_185426_scenario3_72c4df/bag/bag_6.mcap,drive_batches/20261008_185426_scenario3_72c4df/bag/bag_6.mcap,1278691,c51004fa8de0e10cfca8deb03ebf6e2107ac3eddbd6f496137cb8fdfcc9db113
/home/imac/ros2_ws/drive_batches/20261008_185426_scenario3_72c4df/effective_config.yaml,drive_batches/20261008_185426_scenario3_72c4df/effective_config.yaml,9104,b46aa1695f18bcb40d4eb96cb6978068c9687dcaa39d6a0efb7e9c43f0a18bdc
/home/imac/ros2_ws/drive_batches/20261008_185426_scenario3_72c4df/manifest.json,drive_batches/20261008_185426_scenario3_72c4df/manifest.json,2215,c0570ca2a03c0f5ca5f67c6aaedcfc55b048f3eadf727c9eaa14f169ab60e473
/home/imac/ros2_ws/drive_batches/20261008_185426_scenario3_72c4df/session_result.json,drive_batches/20261008_185426_scenario3_72c4df/session_result.json,825,1709eb8411a48d858487c2a016f6bede305fe2a79e7ffff3a695489630b02e41
/home/imac/ros2_ws/drive_batches/20261008_185426_scenario3_72c4df/controllers.log,drive_batches/20261008_185426_scenario3_72c4df/controllers.log,309517,d40e6f04b956e0190468be60d216636324f2a0f051d7f94d98a105b3085e7fba
/home/imac/ros2_ws/drive_batches/20261008_185426_scenario3_72c4df/recorder.log,drive_batches/20261008_185426_scenario3_72c4df/recorder.log,3141,dfe2921611384221dab5e824ed3d4a50ad454ffb7f1a51a8bc0a3d2d8c449658
/home/imac/ros2_ws/drive_batches/20261008_185426_scenario3_72c4df/results/20261008_185428_9758b31a87/summary.csv,drive_batches/20261008_185426_scenario3_72c4df/results/20261008_185428_9758b31a87/summary.csv,1309,e2db934f2ed09354bbb78004d9b9e4e5aaa8e3ddd22f8a54536bd845509eb99d
/home/imac/ros2_ws/drive_batches/20261008_185426_scenario3_72c4df/results/20261008_185428_9758b31a87/settings.json,drive_batches/20261008_185426_scenario3_72c4df/results/20261008_185428_9758b31a87/settings.json,939,3fb698bc9a6161215bf9706d46cc60b55f559b8766e57381b5e393fd2444b192
