file,run_sha256,current_sha256,match
/home/imac/ros2_ws/src/virtual_control/config/tracking_control_split.yaml,b1b984f1f02ca7cf48f587615b7b7afa92c70f23a71f192782a940b57f244776,b1b984f1f02ca7cf48f587615b7b7afa92c70f23a71f192782a940b57f244776,True
/home/imac/ros2_ws/src/virtual_control/config/scenario3_repeat.yaml,c1238c544e3998a30ab48c4ae67c406a4fa44095d062b18b3236633bb2365128,c1238c544e3998a30ab48c4ae67c406a4fa44095d062b18b3236633bb2365128,True
/home/imac/ros2_ws/src/virtual_control/scripts/repeat_drive_session.py,b7010f5da9579b7ace7393924189d7839aedb5f08a49377655c65e9b79a0054b,b7010f5da9579b7ace7393924189d7839aedb5f08a49377655c65e9b79a0054b,True
/home/imac/ros2_ws/src/virtual_control/scripts/knu_batch_runner.py,4ad229ea0ee689e32cb636a6d44550f653b899a257e7d62fdf0cdd9381770cbc,4ad229ea0ee689e32cb636a6d44550f653b899a257e7d62fdf0cdd9381770cbc,True
/home/imac/ros2_ws/src/virtual_control/config/knu_batch.yaml,bb8b482284a440f74fde0724cc9a3c17dcbbb3b5084b3450e402fe324b8e5c23,bb8b482284a440f74fde0724cc9a3c17dcbbb3b5084b3450e402fe324b8e5c23,True
/home/imac/ros2_ws/src/virtual_control/data/knu_routes/scenario3.csv,124a75131069c81939f7ecb82d15c5082e74d0035713de2e14a9fbd675c1b90e,124a75131069c81939f7ecb82d15c5082e74d0035713de2e14a9fbd675c1b90e,True
/home/imac/ros2_ws/src/virtual_control/data/knu_routes/knu_start_poses.json,81ab72df02d316750ac6521c85d45e809c210d6282f4d080b25f8cb3472fe837,81ab72df02d316750ac6521c85d45e809c210d6282f4d080b25f8cb3472fe837,True
/home/imac/ros2_ws/install/virtual_control/lib/virtual_control/upper_planner_node,a2c5418e85a5c3ca0fa8afb8226d986824dd4a1d7dac13fa200fdd93677bcacd,a2c5418e85a5c3ca0fa8afb8226d986824dd4a1d7dac13fa200fdd93677bcacd,True
/home/imac/ros2_ws/install/virtual_control/lib/virtual_control/lower_tracking_mpc_node,04c31c5ef5bdf804281a944c17bb4c3fe1e3a738c195573a161e4ac718a2ba55,04c31c5ef5bdf804281a944c17bb4c3fe1e3a738c195573a161e4ac718a2ba55,True
/home/imac/ros2_ws/install/virtual_control/lib/virtual_control/px4_odom_map_bridge,e11055be4490d271e4a6905a2c0349393e5125eed4e662c40363acb30d10ab49,e11055be4490d271e4a6905a2c0349393e5125eed4e662c40363acb30d10ab49,True
